epoch,data_loss,physics_loss,total_loss
1,0.8123869895935059,0.2703186273574829,1.0827056169509888
2,0.7929627895355225,0.2124996930360794,1.0054625272750854
3,0.7751080393791199,0.1632145494222641,0.9383226037025452
4,0.7584429383277893,0.1215827614068985,0.8800256848335266
5,0.742572546005249,0.0872841477394104,0.8298566937446594
6,0.7271349430084229,0.06031765788793564,0.7874525785446167
7,0.7118403911590576,0.040593087673187256,0.7524334788322449
8,0.6965184807777405,0.027502896264195442,0.7240213751792908
9,0.6811560392379761,0.019793957471847534,0.700950026512146
10,0.6659213900566101,0.015790412202477455,0.6817117929458618
11,0.6511492729187012,0.013857560232281685,0.6650068163871765
12,0.6372705698013306,0.012796920724213123,0.6500675082206726
13,0.624713122844696,0.011964472010731697,0.636677622795105
14,0.6138072609901428,0.011153537780046463,0.6249607801437378
15,0.604717493057251,0.010367674753069878,0.6150851845741272
16,0.5974208116531372,0.009616234339773655,0.6070370674133301
17,0.5917360782623291,0.008828689344227314,0.6005647778511047
18,0.5873833894729614,0.00790921226143837,0.5952926278114319
19,0.5840511322021484,0.006839112378656864,0.5908902287483215
20,0.5814510583877563,0.005704551935195923,0.5871555805206299
21,0.5793548822402954,0.0046518538147211075,0.5840067267417908
22,0.5776084065437317,0.0038282417226582766,0.5814366340637207
23,0.5761272311210632,0.003332353662699461,0.5794596076011658
24,0.5748775601387024,0.003179671010002494,0.5780572295188904
25,0.5738498568534851,0.003289218991994858,0.5771390795707703
26,0.5730355381965637,0.0035046986304223537,0.5765402317047119
27,0.5724130868911743,0.003654418746009469,0.5760675072669983
28,0.5719461441040039,0.0036224990617483854,0.5755686163902283
29,0.5715892910957336,0.0033865589648485184,0.574975848197937
30,0.5712956190109253,0.003005292732268572,0.5743008852005005
31,0.5710247755050659,0.0025753541849553585,0.5736001133918762
32,0.5707486271858215,0.002185471123084426,0.572934091091156
33,0.5704538822174072,0.001886913669295609,0.5723407864570618
34,0.5701413154602051,0.0016881638439372182,0.5718294978141785
35,0.5698227286338806,0.0015692008892074227,0.5713919401168823
36,0.5695152878761292,0.0015016280813142657,0.5710169076919556
37,0.5692355036735535,0.0014629123033955693,0.5706984400749207
38,0.5689934492111206,0.0014408063143491745,0.5704342722892761
39,0.5687896013259888,0.0014298135647550225,0.5702193975448608
40,0.5686160326004028,0.00142475008033216,0.570040762424469
41,0.5684607625007629,0.0014169185888022184,0.5698776841163635
42,0.5683133602142334,0.001395497121848166,0.5697088837623596
43,0.5681686401367188,0.0013525187969207764,0.5695211887359619
44,0.5680264830589294,0.0012874417006969452,0.5693139433860779
45,0.5678892731666565,0.0012081405147910118,0.5690973997116089
46,0.5677585005760193,0.0011278231395408511,0.5688863396644592
47,0.5676325559616089,0.0010596730280667543,0.5686922073364258
48,0.5675068497657776,0.001011802931316197,0.5685186386108398
49,0.5673765540122986,0.0009847072651609778,0.5683612823486328
50,0.5672392845153809,0.000972198904491961,0.5682114958763123
51,0.5670971274375916,0.0009650705615058541,0.5680621862411499
52,0.5669562220573425,0.0009552279370836914,0.5679114460945129
53,0.5668238401412964,0.0009381657582707703,0.567762017250061
54,0.5667051076889038,0.0009131850092671812,0.5676183104515076
55,0.5666001439094543,0.0008821891970001161,0.5674823522567749
56,0.5665044784545898,0.00084824173245579,0.5673527121543884
57,0.5664105415344238,0.0008145968313328922,0.5672251582145691
58,0.5663114190101624,0.0007842224440537393,0.5670956373214722
59,0.5662029981613159,0.0007595382630825043,0.5669625401496887
60,0.5660849213600159,0.0007422281778417528,0.5668271780014038
61,0.5659593343734741,0.0007331211236305535,0.5666924715042114
62,0.5658285617828369,0.0007320137228816748,0.5665605664253235
63,0.565694272518158,0.0007374353590421379,0.5664317011833191
64,0.565557062625885,0.0007467114483006299,0.5663037896156311
65,0.565417468547821,0.0007567377761006355,0.5661742091178894
66,0.5652765035629272,0.0007653009961359203,0.5660418272018433
67,0.5651364922523499,0.0007720566936768591,0.5659085512161255
68,0.5649994015693665,0.0007782551110722125,0.5657776594161987
69,0.5648664236068726,0.0007852688431739807,0.5656517148017883
70,0.5647371411323547,0.0007931471336632967,0.5655303001403809
71,0.5646098852157593,0.0008005246054381132,0.5654104351997375
72,0.5644829869270325,0.0008059287793003023,0.5652889013290405
73,0.5643554329872131,0.0008090406772680581,0.5651644468307495
74,0.5642274022102356,0.0008105557644739747,0.5650379657745361
75,0.5640997290611267,0.0008109440677799284,0.5649106502532959
76,0.5639728307723999,0.0008097251993604004,0.5647825598716736
77,0.5638465285301208,0.0008062490960583091,0.5646528005599976
78,0.5637203454971313,0.0008010725723579526,0.5645214319229126
79,0.5635936260223389,0.000796147680375725,0.5643897652626038
80,0.5634660720825195,0.0007933584856800735,0.56425940990448
81,0.5633375644683838,0.0007929755956865847,0.5641305446624756
82,0.5632084012031555,0.000793744227848947,0.5640021562576294
83,0.563078761100769,0.0007943582022562623,0.5638731122016907
84,0.5629489421844482,0.0007945345132611692,0.5637434720993042
85,0.5628194808959961,0.0007947516860440373,0.5636142492294312
86,0.5626905560493469,0.0007954395259730518,0.5634859800338745
87,0.5625620484352112,0.0007966634002514184,0.563358724117279
88,0.5624335408210754,0.000798287452198565,0.5632318258285522
89,0.5623043179512024,0.0008001479436643422,0.5631044507026672
90,0.5621741414070129,0.000802225957158953,0.5629763603210449
91,0.5620430707931519,0.0008048717863857746,0.5628479719161987
92,0.5619117617607117,0.0008086613961495459,0.5627204179763794
93,0.5617806911468506,0.0008137591648846865,0.562594473361969
94,0.5616501569747925,0.000819623121060431,0.5624697804450989
95,0.5615198612213135,0.000825677823740989,0.562345564365387
96,0.5613895654678345,0.0008321356144733727,0.5622217059135437
97,0.5612590909004211,0.0008397980127483606,0.5620988607406616
98,0.5611281991004944,0.0008491382468491793,0.5619773268699646
99,0.560996949672699,0.0008599011925980449,0.5618568658828735
100,0.5608656406402588,0.0008715260773897171,0.5617371797561646
101,0.5607349872589111,0.0008836047491058707,0.5616185665130615
102,0.560605525970459,0.0008958878461271524,0.5615014433860779
103,0.5604778528213501,0.0009081371244974434,0.561385989189148
104,0.5603519678115845,0.000920202408451587,0.561272144317627
105,0.560227632522583,0.0009322544792667031,0.5611599087715149
106,0.5601046681404114,0.0009447511984035373,0.5610494017601013
107,0.5599827766418457,0.0009580321493558586,0.5609408020973206
108,0.559861958026886,0.000972078472841531,0.5608340501785278
109,0.559742271900177,0.0009868150809779763,0.5607290863990784
110,0.5596235990524292,0.0010024114744737744,0.5606260299682617
111,0.5595058798789978,0.0010190416360273957,0.5605249404907227
112,0.5593892335891724,0.0010366004426032305,0.5604258179664612
113,0.5592737793922424,0.0010548775317147374,0.5603286623954773
114,0.559159517288208,0.0010737889679148793,0.5602332949638367
115,0.5590468049049377,0.001093290513381362,0.560140073299408
116,0.558935821056366,0.0011132352519780397,0.5600490570068359
117,0.5588266253471375,0.0011333855800330639,0.5599600076675415
118,0.5587193965911865,0.0011534724617376924,0.5598728656768799
119,0.5586143732070923,0.0011732167331501842,0.5597875714302063
120,0.5585118532180786,0.0011923295678570867,0.5597041845321655
121,0.5584119558334351,0.001210572081618011,0.5596225261688232
122,0.5583148002624512,0.0012278943322598934,0.559542715549469
123,0.5582200288772583,0.001244454295374453,0.5594644546508789
124,0.5581274032592773,0.0012604525545611978,0.5593878626823425
125,0.558036744594574,0.0012759801466017962,0.5593127012252808
126,0.557948112487793,0.001290967222303152,0.5592390894889832
127,0.5578613877296448,0.0013052452122792602,0.5591666102409363
128,0.5577768087387085,0.0013186709256842732,0.5590955018997192
129,0.5576943755149841,0.0013311412185430527,0.5590255260467529
130,0.5576141476631165,0.0013425337383523583,0.5589566826820374
131,0.5575360655784607,0.001352725550532341,0.5588887929916382
132,0.5574603080749512,0.0013615956995636225,0.5588219165802002
133,0.5573868751525879,0.0013690072810277343,0.5587558746337891
134,0.5573157668113708,0.0013748790370300412,0.5586906671524048
135,0.5572469830513,0.0013792224926874042,0.5586262345314026
136,0.5571804642677307,0.001382046495564282,0.5585625171661377
137,0.5571161508560181,0.00138332589995116,0.5584994554519653
138,0.5570539236068726,0.0013831211254000664,0.5584370493888855
139,0.5569936633110046,0.0013816473074257374,0.5583752989768982
140,0.5569350123405457,0.0013791724340990186,0.5583142042160034
141,0.5568777322769165,0.001375886844471097,0.5582536458969116
142,0.5568218231201172,0.001371860271319747,0.5581936836242676
143,0.5567671656608582,0.0013670456828549504,0.5581341981887817
144,0.5567140579223633,0.00136138079687953,0.5580754280090332
145,0.5566622018814087,0.0013549171853810549,0.5580171346664429
146,0.5566115379333496,0.001347792218439281,0.5579593181610107
147,0.556562066078186,0.001340100890956819,0.5579021573066711
148,0.5565136075019836,0.001331879640929401,0.5578454732894897
149,0.5564661026000977,0.001323178643360734,0.5577892661094666
150,0.5564195513725281,0.0013140994124114513,0.5577336549758911
151,0.5563737750053406,0.0013047624379396439,0.5576785206794739
152,0.5563286542892456,0.0012952507240697742,0.5576239228248596
153,0.5562841296195984,0.0012855972163379192,0.5575697422027588
154,0.5562402009963989,0.0012758334632962942,0.5575160384178162
155,0.5561968088150024,0.0012660333886742592,0.5574628710746765
156,0.5561537742614746,0.001256270450539887,0.5574100613594055
157,0.556111216545105,0.0012465451145544648,0.5573577880859375
158,0.556069016456604,0.0012367868330329657,0.5573058128356934
159,0.5560274124145508,0.0012269476428627968,0.5572543740272522
160,0.5559862852096558,0.0012170806294307113,0.5572033524513245
161,0.5559454560279846,0.0012072967365384102,0.5571527481079102
162,0.5559049248695374,0.0011976722162216902,0.557102620601654
163,0.5558645725250244,0.0011882177786901593,0.5570527911186218
164,0.5558245778083801,0.0011789135169237852,0.5570034980773926
165,0.5557848215103149,0.0011697611771523952,0.556954562664032
166,0.5557453036308289,0.0011607818305492401,0.5569061040878296
167,0.5557060241699219,0.0011519616236910224,0.5568580031394958
168,0.5556671023368835,0.00114324945025146,0.5568103790283203
169,0.5556284785270691,0.0011346018873155117,0.5567630529403687
170,0.5555902123451233,0.0011260025203227997,0.5567162036895752
171,0.5555523037910461,0.0011174322571605444,0.5566697120666504
172,0.5555148720741272,0.0011088585015386343,0.5566237568855286
173,0.5554777979850769,0.0011002634419128299,0.5565780401229858
174,0.5554410815238953,0.0010916704777628183,0.5565327405929565
175,0.5554047226905823,0.0010831180261448026,0.5564878582954407
176,0.5553686618804932,0.0010746034095063806,0.5564432740211487
177,0.5553330779075623,0.001066089840605855,0.5563991665840149
178,0.5552977919578552,0.00105756102129817,0.556355357170105
179,0.5552628636360168,0.0010490438435226679,0.5563119053840637
180,0.5552282333374023,0.0010405624052509665,0.5562688112258911
181,0.5551939606666565,0.0010321049485355616,0.5562260746955872
182,0.5551599860191345,0.0010236504022032022,0.5561836361885071
183,0.5551263689994812,0.001015215995721519,0.5561415553092957
184,0.5550930500030518,0.001006842008791864,0.5560998916625977
185,0.5550599694252014,0.0009985503274947405,0.5560585260391235
186,0.5550271272659302,0.0009903375757858157,0.5560174584388733
187,0.554994523525238,0.0009822093416005373,0.5559767484664917
188,0.5549620985984802,0.0009741905378177762,0.5559362769126892
189,0.5549299120903015,0.0009662951342761517,0.5558962225914001
190,0.5548978447914124,0.0009585125371813774,0.5558563470840454
191,0.5548660755157471,0.0009508374496363103,0.5558168888092041
192,0.5548344254493713,0.0009432858787477016,0.5557777285575867
193,0.5548028945922852,0.0009358698735013604,0.5557387471199036
194,0.5547715425491333,0.0009285812266170979,0.5557001233100891
195,0.5547404289245605,0.0009214113815687597,0.5556618571281433
196,0.5547093749046326,0.0009143702336587012,0.5556237697601318
197,0.5546784996986389,0.0009074626723304391,0.5555859804153442
198,0.5546477437019348,0.0009006735635921359,0.5555484294891357
199,0.554617166519165,0.0008939821855165064,0.5555111765861511
200,0.5545867681503296,0.0008873859187588096,0.5554741621017456
201,0.5545565485954285,0.0008808848797343671,0.555437445640564
202,0.5545265078544617,0.0008744645165279508,0.5554009675979614
203,0.5544966459274292,0.0008681074250489473,0.555364727973938
204,0.554466962814331,0.0008618062711320817,0.5553287863731384
205,0.5544374585151672,0.0008555518579669297,0.5552930235862732
206,0.5544081330299377,0.0008493275963701308,0.5552574396133423
207,0.5543790459632874,0.0008431282476522028,0.5552221536636353
208,0.5543501377105713,0.0008369601564481854,0.5551871061325073
209,0.5543214082717896,0.0008308202377520502,0.5551522374153137
210,0.5542929768562317,0.0008246920770034194,0.555117666721344
211,0.5542646646499634,0.0008185691549442708,0.5550832152366638
212,0.554236650466919,0.0008124619489535689,0.5550491213798523
213,0.5542087554931641,0.000806374941021204,0.5550151467323303
214,0.5541810393333435,0.0008003039401955903,0.5549813508987427
215,0.554153561592102,0.0007942513911984861,0.5549477934837341
216,0.5541262030601501,0.0007882275967858732,0.5549144148826599
217,0.5540990829467773,0.0007822372135706246,0.5548813343048096
218,0.5540720820426941,0.0007762813474982977,0.5548483729362488
219,0.5540452599525452,0.0007703679730184376,0.5548156499862671
220,0.5540185570716858,0.0007645034929737449,0.554783046245575
221,0.5539920926094055,0.0007586887222714722,0.5547508001327515
222,0.5539657473564148,0.0007529257563874125,0.5547186732292175
223,0.5539394617080688,0.0007472237921319902,0.5546866655349731
224,0.5539133548736572,0.000741584983188659,0.5546549558639526
225,0.5538874268531799,0.0007360072922892869,0.5546234250068665
226,0.5538615584373474,0.0007304931641556323,0.5545920729637146
227,0.5538358092308044,0.0007250451599247754,0.5545608401298523
228,0.5538102388381958,0.0007196629885584116,0.5545299053192139
229,0.5537847876548767,0.0007143483380787075,0.5544991493225098
230,0.5537594556808472,0.0007091056322678924,0.55446857213974
231,0.5537341833114624,0.0007039332995191216,0.5544381141662598
232,0.5537091493606567,0.0006988279637880623,0.5544079542160034
233,0.5536841750144958,0.0006937942816875875,0.5543779730796814
234,0.5536593198776245,0.0006888341158628464,0.5543481707572937
235,0.5536346435546875,0.0006839442066848278,0.5543186068534851
236,0.5536100268363953,0.0006791246705688536,0.5542891621589661
237,0.5535855889320374,0.0006743780104443431,0.5542599558830261
238,0.5535612106323242,0.0006697062053717673,0.5542309284210205
239,0.5535369515419006,0.0006651094881817698,0.5542020797729492
240,0.5535129308700562,0.0006605905946344137,0.5541735291481018
241,0.5534889698028564,0.0006561468471772969,0.554145097732544
242,0.5534651279449463,0.0006517774309031665,0.5541169047355652
243,0.5534413456916809,0.0006474871188402176,0.554088830947876
244,0.5534178018569946,0.0006432753289118409,0.5540610551834106
245,0.5533943772315979,0.0006391391507349908,0.5540335178375244
246,0.5533710718154907,0.0006350798648782074,0.5540061593055725
247,0.5533478856086731,0.0006310968310572207,0.5539789795875549
248,0.5533248782157898,0.000627188419457525,0.5539520382881165
249,0.553301990032196,0.0006233559688553214,0.5539253354072571
250,0.5532792210578918,0.0006196004687808454,0.553898811340332
251,0.5532566905021667,0.0006159175536595285,0.5538725852966309
252,0.5532341599464417,0.0006123095517978072,0.5538464784622192
253,0.5532118082046509,0.0006087758811190724,0.5538206100463867
254,0.5531896948814392,0.0006053146789781749,0.5537949800491333
255,0.5531676411628723,0.0006019262364134192,0.553769588470459
256,0.5531458258628845,0.0005986096803098917,0.5537444353103638
257,0.5531241297721863,0.0005953625659458339,0.5537195205688477
258,0.5531025528907776,0.0005921857082284987,0.5536947250366211
259,0.5530811548233032,0.0005890776519663632,0.5536702275276184
260,0.5530599355697632,0.0005860355449840426,0.5536459684371948
261,0.5530388355255127,0.0005830593290738761,0.5536218881607056
262,0.5530178546905518,0.0005801476654596627,0.5535979866981506
263,0.5529970526695251,0.0005772981676273048,0.5535743236541748
264,0.5529764294624329,0.0005745096132159233,0.5535509586334229
265,0.5529559254646301,0.0005717792082577944,0.5535277128219604
266,0.5529356002807617,0.0005691053811460733,0.5535047054290771
267,0.5529153347015381,0.0005664859781973064,0.5534818172454834
268,0.5528953075408936,0.0005639197188429534,0.5534592270851135
269,0.5528753995895386,0.0005614043329842389,0.553436815738678
270,0.5528556108474731,0.0005589385982602835,0.553414523601532
271,0.5528358817100525,0.0005565205356106162,0.5533924102783203
272,0.5528163909912109,0.0005541498539969325,0.5533705353736877
273,0.5527969598770142,0.000551824807189405,0.5533487796783447
274,0.5527776479721069,0.0005495449877344072,0.553327202796936
275,0.5527584552764893,0.0005473097553476691,0.5533057451248169
276,0.5527393221855164,0.0005451177712529898,0.5532844662666321
277,0.5527203679084778,0.0005429690354503691,0.5532633662223816
278,0.5527015328407288,0.0005408623837865889,0.5532423853874207
279,0.5526827573776245,0.0005387970013543963,0.553221583366394
280,0.552664041519165,0.0005367728881537914,0.5532008409500122
281,0.5526453852653503,0.0005347887636162341,0.5531801581382751
282,0.5526268482208252,0.0005328443367034197,0.5531597137451172
283,0.5526084303855896,0.0005309389089234173,0.5531393885612488
284,0.5525900721549988,0.0005290710832923651,0.5531191229820251
285,0.552571713924408,0.0005272404523566365,0.5530989766120911
286,0.5525534749031067,0.0005254460847936571,0.5530789494514465
287,0.552535355091095,0.000523686408996582,0.5530590415000916
288,0.5525172352790833,0.0005219607846811414,0.5530391931533813
289,0.5524991750717163,0.0005202673492021859,0.5530194640159607
290,0.5524812340736389,0.0005186050548218191,0.5529998540878296
291,0.5524632930755615,0.0005169723299331963,0.5529802441596985
292,0.5524454116821289,0.0005153679521754384,0.5529607534408569
293,0.5524275302886963,0.0005137912812642753,0.5529413223266602
294,0.552409827709198,0.0005122396978549659,0.5529220700263977
295,0.5523920655250549,0.0005107127944938838,0.5529027581214905
296,0.5523743629455566,0.0005092096980661154,0.5528835654258728
297,0.5523566603660583,0.0005077284295111895,0.5528643727302551
298,0.5523391366004944,0.0005062688724137843,0.5528454184532166
299,0.5523214936256409,0.0005048307357355952,0.5528263449668884
300,0.5523039698600769,0.0005034124478697777,0.5528073906898499
301,0.5522864460945129,0.0005020149401389062,0.5527884364128113
302,0.5522688627243042,0.0005006382125429809,0.5527694821357727
303,0.5522513389587402,0.0004992815083824098,0.5527506470680237
304,0.5522338151931763,0.0004979472723789513,0.5527317523956299
305,0.5522162914276123,0.0004966345150023699,0.5527129173278809
306,0.5521987080574036,0.0004953457973897457,0.5526940822601318
307,0.5521811246871948,0.0004940804792568088,0.552675187587738
308,0.5521635413169861,0.000492841238155961,0.5526564121246338
309,0.5521459579467773,0.0004916281322948635,0.5526375770568848
310,0.5521283149719238,0.0004904420347884297,0.5526187419891357
311,0.5521106123924255,0.00048928550677374,0.5525999069213867
312,0.5520929098129272,0.0004881573549937457,0.5525810718536377
313,0.5520750880241394,0.00048706080997362733,0.5525621771812439
314,0.5520573258399963,0.00048599534784443676,0.5525433421134949
315,0.552039384841919,0.00048496207455173135,0.5525243282318115
316,0.5520214438438416,0.0004839622415602207,0.5525054335594177
317,0.5520034432411194,0.0004829942190553993,0.5524864196777344
318,0.5519852638244629,0.0004820611502509564,0.5524673461914062
319,0.5519670844078064,0.0004811611433979124,0.5524482727050781
320,0.5519487857818604,0.0004802958283107728,0.5524290800094604
321,0.5519304871559143,0.00047946421545930207,0.5524099469184875
322,0.5519120097160339,0.00047866604290902615,0.5523906946182251
323,0.5518934726715088,0.00047790337703190744,0.5523713827133179
324,0.5518748164176941,0.00047717319102957845,0.5523520112037659
325,0.5518560409545898,0.00047647839528508484,0.5523325204849243
326,0.5518372058868408,0.00047581593389622867,0.5523130297660828
327,0.5518181920051575,0.0004751883680000901,0.5522933602333069
328,0.5517991185188293,0.0004745938058476895,0.552273690700531
329,0.5517799258232117,0.0004740330623462796,0.5522539615631104
330,0.5517605543136597,0.0004735065158456564,0.5522340536117554
331,0.5517411231994629,0.0004730127693619579,0.5522141456604004
332,0.5517215132713318,0.00047255464596673846,0.5521940588951111
333,0.5517017841339111,0.00047212844947353005,0.552173912525177
334,0.5516819357872009,0.00047173938946798444,0.5521536469459534
335,0.5516619086265564,0.00047138193622231483,0.5521332621574402
336,0.5516417622566223,0.00047106365673244,0.5521128177642822
337,0.5516214370727539,0.0004707764310296625,0.5520921945571899
338,0.551600992679596,0.0004705304163508117,0.5520715117454529
339,0.5515803098678589,0.0004703162412624806,0.5520506501197815
340,0.551559567451477,0.000470144470455125,0.5520297288894653
341,0.5515385270118713,0.0004700059653259814,0.5520085096359253
342,0.5515174269676208,0.0004699119017459452,0.55198734998703
343,0.5514960885047913,0.00046985154040157795,0.5519659519195557
344,0.5514745116233826,0.0004698391421698034,0.551944375038147
345,0.5514528155326843,0.00046985826338641346,0.5519226789474487
346,0.551430881023407,0.00046993099385872483,0.5519008040428162
347,0.5514087677001953,0.00047003175131976604,0.551878809928894
348,0.5513864159584045,0.00047019499470479786,0.5518566370010376
349,0.5513638854026794,0.00047037587501108646,0.5518342852592468
350,0.5513410568237305,0.00047063655802048743,0.551811695098877
351,0.5513181090354919,0.0004708920605480671,0.5517889857292175
352,0.5512948632240295,0.0004712628142442554,0.5517660975456238
353,0.551271378993988,0.00047157605877146125,0.5517429709434509
354,0.5512476563453674,0.0004720859578810632,0.5517197251319885
355,0.5512237548828125,0.0004724132304545492,0.5516961812973022
356,0.5511993169784546,0.0004731386143248528,0.5516724586486816
357,0.5511752963066101,0.0004733612295240164,0.5516486763954163
358,0.5511499047279358,0.000474520493298769,0.5516244173049927
359,0.5511258840560913,0.0004743260215036571,0.5516002178192139
360,0.5510991215705872,0.0004766330821439624,0.551575779914856
361,0.5510760545730591,0.00047529020230285823,0.551551342010498
362,0.5510460138320923,0.0004816372529603541,0.5515276789665222
363,0.5510275363922119,0.00047893135342746973,0.5515064597129822
364,0.5509882569313049,0.000505667005199939,0.5514939427375793
365,0.5509868860244751,0.0005226347129791975,0.5515094995498657
366,0.5509220361709595,0.0006823023431934416,0.5516043305397034
367,0.5509792566299438,0.0008934567449614406,0.551872730255127
368,0.5508611798286438,0.0013476961757987738,0.5522089004516602
369,0.5509685277938843,0.001187496236525476,0.5521560311317444
370,0.5508217811584473,0.0006685518310405314,0.551490306854248
371,0.5508033037185669,0.0005903177661821246,0.5513936281204224
372,0.5508748888969421,0.0009362383279949427,0.5518110990524292
373,0.5507474541664124,0.0008495247457176447,0.551596999168396
374,0.5507522821426392,0.0004812437400687486,0.5512335300445557
375,0.5507698059082031,0.0006870043580420315,0.5514568090438843
376,0.5506818294525146,0.000823218550067395,0.5515050292015076
377,0.5506935119628906,0.0005004575941711664,0.5511939525604248
378,0.5506803393363953,0.0005555665120482445,0.5512359142303467
379,0.5506067276000977,0.0007549835136160254,0.5513617396354675
380,0.5506242513656616,0.0005331597058102489,0.5511574149131775
381,0.5505892634391785,0.0005041128606535494,0.5510933995246887
382,0.5505275726318359,0.0006898895371705294,0.5512174367904663
383,0.5505458116531372,0.0005600231816060841,0.5511058568954468
384,0.5504988431930542,0.0004919517668895423,0.5509908199310303
385,0.5504509210586548,0.0006266625714488328,0.5510776042938232
386,0.5504674911499023,0.0005737973842769861,0.551041305065155
387,0.5504125356674194,0.0004996834322810173,0.5509122014045715
388,0.5503740310668945,0.0005678272573277354,0.5509418845176697
389,0.5503849387168884,0.000573349476326257,0.5509582757949829
390,0.5503230690956116,0.0005265814834274352,0.5508496761322021
391,0.5502946972846985,0.0005232644616626203,0.5508179664611816
392,0.5502939224243164,0.0005564928869716823,0.5508503913879395
393,0.5502326488494873,0.0005595147958956659,0.5507921576499939
394,0.5502152442932129,0.0005035300273448229,0.5507187843322754
395,0.5501977205276489,0.0005257728043943644,0.5507234930992126
396,0.5501431822776794,0.0005732148420065641,0.5507164001464844
397,0.5501337647438049,0.0005174565012566745,0.5506511926651001
398,0.5500959753990173,0.0005098856636323035,0.550605833530426
399,0.5500525832176208,0.000552196113858372,0.5506047606468201
400,0.550043523311615,0.0005402889219112694,0.5505838394165039
401,0.5499911904335022,0.0005353445885702968,0.5505265593528748
402,0.549963116645813,0.0005228766240179539,0.5504859685897827
403,0.5499419569969177,0.0005326326936483383,0.5504745841026306
404,0.5498902797698975,0.0005620532319881022,0.5504523515701294
405,0.5498742461204529,0.0005320458440110087,0.550406277179718
406,0.5498324632644653,0.0005289498949423432,0.5503613948822021
407,0.5497947931289673,0.0005409959121607244,0.5503357648849487
408,0.549774169921875,0.0005422035465016961,0.5503163933753967
409,0.5497235655784607,0.0005603823810815811,0.5502839684486389
410,0.5497018098831177,0.0005385528784245253,0.5502403378486633
411,0.5496599674224854,0.000539409345947206,0.5501993894577026
412,0.5496230125427246,0.0005454248748719692,0.5501684546470642
413,0.5495967864990234,0.0005458386149257421,0.5501426458358765
414,0.549547553062439,0.0005656681023538113,0.5501132011413574
415,0.549525260925293,0.0005518023972399533,0.5500770807266235
416,0.5494764447212219,0.0005598829593509436,0.5500363111495972
417,0.5494466423988342,0.0005492813652381301,0.5499958992004395
418,0.5494062304496765,0.0005520399427041411,0.5499582886695862
419,0.5493664741516113,0.000557318446226418,0.5499237775802612
420,0.5493341684341431,0.0005570086650550365,0.5498911738395691
421,0.5492862462997437,0.0005727893440052867,0.5498590469360352
422,0.5492597818374634,0.0005674874410033226,0.5498272776603699
423,0.549205482006073,0.0005901340628042817,0.5497956275939941
424,0.5491835474967957,0.0005827134591527283,0.5497662425041199
425,0.54912269115448,0.0006175487069413066,0.5497402548789978
426,0.5491085648536682,0.0006155517767183483,0.5497241020202637
427,0.5490362644195557,0.000684803060721606,0.5497210621833801
428,0.5490396022796631,0.0007127440185286105,0.5497523546218872
429,0.5489465594291687,0.0008680155733600259,0.5498145818710327
430,0.548984169960022,0.0009655214380472898,0.5499497056007385
431,0.5488568544387817,0.0011691638501361012,0.550025999546051
432,0.5489248633384705,0.0011204913025721908,0.550045371055603
433,0.5487776398658752,0.0009811145719140768,0.5497587323188782
434,0.5487971305847168,0.000655186886433512,0.5494523048400879
435,0.5487379431724548,0.000593398988712579,0.5493313670158386
436,0.5486757755279541,0.0007619794341735542,0.5494377613067627
437,0.5486978888511658,0.0008917065570130944,0.5495895743370056
438,0.5486021041870117,0.0009424572926945984,0.5495445728302002
439,0.5486074686050415,0.0007573951734229922,0.5493648648262024
440,0.5485305786132812,0.0006311548058874905,0.5491617321968079
441,0.5484905242919922,0.0006259846850298345,0.5491164922714233
442,0.5484853386878967,0.0007077026530168951,0.5491930246353149
443,0.5483962297439575,0.0008323577931150794,0.5492286086082458
444,0.5484117269515991,0.0007523326785303652,0.5491640567779541
445,0.5483248829841614,0.000685507373418659,0.5490103960037231
446,0.5483009815216064,0.0006005351897329092,0.5489014983177185
447,0.5482644438743591,0.0006159832119010389,0.548880398273468
448,0.5481991767883301,0.0007103793323040009,0.5489095449447632
449,0.5481938719749451,0.0007389304810203612,0.5489327907562256
450,0.5481070876121521,0.0007829834939911962,0.5488900542259216
451,0.5481045246124268,0.0007052863365970552,0.548809826374054
452,0.5480245351791382,0.0006765601574443281,0.5487011075019836
453,0.5479992032051086,0.0006160243647173047,0.5486152172088623
454,0.5479514598846436,0.0006148543325252831,0.5485663414001465
455,0.5478934049606323,0.0006553896819241345,0.5485488176345825
456,0.5478730797767639,0.0006758664385415614,0.5485489368438721
457,0.5477948188781738,0.000754110689740628,0.5485489368438721
458,0.5477887392044067,0.0007690917700529099,0.5485578179359436
459,0.5476943254470825,0.0008506121812388301,0.5485449433326721
460,0.5477028489112854,0.0008371518924832344,0.5485399961471558
461,0.5475943088531494,0.0008883759146556258,0.5484826564788818
462,0.5476099252700806,0.0008099069236777723,0.5484198331832886
463,0.5475042462348938,0.000802475493401289,0.5483067035675049
464,0.547499418258667,0.0007002776255831122,0.5481997132301331
465,0.5474212765693665,0.0006794581422582269,0.5481007099151611
466,0.5473856329917908,0.0006434052484109998,0.5480290651321411
467,0.5473364591598511,0.0006445450126193464,0.5479810237884521
468,0.5472798347473145,0.0006707551656290889,0.5479505658149719
469,0.5472487211227417,0.000689064443577081,0.54793781042099
470,0.547173023223877,0.0007730122306384146,0.547946035861969
471,0.547170102596283,0.0008371544536203146,0.5480072498321533
472,0.5470612645149231,0.0010470118140801787,0.5481082797050476
473,0.547114372253418,0.001232780166901648,0.5483471751213074
474,0.5469487905502319,0.0015086823841556907,0.5484574437141418
475,0.5470541715621948,0.001511303591541946,0.5485654473304749
476,0.546854555606842,0.0012320957612246275,0.5480866432189941
477,0.5468845963478088,0.0007469211705029011,0.5476315021514893
478,0.5468127727508545,0.0006785488221794367,0.5474913120269775
479,0.546728789806366,0.000971679575741291,0.5477004647254944
480,0.5467544198036194,0.0012177799362689257,0.5479722023010254
481,0.5466396808624268,0.0012042029993608594,0.547843873500824
482,0.5466348528862,0.0009215367608703673,0.5475564002990723
483,0.54654860496521,0.0007074198802001774,0.5472560524940491
484,0.5465008020401001,0.0007425521034747362,0.5472433567047119
485,0.5465071797370911,0.0009000487625598907,0.5474072098731995
486,0.5463983416557312,0.001030640909448266,0.5474289655685425
487,0.5464127063751221,0.0008911815821193159,0.5473039150238037
488,0.5463144183158875,0.0007459137705154717,0.5470603108406067
489,0.5462755560874939,0.000666963227558881,0.5469425320625305
490,0.5462426543235779,0.0007350350497290492,0.546977698802948
491,0.5461603999137878,0.0008963802247308195,0.5470567941665649
492,0.5461605787277222,0.0009673359454609454,0.547127902507782
493,0.5460512638092041,0.000991967273876071,0.5470432043075562
494,0.546055018901825,0.0008550193742848933,0.5469100475311279
495,0.5459559559822083,0.0007662747520953417,0.5467222332954407
496,0.5459229350090027,0.0006770093459635973,0.5465999245643616
497,0.545870304107666,0.0006878244457766414,0.546558141708374
498,0.5457921028137207,0.0007843341445550323,0.5465764403343201
499,0.5457770228385925,0.0008528782636858523,0.5466299057006836
500,0.5456788539886475,0.0009881433798000216,0.5466669797897339
501,0.5456832647323608,0.0010742729064077139,0.5467575192451477
502,0.5455596446990967,0.0011897815857082605,0.5467494130134583
503,0.5455983281135559,0.0011774387676268816,0.546775758266449
504,0.5454531311988831,0.0011022997787222266,0.5465554594993591
505,0.5454793572425842,0.0008482986595481634,0.5463276505470276
506,0.5453761219978333,0.0007392449770122766,0.5461153388023376
507,0.5453220009803772,0.0007220331463031471,0.5460440516471863
508,0.5452929139137268,0.00080525764496997,0.5460981726646423
509,0.545205295085907,0.0010008842218667269,0.5462061762809753
510,0.5452057123184204,0.0012055879924446344,0.5464112758636475
511,0.545090913772583,0.0014272204134613276,0.5465181469917297
512,0.5451379418373108,0.0016063305083662271,0.5467442870140076
513,0.5449749827384949,0.0014248009538277984,0.5463997721672058
514,0.5450363755226135,0.0009602474747225642,0.5459966063499451
515,0.544930636882782,0.0007297915872186422,0.5456604361534119
516,0.5448495149612427,0.000889947172254324,0.545739471912384
517,0.544863224029541,0.0011718317400664091,0.5460350513458252
518,0.5447373390197754,0.0013247944880276918,0.5460621118545532
519,0.5447397828102112,0.0012545298086479306,0.5459943413734436
520,0.5446289777755737,0.0010043011279776692,0.5456332564353943
521,0.5445988774299622,0.0007742743473500013,0.5453731417655945
522,0.5445431470870972,0.0007336006383411586,0.5452767610549927
523,0.5444777607917786,0.0008590721990913153,0.5453368425369263
524,0.5444768071174622,0.0009819475235417485,0.5454587340354919
525,0.5443717241287231,0.001101815141737461,0.5454735159873962
526,0.5443757176399231,0.0011083362624049187,0.5454840660095215
527,0.5442601442337036,0.0010724394815042615,0.5453326106071472
528,0.5442518591880798,0.0009606200619600713,0.5452125072479248
529,0.5441516637802124,0.0008898290107026696,0.5450415015220642
530,0.544126033782959,0.0007872424903325737,0.5449132919311523
531,0.5440523624420166,0.0007593111949972808,0.5448116660118103
532,0.5440033674240112,0.0007383738411590457,0.5447417497634888
533,0.5439503192901611,0.0007447846583090723,0.5446950793266296
534,0.5438810586929321,0.0007887982646934688,0.5446698665618896
535,0.5438442230224609,0.0008432815666310489,0.5446875095367432
536,0.5437536835670471,0.0010425035143271089,0.5447961688041687
537,0.5437661409378052,0.0014823508681729436,0.5452485084533691
538,0.543627917766571,0.0024784542620182037,0.5461063981056213
539,0.5438664555549622,0.004658680409193039,0.5485251545906067
540,0.543531060218811,0.003343924880027771,0.546875
541,0.5438070893287659,0.0012266759295016527,0.5450337529182434
542,0.5437896847724915,0.0010635595535859466,0.5448532700538635
543,0.543495774269104,0.0024419084656983614,0.5459376573562622
544,0.5436303615570068,0.001615522662177682,0.545245885848999
545,0.5434346199035645,0.0009104690980166197,0.5443450808525085
546,0.543319046497345,0.0023741291370242834,0.5456931591033936
547,0.5433501601219177,0.0027965521439909935,0.5461466908454895
548,0.5432083010673523,0.0009475754341110587,0.5441558957099915
549,0.5431764721870422,0.0018388106254860759,0.545015275478363
550,0.5432628393173218,0.003024415345862508,0.5462872385978699
551,0.5431406497955322,0.0009982918854802847,0.5441389679908752
552,0.5431227087974548,0.0017760640475898981,0.5448987483978271
553,0.5432528853416443,0.0027739042416214943,0.5460267663002014
554,0.5430821776390076,0.0008105513406917453,0.5438927412033081
555,0.5430240035057068,0.0021853274665772915,0.5452093482017517
556,0.5431122779846191,0.0029914795886725187,0.5461037755012512
557,0.5429534316062927,0.0007700745481997728,0.5437235236167908
558,0.5428962707519531,0.0028752069920301437,0.5457714796066284
559,0.5429976582527161,0.003267400898039341,0.5462650656700134
560,0.5428536534309387,0.0009019393473863602,0.5437555909156799
561,0.5427745580673218,0.004000769928097725,0.5467753410339355
562,0.5429500937461853,0.0026307913940399885,0.5455808639526367
563,0.5428834557533264,0.0016322941519320011,0.5445157289505005
564,0.5426995158195496,0.003759200219064951,0.5464587211608887
565,0.5427442193031311,0.0010476313764229417,0.5437918305397034
566,0.5427801012992859,0.002305086236447096,0.5450851917266846
567,0.5425911545753479,0.0014899076195433736,0.5440810918807983
568,0.5425245761871338,0.0014053877675905824,0.543929934501648
569,0.5425381660461426,0.0021355636417865753,0.5446737408638
570,0.5424483418464661,0.0008750102715566754,0.5433233380317688
571,0.5424352884292603,0.002269310411065817,0.5447046160697937
572,0.5423906445503235,0.001687602954916656,0.5440782308578491
573,0.5423457622528076,0.0010520584182813764,0.543397843837738
574,0.5423337817192078,0.0023528384044766426,0.5446866154670715
575,0.542308509349823,0.0012517496943473816,0.543560266494751
576,0.5422698855400085,0.0011780059430748224,0.5434479117393494
577,0.5422051548957825,0.001979494234547019,0.5441846251487732
578,0.542186439037323,0.0009408851619809866,0.5431272983551025
579,0.5421517491340637,0.001178460312075913,0.543330192565918
580,0.5420646071434021,0.001529341796413064,0.5435939431190491
581,0.5420305728912354,0.000808151438832283,0.5428387522697449
582,0.541995108127594,0.0011247884249314666,0.5431199073791504
583,0.5419039726257324,0.0012349574826657772,0.5431389212608337
584,0.541861891746521,0.0008135117823258042,0.5426753759384155
585,0.5418281555175781,0.0010319451102986932,0.5428600907325745
586,0.5417473912239075,0.0011098807444795966,0.54285728931427
587,0.5417094826698303,0.0008397765923291445,0.5425492525100708
588,0.5416712164878845,0.0009247903944924474,0.5425959825515747
589,0.5416053533554077,0.001064426265656948,0.5426697731018066
590,0.541574239730835,0.0008860728121362627,0.5424603223800659
591,0.5415224432945251,0.0008418206707574427,0.542364239692688
592,0.5414670705795288,0.000997573253698647,0.5424646735191345
593,0.541443407535553,0.0009849646594375372,0.5424283742904663
594,0.5413728952407837,0.000854422920383513,0.5422273278236389
595,0.5413221716880798,0.0008764914236962795,0.542198657989502
596,0.541297435760498,0.0009723075199872255,0.542269766330719
597,0.5412198305130005,0.0009702804964035749,0.5421901345252991
598,0.5411842465400696,0.000863665365613997,0.542047917842865
599,0.5411315560340881,0.0008505273144692183,0.5419820547103882
600,0.5410686135292053,0.0009367287275381386,0.5420053601264954
601,0.5410405993461609,0.0009634695597924292,0.5420040488243103
602,0.5409619212150574,0.0009493137476965785,0.541911244392395
603,0.540926456451416,0.0008772079600021243,0.5418036580085754
604,0.5408706068992615,0.0008696778677403927,0.5417402982711792
605,0.5408084988594055,0.0009165602969005704,0.5417250394821167
606,0.5407770872116089,0.0009456694824621081,0.5417227745056152
607,0.5407039523124695,0.0009877730626612902,0.5416917204856873
608,0.5406762361526489,0.0009627713006921113,0.5416390299797058
609,0.5406005382537842,0.000961733574513346,0.5415622591972351
610,0.5405668020248413,0.0009212368750013411,0.5414880514144897
611,0.5405009388923645,0.000917909957934171,0.5414188504219055
612,0.5404540300369263,0.0009040702716447413,0.5413581132888794
613,0.5403953790664673,0.0009079680312424898,0.5413033366203308
614,0.5403438806533813,0.0009087365469895303,0.541252613067627
615,0.5402897000312805,0.0009136184817180037,0.5412033200263977
616,0.540232241153717,0.0009244935936294496,0.5411567091941833
617,0.5401855111122131,0.0009285530541092157,0.541114091873169
618,0.5401224493980408,0.0009614297305233777,0.5410838723182678
619,0.5400862693786621,0.0010085445828735828,0.5410948395729065
620,0.5400064587593079,0.0012189821572974324,0.5412254333496094
621,0.5400207042694092,0.0018070973455905914,0.5418277978897095
622,0.5398930311203003,0.003581512253731489,0.543474555015564
623,0.5401843786239624,0.009015457704663277,0.5491998195648193
624,0.5398319959640503,0.008454134687781334,0.5482861399650574
625,0.5403490662574768,0.005077661015093327,0.5454267263412476
626,0.5402848124504089,0.0013792675454169512,0.5416640639305115
627,0.5400204062461853,0.0070452638901770115,0.5470656752586365
628,0.540672242641449,0.003547689411789179,0.5442199110984802
629,0.5406122803688049,0.0030543606262654066,0.543666660785675
630,0.5400496125221252,0.004586481023579836,0.544636070728302
631,0.5400243401527405,0.0018250718712806702,0.5418494343757629
632,0.5401055812835693,0.0035000499337911606,0.543605625629425
633,0.5398238897323608,0.0018619273323565722,0.5416858196258545
634,0.5397054553031921,0.0028994360473006964,0.5426048636436462
635,0.5397384166717529,0.0037849368527531624,0.543523371219635
636,0.5396898984909058,0.0011355197057127953,0.5408254265785217
637,0.539760947227478,0.0036264602094888687,0.5433874130249023
638,0.5396909117698669,0.004476414527744055,0.5441673398017883
639,0.5396231412887573,0.001103798160329461,0.5407269597053528
640,0.5396840572357178,0.003673153230920434,0.5433571934700012
641,0.5397180318832397,0.005185337271541357,0.5449033975601196
642,0.5396148562431335,0.0009808974573388696,0.5405957698822021
643,0.5395890474319458,0.005408845841884613,0.5449978709220886
644,0.5397884845733643,0.0040529873222112656,0.5438414812088013
645,0.539772629737854,0.002215432934463024,0.5419880747795105
646,0.5395628809928894,0.005099292378872633,0.5446621775627136
647,0.5396540760993958,0.001413588528521359,0.5410676598548889
648,0.5397784113883972,0.003117525717243552,0.5428959131240845
649,0.5395334362983704,0.0016852794215083122,0.5412186980247498
650,0.539358913898468,0.002820754423737526,0.5421796441078186
651,0.5394108295440674,0.0024163133930414915,0.5418271422386169
652,0.5393455028533936,0.0019133526366204023,0.5412588715553284
653,0.5392422676086426,0.002589650684967637,0.541831910610199
654,0.5391669273376465,0.001321668503805995,0.540488600730896
655,0.5391603112220764,0.002150170737877488,0.5413104891777039
656,0.5391537547111511,0.0015160507755354047,0.5406697988510132
657,0.539138913154602,0.0013344510225579143,0.5404733419418335
658,0.5390951633453369,0.0017533592181280255,0.5408484935760498
659,0.5390669107437134,0.0012375441147014499,0.5403044819831848
660,0.5390822291374207,0.00117879721801728,0.5402610301971436
661,0.5390703082084656,0.0017015514895319939,0.5407718420028687
662,0.539007306098938,0.0009665960678830743,0.5399739146232605
663,0.538949728012085,0.001347371726296842,0.5402970910072327
664,0.5389318466186523,0.001365629956126213,0.5402974486351013
665,0.5388870239257812,0.0011029379675164819,0.5399899482727051
666,0.5388062596321106,0.0010767990024760365,0.5398830771446228
667,0.5387491583824158,0.0014785263920202851,0.5402277112007141
668,0.5386829376220703,0.0009781562257558107,0.5396611094474792
669,0.5386454463005066,0.001181356841698289,0.5398268103599548
670,0.5386041402816772,0.0012595675652846694,0.5398637056350708
671,0.5385176539421082,0.0011257128790020943,0.5396433472633362
672,0.5384778380393982,0.001105165691114962,0.5395830273628235
673,0.5384818315505981,0.0012733079493045807,0.5397551655769348
674,0.5384122729301453,0.001043886411935091,0.5394561886787415
675,0.5383635759353638,0.0010942233493551612,0.5394577980041504
676,0.5383652448654175,0.001159730483777821,0.5395249724388123
677,0.5383136868476868,0.001065442687831819,0.5393791198730469
678,0.5382810831069946,0.000975489616394043,0.5392565727233887
679,0.5382528901100159,0.0010924901580438018,0.539345383644104
680,0.5381896495819092,0.0010861073387786746,0.5392757654190063
681,0.5381754040718079,0.0009672750602476299,0.5391426682472229
682,0.5381309986114502,0.000973028305452317,0.5391040444374084
683,0.5380618572235107,0.001078723231330514,0.5391405820846558
684,0.5380366444587708,0.0010641097323969007,0.5391007661819458
685,0.5379849672317505,0.0010008914396166801,0.5389858484268188
686,0.537941038608551,0.0009812600910663605,0.5389223098754883
687,0.5378937721252441,0.0010300289141014218,0.5389237999916077
688,0.5378330945968628,0.0010853562271222472,0.5389184355735779
689,0.5378127098083496,0.0010449023684486747,0.538857638835907
690,0.5377562642097473,0.001015630317851901,0.5387718677520752
691,0.5377075672149658,0.001003089128062129,0.5387106537818909
692,0.5376692414283752,0.00102524075191468,0.5386945009231567
693,0.5376197099685669,0.001059794332832098,0.5386794805526733
694,0.537593424320221,0.0010515603935346007,0.5386449694633484
695,0.537526547908783,0.0010523166274651885,0.5385788679122925
696,0.5374921560287476,0.0010227543534711003,0.5385149121284485
697,0.5374512672424316,0.0010155668715015054,0.5384668111801147
698,0.5374028086662292,0.0010314090177416801,0.5384342074394226
699,0.5373635292053223,0.0010488710831850767,0.5384123921394348
700,0.5373071432113647,0.0010771111119538546,0.5383842587471008
701,0.5372847318649292,0.0010740947909653187,0.5383588075637817
702,0.5372228026390076,0.0010981173254549503,0.5383208990097046
703,0.5371938347816467,0.0010992545867338777,0.5382930636405945
704,0.5371329188346863,0.0011287836823612452,0.5382617115974426
705,0.5371150970458984,0.0011414336040616035,0.5382565259933472
706,0.5370432734489441,0.0012204048689454794,0.5382636785507202
707,0.5370325446128845,0.0013182752300053835,0.5383508205413818
708,0.5369489192962646,0.0015712742460891604,0.5385202169418335
709,0.5369786620140076,0.002044342691078782,0.5390229821205139
710,0.5368510484695435,0.0028697452507913113,0.5397207736968994
711,0.5369771122932434,0.004603432025760412,0.5415805578231812
712,0.5367742776870728,0.005302490200847387,0.5420767664909363
713,0.5370325446128845,0.005844392813742161,0.5428769588470459
714,0.5367920994758606,0.0024543420877307653,0.5392464399337769
715,0.5368527770042419,0.0012497477000579238,0.5381025075912476
716,0.5370161533355713,0.0027834002394229174,0.5397995710372925
717,0.5367788672447205,0.002990450244396925,0.5397692918777466
718,0.5368472337722778,0.0014411942102015018,0.538288414478302
719,0.5367484092712402,0.0013630340108647943,0.5381114482879639
720,0.5366075038909912,0.0025275349617004395,0.5391350388526917
721,0.5366926789283752,0.002897439757362008,0.5395901203155518
722,0.5365288257598877,0.0016664627473801374,0.5381953120231628
723,0.5365130305290222,0.0010858526220545173,0.5375989079475403
724,0.5365199446678162,0.0015817846870049834,0.5381017327308655
725,0.5364590883255005,0.002461677882820368,0.5389207601547241
726,0.5364909768104553,0.003259113058447838,0.5397500991821289
727,0.5363975763320923,0.0028530946001410484,0.5392506718635559
728,0.536424458026886,0.0022790965158492327,0.5387035608291626
729,0.5363425612449646,0.0013663406716659665,0.5377088785171509
730,0.5363155007362366,0.0010369629599153996,0.537352442741394
731,0.5363056659698486,0.0013502707006409764,0.5376559495925903
732,0.5362322926521301,0.0018329719314351678,0.5380652546882629
733,0.5362423658370972,0.0019314439268782735,0.5381737947463989
734,0.5361341238021851,0.0015207822434604168,0.5376548767089844
735,0.5361115336418152,0.0011278170859441161,0.5372393727302551
736,0.5360673069953918,0.001133511308580637,0.5372008085250854
737,0.5359984040260315,0.001433760393410921,0.5374321937561035
738,0.5359947085380554,0.0017081373371183872,0.5377028584480286
739,0.5359207391738892,0.0017458852380514145,0.5376666188240051
740,0.5359302163124084,0.0016047526150941849,0.5375349521636963
741,0.5358619093894958,0.0013732746010646224,0.5372352004051208
742,0.5358534455299377,0.001167723210528493,0.5370211601257324
743,0.5358185172080994,0.0010767222847789526,0.536895215511322
744,0.5357889533042908,0.0010771877132356167,0.5368661284446716
745,0.535765528678894,0.0011448489967733622,0.536910355091095
746,0.5357130169868469,0.0012965823989361525,0.537009596824646
747,0.5357089042663574,0.0015093456022441387,0.5372182726860046
748,0.5356298685073853,0.0018686092225834727,0.5374984741210938
749,0.535647451877594,0.002514141146093607,0.53816157579422
750,0.5355386734008789,0.0032893831375986338,0.5388280749320984
751,0.5356299877166748,0.004715705756098032,0.5403456687927246
752,0.5354597568511963,0.004613091237843037,0.5400728583335876
753,0.5356153249740601,0.00407370924949646,0.5396890640258789
754,0.5354652404785156,0.0019345597829669714,0.5373998284339905
755,0.535489022731781,0.0012089285301044583,0.5366979241371155
756,0.5355627536773682,0.0022293850779533386,0.5377921462059021
757,0.5353968143463135,0.0028428207151591778,0.5382396578788757
758,0.5354809761047363,0.002064124448224902,0.5375450849533081
759,0.5353460311889648,0.001196196535602212,0.5365422368049622
760,0.5352850556373596,0.0014839519280940294,0.5367690324783325
761,0.535325825214386,0.0023934440687298775,0.5377192497253418
762,0.5352008938789368,0.002727470826357603,0.5379283428192139
763,0.535244345664978,0.002557899570092559,0.5378022193908691
764,0.5351484417915344,0.0018447574693709612,0.5369932055473328
765,0.5351518988609314,0.0012822909047827125,0.5364341735839844
766,0.5351017713546753,0.0010690224589779973,0.5361707806587219
767,0.5350616574287415,0.0011848193826153874,0.5362464785575867
768,0.5350546836853027,0.0015122415497899055,0.5365669131278992
769,0.5349881649017334,0.0019856393337249756,0.5369738340377808
770,0.5350012183189392,0.002614598488435149,0.5376158356666565
771,0.5349059104919434,0.002991632791236043,0.537897527217865
772,0.5349509119987488,0.0034544458612799644,0.5384053587913513
773,0.5348307490348816,0.002904321998357773,0.5377350449562073
774,0.5348784327507019,0.0021213830914348364,0.5369998216629028
775,0.5347930788993835,0.001324957120232284,0.5361180305480957
776,0.5347737669944763,0.0011906446889042854,0.5359644293785095
777,0.5347858667373657,0.0016419439343735576,0.5364277958869934
778,0.5346794128417969,0.0020870035514235497,0.5367664098739624
779,0.5347219109535217,0.0020465690176934004,0.5367684960365295
780,0.5346168279647827,0.0016262925928458571,0.5362431406974792
781,0.534615695476532,0.0012093719560652971,0.5358250737190247
782,0.5345714092254639,0.0011070037726312876,0.5356783866882324
783,0.5345282554626465,0.0012777973897755146,0.5358060598373413
784,0.5345304608345032,0.0016065349336713552,0.5361369848251343
785,0.5344626903533936,0.0021023934241384268,0.5365650653839111
786,0.5344924330711365,0.002917587524279952,0.5374100208282471
787,0.5343983173370361,0.0037938235327601433,0.5381921529769897
788,0.5344808101654053,0.005472026765346527,0.53995281457901
789,0.5343298316001892,0.005365248769521713,0.5396950840950012
790,0.5344802141189575,0.004753891844302416,0.5392341017723083
791,0.534339427947998,0.0020725950598716736,0.5364120006561279
792,0.5343714952468872,0.0012441411381587386,0.5356156229972839
793,0.5344706773757935,0.0025434449780732393,0.5370141267776489
794,0.5343092679977417,0.003011926542967558,0.5373212099075317
795,0.534382164478302,0.00180306495167315,0.5361852049827576
796,0.5342746376991272,0.0011779243359342217,0.5354525446891785
797,0.5341820120811462,0.0020388951525092125,0.536220908164978
798,0.5342386960983276,0.002842275658622384,0.5370809435844421
799,0.5340946912765503,0.0022568947169929743,0.5363515615463257
800,0.5341029167175293,0.001372904283925891,0.5354758501052856
801,0.5340583324432373,0.0010963542154058814,0.5351547002792358
802,0.5340183973312378,0.0015355134382843971,0.5355539321899414
803,0.5340306758880615,0.0022873440757393837,0.5363180041313171
804,0.5339614748954773,0.002849582117050886,0.5368110537528992
805,0.5339900851249695,0.003389962948858738,0.537380039691925
806,0.5338990092277527,0.003019221592694521,0.5369182229042053
807,0.533919632434845,0.002468787832185626,0.5363883972167969
808,0.5338345766067505,0.001594240078702569,0.5354288220405579
809,0.5338279008865356,0.0011123642325401306,0.534940242767334
810,0.5338078141212463,0.0012646870454773307,0.5350725054740906
811,0.5337353348731995,0.001744540291838348,0.5354799032211304
812,0.5337606072425842,0.0019638726953417063,0.5357244610786438
813,0.5336652994155884,0.0017370510613545775,0.5354023575782776
814,0.5336625576019287,0.0013209405587986112,0.5349835157394409
815,0.5336053967475891,0.0011439283844083548,0.5347493290901184
816,0.5335624814033508,0.001260434277355671,0.534822940826416
817,0.5335589647293091,0.001517890370450914,0.5350768566131592
818,0.5334899425506592,0.0017978614196181297,0.5352877974510193
819,0.5335062742233276,0.0019942508079111576,0.5355005264282227
820,0.5334336757659912,0.0020814863964915276,0.5355151891708374
821,0.5334542393684387,0.002154428046196699,0.5356086492538452
822,0.5333742499351501,0.002135256538167596,0.5355095267295837
823,0.5333977937698364,0.002130757085978985,0.5355285406112671
824,0.53331458568573,0.0020383258815854788,0.535352885723114
825,0.5333364605903625,0.0019077147589996457,0.5352441668510437
826,0.5332512259483337,0.0017268331721425056,0.5349780321121216
827,0.5332622528076172,0.0014975997619330883,0.5347598791122437
828,0.5331921577453613,0.0013357707066461444,0.5345279574394226
829,0.5331765413284302,0.0011917219962924719,0.5343682765960693
830,0.5331283211708069,0.0011493428610265255,0.5342776775360107
831,0.5330902934074402,0.0011595245450735092,0.5342498421669006
832,0.5330647826194763,0.001207134802825749,0.5342718958854675
833,0.5330097675323486,0.0013327243505045772,0.5343424677848816
834,0.5330049991607666,0.0015069034416228533,0.534511923789978
835,0.5329384803771973,0.0019022016786038876,0.5348407030105591
836,0.5329656004905701,0.002736231777817011,0.5357018113136292
837,0.5328696966171265,0.004353546071797609,0.537223219871521
838,0.5329987406730652,0.00824270211160183,0.541241466999054
839,0.5328222513198853,0.010858495719730854,0.543680727481842
840,0.5331818461418152,0.0133522879332304,0.5465341210365295
841,0.532969057559967,0.0040996926836669445,0.5370687246322632
842,0.5331148505210876,0.002191785955801606,0.5353066325187683
843,0.533575177192688,0.006936602760106325,0.5405117869377136
844,0.533371090888977,0.0038182325661182404,0.5371893048286438
845,0.5333403944969177,0.0020206330809742212,0.5353610515594482
846,0.5334776043891907,0.005598377902060747,0.5390759706497192
847,0.5331771969795227,0.0026538027450442314,0.5358309745788574
848,0.5330822467803955,0.0019938822370022535,0.5350761413574219
849,0.5330421328544617,0.0042137885466217995,0.5372559428215027
850,0.5328247547149658,0.0028501665219664574,0.5356749296188354
851,0.5328745245933533,0.001374345039948821,0.5342488884925842
852,0.5328524112701416,0.0018834893126040697,0.534735918045044
853,0.5327810049057007,0.003449551062658429,0.5362305641174316
854,0.5328166484832764,0.0035437631886452436,0.5363603830337524
855,0.5327807664871216,0.0021776766516268253,0.5349584221839905
856,0.5327454209327698,0.001115524908527732,0.5338609218597412
857,0.5326985716819763,0.0017061106627807021,0.5344046950340271
858,0.5326475501060486,0.0024668732658028603,0.5351144075393677
859,0.5326616168022156,0.0028130272403359413,0.5354746580123901
860,0.5325766801834106,0.0017183736199513078,0.5342950820922852
861,0.5325267314910889,0.0012146600056439638,0.5337414145469666
862,0.5325115919113159,0.0015411427011713386,0.5340527296066284
863,0.5324639678001404,0.0020679309964179993,0.5345318913459778
864,0.5324693918228149,0.0016961018554866314,0.5341655015945435
865,0.5323849320411682,0.0012649870477616787,0.5336499214172363
866,0.532348096370697,0.0014090463519096375,0.5337571501731873
867,0.5323806405067444,0.0017892405157908797,0.5341698527336121
868,0.5322992205619812,0.001586583093740046,0.5338857769966125
869,0.5322770476341248,0.001243592705577612,0.5335206389427185
870,0.5322557091712952,0.0012136191362515092,0.5334693193435669
871,0.5322206616401672,0.0015196710592135787,0.5337403416633606
872,0.5322240591049194,0.001551681780256331,0.5337757468223572
873,0.5321514010429382,0.0014014093903824687,0.5335528254508972
874,0.5321443676948547,0.001148841343820095,0.5332931876182556
875,0.5321252942085266,0.0011567111359909177,0.5332819819450378
876,0.5320784449577332,0.0012914802646264434,0.5333698987960815
877,0.5320602059364319,0.001453677541576326,0.5335139036178589
878,0.5320045351982117,0.001478375750593841,0.5334829092025757
879,0.5319989919662476,0.001412240439094603,0.5334112048149109
880,0.531937837600708,0.0012823190772905946,0.5332201719284058
881,0.531907320022583,0.0011977014364674687,0.5331050157546997
882,0.5318706631660461,0.0011515584774315357,0.5330222249031067
883,0.5318371057510376,0.001203248742967844,0.5330403447151184
884,0.5318139791488647,0.0012487767962738872,0.533062756061554
885,0.5317592620849609,0.0013454400468617678,0.5331047177314758
886,0.5317574739456177,0.0013477593893185258,0.5331052541732788
887,0.5317068696022034,0.0013769806828349829,0.5330838561058044
888,0.5316980481147766,0.001327998237684369,0.5330260396003723
889,0.5316425561904907,0.0013208570890128613,0.5329633951187134
890,0.5316376686096191,0.001256269053556025,0.53289395570755
891,0.5315918326377869,0.001245757914148271,0.5328375697135925
892,0.531570553779602,0.0012112363474443555,0.5327817797660828
893,0.531525194644928,0.0012151674600318074,0.5327403545379639
894,0.5315085649490356,0.0011936933733522892,0.5327022671699524
895,0.5314666628837585,0.0012063749600201845,0.5326730608940125
896,0.5314419865608215,0.001209279871545732,0.5326512455940247
897,0.531398355960846,0.0012444286840036511,0.5326427817344666
898,0.5313867926597595,0.0012801504926756024,0.5326669216156006
899,0.5313342809677124,0.001412816345691681,0.5327470898628235
900,0.531334400177002,0.0016596399946138263,0.5329940319061279
901,0.5312626361846924,0.0022893655113875866,0.5335519909858704
902,0.5313202142715454,0.0037835105322301388,0.5351037383079529
903,0.5311936736106873,0.00658433185890317,0.5377780199050903
904,0.5314215421676636,0.01292802020907402,0.5443495512008667
905,0.5311762690544128,0.013899221085011959,0.5450754761695862
906,0.5316592454910278,0.011454666033387184,0.5431138873100281
907,0.5315613746643066,0.0018139089224860072,0.5333752632141113
908,0.5316094756126404,0.005956913810223341,0.5375663638114929
909,0.5323134064674377,0.009610367938876152,0.5419237613677979
910,0.5321822762489319,0.0023677386343479156,0.5345500111579895
911,0.5319525599479675,0.006213349290192127,0.5381659269332886
912,0.5322915315628052,0.007943375036120415,0.5402349233627319
913,0.5320356488227844,0.001457821112126112,0.5334934592247009
914,0.5317416787147522,0.00676899217069149,0.5385106801986694
915,0.5317857265472412,0.005422027315944433,0.5372077822685242
916,0.5315028429031372,0.0015538951847702265,0.5330567359924316
917,0.5313953757286072,0.005955852102488279,0.5373512506484985
918,0.5315330624580383,0.006869659759104252,0.5384027361869812
919,0.5313241481781006,0.0013262036954984069,0.532650351524353
920,0.5312763452529907,0.0047276816330850124,0.5360040068626404
921,0.5314367413520813,0.00830402597784996,0.5397407412528992
922,0.5313048958778381,0.0026082773692905903,0.5339131951332092
923,0.5312563180923462,0.00246355845592916,0.5337198972702026
924,0.5313631296157837,0.006853827275335789,0.5382169485092163
925,0.5312369465827942,0.0025649021845310926,0.5338018536567688
926,0.5312538743019104,0.0019640286918729544,0.5332179069519043
927,0.5313170552253723,0.00441459147259593,0.5357316732406616
928,0.5311572551727295,0.002140961354598403,0.5332981944084167
929,0.5311572551727295,0.0016914585139602423,0.5328487157821655
930,0.5312532782554626,0.0035403359215706587,0.5347936153411865
931,0.5311278700828552,0.0014635117258876562,0.5325914025306702
932,0.5310662984848022,0.0019747018814086914,0.5330410003662109
933,0.531131386756897,0.0029441516380757093,0.5340755581855774
934,0.531062126159668,0.0013887472450733185,0.5324508547782898
935,0.5310168862342834,0.0017827932024374604,0.5327996611595154
936,0.5310315489768982,0.002649918897077441,0.5336814522743225
937,0.5309469103813171,0.0013402331387624145,0.5322871208190918
938,0.5309359431266785,0.001511138747446239,0.532447099685669
939,0.5309558510780334,0.002308790571987629,0.5332646369934082
940,0.5308652520179749,0.0014386348193511367,0.5323038697242737
941,0.530838668346405,0.0012351063778623939,0.5320737957954407
942,0.5308507084846497,0.0019037070451304317,0.5327544212341309
943,0.5307915210723877,0.0016543901292607188,0.5324459075927734
944,0.5307630896568298,0.0010832148836925626,0.531846284866333
945,0.5307347178459167,0.0014580959687009454,0.5321928262710571
946,0.5306856632232666,0.0016915955347940326,0.5323772430419922
947,0.5306804180145264,0.001334807719103992,0.5320152044296265
948,0.5306362509727478,0.0011236108839511871,0.5317598581314087
949,0.5305861234664917,0.0014887078432366252,0.5320748090744019
950,0.5305858850479126,0.001522707985714078,0.5321086049079895
951,0.5305463075637817,0.0012246437836438417,0.5317709445953369
952,0.5305191278457642,0.0011725827353075147,0.5316917300224304
953,0.5305050611495972,0.0014141950523480773,0.5319192409515381
954,0.5304590463638306,0.00138533441349864,0.5318443775177002
955,0.5304574966430664,0.0011574445525184274,0.5316149592399597
956,0.5304321050643921,0.0011555168312042952,0.5315876007080078
957,0.530385434627533,0.0013304816093295813,0.5317159295082092
958,0.5303804874420166,0.0013024320360273123,0.5316829085350037
959,0.5303441882133484,0.0011654321569949389,0.5315096378326416
960,0.5303186178207397,0.0011425006669014692,0.5314611196517944
961,0.5302963852882385,0.0012407677713781595,0.5315371751785278
962,0.5302506685256958,0.0012886032927781343,0.531539261341095
963,0.5302417874336243,0.0011887546861544251,0.5314305424690247
964,0.5302085280418396,0.001135299913585186,0.5313438177108765
965,0.5301732420921326,0.0011791969882324338,0.5313524603843689
966,0.5301567912101746,0.0012343088164925575,0.5313910841941833
967,0.5301198959350586,0.0012349688913673162,0.5313548445701599
968,0.5301063656806946,0.0011684141354635358,0.5312747955322266
969,0.530072808265686,0.0011394767789170146,0.5312122702598572
970,0.5300428867340088,0.0011666659265756607,0.5312095284461975
971,0.5300297141075134,0.0011914967326447368,0.5312212109565735
972,0.5299941301345825,0.0012117308797314763,0.5312058329582214
973,0.5299772620201111,0.0011754975421354175,0.5311527848243713
974,0.5299422740936279,0.001153857447206974,0.5310961604118347
975,0.5299203395843506,0.0011384773533791304,0.5310587882995605
976,0.5298990607261658,0.0011499926913529634,0.5310490727424622
977,0.529863178730011,0.0011799050262197852,0.5310431122779846
978,0.529845118522644,0.0011836908524855971,0.5310288071632385
979,0.5298096537590027,0.0011850432492792606,0.530994713306427
980,0.529792845249176,0.001160811516456306,0.5309536457061768
981,0.5297589302062988,0.001153277000412345,0.5309122204780579
982,0.5297333598136902,0.0011478213127702475,0.5308811664581299
983,0.5297096967697144,0.0011487990850582719,0.5308585166931152
984,0.5296803116798401,0.001162382890470326,0.5308427214622498
985,0.5296599268913269,0.0011669612722471356,0.5308268666267395
986,0.5296245813369751,0.0011847479036077857,0.5308093428611755
987,0.5296090245246887,0.001179146463982761,0.5307881832122803
988,0.5295742750167847,0.0011900218669325113,0.5307642817497253
989,0.5295571088790894,0.0011816645273938775,0.5307387709617615
990,0.5295204520225525,0.0011924931313842535,0.5307129621505737
991,0.5295048952102661,0.0011835014447569847,0.5306884050369263
992,0.5294691920280457,0.001196523429825902,0.5306656956672668
993,0.5294527411460876,0.001194318407215178,0.5306470394134521
994,0.5294139981269836,0.0012196596944704652,0.5306336283683777
995,0.5294022560119629,0.001229707500897348,0.530631959438324
996,0.5293598771095276,0.0012871591607108712,0.5306470394134521
997,0.5293546915054321,0.001347627374343574,0.5307022929191589
998,0.5293012857437134,0.001518108183518052,0.5308194160461426
999,0.5293158888816833,0.0017843872774392366,0.5311002731323242
1000,0.5292417407035828,0.0023671097587794065,0.5316088795661926
1001,0.5292987823486328,0.0034963691141456366,0.5327951312065125
1002,0.5291804671287537,0.0053276177495718,0.5345081090927124
1003,0.529345691204071,0.00882517360150814,0.5381708741188049
1004,0.5291513800621033,0.010314338840544224,0.5394657254219055
1005,0.5294766426086426,0.010653448291122913,0.540130078792572
1006,0.5293065309524536,0.004202730022370815,0.5335092544555664
1007,0.5294747352600098,0.0012995395809412003,0.5307742953300476
1008,0.5297039747238159,0.004181538242846727,0.5338855385780334
1009,0.5295171737670898,0.004967219661921263,0.5344843864440918
1010,0.5296909809112549,0.001907341880723834,0.5315983295440674
1011,0.5296103954315186,0.0015753400512039661,0.5311857461929321
1012,0.5294122099876404,0.0039057470858097076,0.5333179831504822
1013,0.5295353531837463,0.0036332537420094013,0.533168613910675
1014,0.5293316841125488,0.0013617497170343995,0.5306934118270874
1015,0.5292473435401917,0.00176440947689116,0.5310117602348328
1016,0.5293039679527283,0.003688168479129672,0.5329921245574951
1017,0.5291616916656494,0.0036890532355755568,0.5328507423400879
1018,0.5292039513587952,0.002188887679949403,0.5313928127288818
1019,0.5291253924369812,0.0011226580245420337,0.5302480459213257
1020,0.529093325138092,0.00153911707457155,0.5306324362754822
1021,0.5291235446929932,0.0027690548449754715,0.5318925976753235
1022,0.5290393233299255,0.003295023227110505,0.5323343276977539
1023,0.5290632247924805,0.0029459306970238686,0.5320091843605042
1024,0.5289859771728516,0.0018370545003563166,0.5308230519294739
1025,0.528982937335968,0.0011293275747448206,0.5301122665405273
1026,0.5289607644081116,0.0012772355694323778,0.5302379727363586
1027,0.5289002060890198,0.001917490386404097,0.5308176875114441
1028,0.5289241671562195,0.0022373199462890625,0.5311614871025085
1029,0.5288556218147278,0.0019044368527829647,0.5307600498199463
1030,0.5288636088371277,0.0013118211645632982,0.5301754474639893
1031,0.5288246870040894,0.0011221927125006914,0.5299468636512756
1032,0.5287894010543823,0.0013956951443105936,0.5301851034164429
1033,0.5288092494010925,0.0017147237667813897,0.530523955821991
1034,0.5287416577339172,0.0017425310797989368,0.5304841995239258
1035,0.5287498831748962,0.0014504707651212811,0.5302003622055054
1036,0.5287036299705505,0.0011873194016516209,0.5298909544944763
1037,0.5286843776702881,0.0011362785007804632,0.5298206806182861
1038,0.5286691188812256,0.0012854390079155564,0.5299545526504517
1039,0.5286145210266113,0.0015106905484572053,0.5301252007484436
1040,0.5286198258399963,0.0015928457723930478,0.5302127003669739
1041,0.5285640954971313,0.001569002284668386,0.530133068561554
1042,0.5285619497299194,0.0014209772925823927,0.5299829244613647
1043,0.5285120606422424,0.0012948594521731138,0.529806911945343
1044,0.5284991264343262,0.001180086052045226,0.5296792387962341
1045,0.5284699201583862,0.001149362768046558,0.5296192765235901
1046,0.5284404754638672,0.00117591698653996,0.5296164155006409
1047,0.5284239053726196,0.0012326737632974982,0.5296565890312195
1048,0.5283863544464111,0.0013289740309119225,0.5297152996063232
1049,0.52838534116745,0.0014093102654442191,0.5297946333885193
1050,0.5283370614051819,0.0015336651122197509,0.5298707485198975
1051,0.5283445715904236,0.0016423036577180028,0.5299868583679199
1052,0.5282905697822571,0.0018102022586390376,0.5301007628440857
1053,0.5283126831054688,0.001991718541830778,0.5303043723106384
1054,0.52824467420578,0.0022420149762183428,0.5304867029190063
1055,0.528283417224884,0.002542212838307023,0.5308256149291992
1056,0.5282027125358582,0.002842084039002657,0.5310447812080383
1057,0.5282663106918335,0.0031488214153796434,0.5314151048660278
1058,0.528168797492981,0.003199979430064559,0.5313687920570374
1059,0.52824866771698,0.003066498786211014,0.5313151478767395
1060,0.5281556844711304,0.00256249844096601,0.530718207359314
1061,0.5282167792320251,0.0018949129153043032,0.5301116704940796
1062,0.5281535387039185,0.0013816541759297252,0.529535174369812
1063,0.5281546115875244,0.0011331983841955662,0.5292878150939941
1064,0.5281438231468201,0.0012300778180360794,0.5293738842010498
1065,0.5280864238739014,0.001572535140439868,0.5296589732170105
1066,0.5281104445457458,0.0019187614088878036,0.5300291776657104
1067,0.5280287861824036,0.0022864718921482563,0.5303152799606323
1068,0.5280730724334717,0.0026146098971366882,0.530687689781189
1069,0.5279834270477295,0.002924824133515358,0.5309082269668579
1070,0.5280399918556213,0.0033402894623577595,0.531380295753479
1071,0.5279418230056763,0.003659585490822792,0.5316014289855957
1072,0.5280191898345947,0.004094928968697786,0.5321141481399536
1073,0.527908444404602,0.004034663084894419,0.5319430828094482
1074,0.5280029773712158,0.0037531466223299503,0.5317561030387878
1075,0.5279015898704529,0.0028250571340322495,0.5307266712188721
1076,0.5279694199562073,0.0017950658220797777,0.5297644734382629
1077,0.5279202461242676,0.0011920083779841661,0.5291122794151306
1078,0.5279041528701782,0.0012152461567893624,0.5291193723678589
1079,0.5279237627983093,0.0016683737048879266,0.5295921564102173
1080,0.5278398394584656,0.002203545765951276,0.530043363571167
1081,0.5278872847557068,0.002405483042821288,0.5302927494049072
1082,0.5277929306030273,0.0022698095999658108,0.530062735080719
1083,0.5278280973434448,0.0018981145694851875,0.5297262072563171
1084,0.5277587175369263,0.0015390173066407442,0.5292977094650269
1085,0.527762770652771,0.0012372768251225352,0.5290000438690186
1086,0.5277246236801147,0.0011174792889505625,0.5288420915603638
1087,0.5277013182640076,0.0011138523695990443,0.5288151502609253
1088,0.527687132358551,0.0012009120546281338,0.5288880467414856
1089,0.5276437997817993,0.0014002493117004633,0.5290440320968628
1090,0.5276483297348022,0.0016760674770921469,0.5293244123458862
1091,0.5275885462760925,0.0021658572368323803,0.5297544002532959
1092,0.5276167988777161,0.002988275373354554,0.5306050777435303
1093,0.5275313258171082,0.004250835627317429,0.5317821502685547
1094,0.5276126265525818,0.00648966571316123,0.5341023206710815
1095,0.5274836421012878,0.008224052377045155,0.5357077121734619
1096,0.5276694297790527,0.009889120236039162,0.5375585556030273
1097,0.5275211334228516,0.006625959184020758,0.5341470837593079
1098,0.527718722820282,0.0025321063585579395,0.5302508473396301
1099,0.527745246887207,0.0012645013630390167,0.5290097594261169
1100,0.5276967883110046,0.0036110866349190474,0.5313078761100769
1101,0.5278937220573425,0.004699126351624727,0.5325928330421448
1102,0.5277354121208191,0.0023603688459843397,0.5300957560539246
1103,0.5277326107025146,0.0011659261072054505,0.5288985371589661
1104,0.5277476906776428,0.002700051525607705,0.5304477214813232
1105,0.5275858044624329,0.0036314968019723892,0.5312172770500183
1106,0.5276399254798889,0.0025003752671182156,0.5301402807235718
1107,0.5275229215621948,0.0011913141934201121,0.5287142395973206
1108,0.5274785161018372,0.0014524966245517135,0.5289310216903687
1109,0.5275082588195801,0.0026720885653048754,0.5301803350448608
1110,0.5274115800857544,0.003287337487563491,0.5306988954544067
1111,0.5274460315704346,0.0029294954147189856,0.5303755402565002
1112,0.5273712873458862,0.0019182513933628798,0.5292895436286926
1113,0.5273755192756653,0.0011766895186156034,0.528552234172821
1114,0.5273494720458984,0.001130799762904644,0.5284802913665771
1115,0.5273060202598572,0.0016425413778051734,0.5289485454559326
1116,0.5273184776306152,0.002226243494078517,0.5295447111129761
1117,0.5272560119628906,0.0024793269112706184,0.5297353267669678
1118,0.5272731184959412,0.0022940856870263815,0.5295671820640564
1119,0.5272064208984375,0.0017757969908416271,0.5289822220802307
1120,0.5272095203399658,0.0012698149075731635,0.5284793376922607
1121,0.5271822214126587,0.001098840730264783,0.528281033039093
1122,0.5271516442298889,0.001266486942768097,0.5284181237220764
1123,0.5271564722061157,0.0015471712686121464,0.5287036299705505
1124,0.5271043181419373,0.0017425422556698322,0.5288468599319458
1125,0.52712482213974,0.0016713021323084831,0.5287961363792419
1126,0.527068555355072,0.001466326997615397,0.5285348892211914
1127,0.5270684361457825,0.0012184111401438713,0.528286874294281
1128,0.5270377993583679,0.0011146350298076868,0.5281524062156677
1129,0.5270114541053772,0.0011553086806088686,0.5281667709350586
1130,0.5269991755485535,0.0012755407951772213,0.5282747149467468
1131,0.5269526839256287,0.0014441391685977578,0.5283968448638916
1132,0.5269570350646973,0.0015426864847540855,0.5284997224807739
1133,0.5269038677215576,0.0016248960746452212,0.5285287499427795
1134,0.5269084572792053,0.001627499470487237,0.5285359621047974
1135,0.52685546875,0.0016310614300891757,0.5284865498542786
1136,0.5268636345863342,0.0015849227784201503,0.5284485816955566
1137,0.5268135666847229,0.001570184831507504,0.528383731842041
1138,0.5268190503120422,0.0015267851995304227,0.5283458232879639
1139,0.5267723798751831,0.0015290806768462062,0.528301477432251
1140,0.5267812013626099,0.001510113594122231,0.5282913446426392
1141,0.5267345905303955,0.0015498356660827994,0.5282844305038452
1142,0.5267454981803894,0.001580186071805656,0.5283256769180298
1143,0.5266972184181213,0.0016873918939381838,0.5283846259117126
1144,0.5267168283462524,0.0018133461708202958,0.5285301804542542
1145,0.526658296585083,0.002056992379948497,0.5287153124809265
1146,0.5266920328140259,0.0023906079586595297,0.5290826559066772
1147,0.5266193151473999,0.002882266417145729,0.5295015573501587
1148,0.5266811847686768,0.0035770994145423174,0.530258297920227
1149,0.526584267616272,0.004261474125087261,0.5308457612991333
1150,0.5266870856285095,0.005042449105530977,0.531729519367218
1151,0.5265723466873169,0.004988349508494139,0.5315607190132141
1152,0.5267016887664795,0.004376122262328863,0.5310778021812439
1153,0.5266028642654419,0.002850928111001849,0.5294538140296936
1154,0.5266759395599365,0.0014805329265072942,0.5281564593315125
1155,0.5266551971435547,0.001124128932133317,0.5277793407440186
1156,0.5266076922416687,0.0017524873837828636,0.5283601880073547
1157,0.5266574025154114,0.0025543204974383116,0.529211699962616
1158,0.5265466570854187,0.002889023395255208,0.5294356942176819
1159,0.5266036987304688,0.002558498177677393,0.5291621685028076
1160,0.5265110731124878,0.0019037717720493674,0.5284148454666138
1161,0.526525616645813,0.0013007576344534755,0.5278263688087463
1162,0.5264854431152344,0.0010801103198900819,0.5275655388832092
1163,0.5264553427696228,0.001195958349853754,0.527651309967041
1164,0.5264569520950317,0.0015257205814123154,0.5279826521873474
1165,0.5263997912406921,0.0020451885648071766,0.5284450054168701
1166,0.5264284610748291,0.0026842879597097635,0.5291127562522888
1167,0.5263525247573853,0.003458399558439851,0.529810905456543
1168,0.5264055728912354,0.00455149170011282,0.530957043170929
1169,0.5263065695762634,0.005427554249763489,0.5317341089248657
1170,0.5264012813568115,0.0063631972298026085,0.5327644944190979
1171,0.5262848734855652,0.005628843791782856,0.531913697719574
1172,0.5264067649841309,0.004016476683318615,0.5304232239723206
1173,0.5263391733169556,0.0019011261174455285,0.5282403230667114
1174,0.5263780355453491,0.0011316831223666668,0.5275096893310547
1175,0.526425302028656,0.001997436163946986,0.5284227132797241
1176,0.5263358354568481,0.003039667848497629,0.5293754935264587
1177,0.5264178514480591,0.0028414875268936157,0.5292593240737915
1178,0.5263160467147827,0.00176479562651366,0.5280808210372925
1179,0.5263180136680603,0.001080125104635954,0.5273981094360352
1180,0.5263028740882874,0.001401310320943594,0.5277041792869568
1181,0.5262258052825928,0.002195217879489064,0.5284210443496704
1182,0.5262607336044312,0.0026307476218789816,0.5288915038108826
1183,0.5261725783348083,0.00245772791095078,0.5286303162574768
1184,0.5261977314949036,0.0019052885472774506,0.5281029939651489
1185,0.5261389017105103,0.001383440219797194,0.5275223255157471
1186,0.5261300802230835,0.001093436498194933,0.527223527431488
1187,0.5261092185974121,0.0011291682021692395,0.5272383689880371
1188,0.5260725021362305,0.0014051763573661447,0.5274776816368103
1189,0.5260772705078125,0.001759679988026619,0.5278369784355164
1190,0.5260221362113953,0.0021501583978533745,0.5281723141670227
1191,0.526041567325592,0.0024916932452470064,0.5285332798957825
1192,0.5259751081466675,0.002719072625041008,0.5286941528320312
1193,0.5260054469108582,0.002837106119841337,0.528842568397522
1194,0.5259342789649963,0.002712895628064871,0.5286471843719482
1195,0.525972843170166,0.0024021256249397993,0.528374969959259
1196,0.5259124636650085,0.0019461798947304487,0.5278586149215698
1197,0.5259386301040649,0.0014599410351365805,0.5273985862731934
1198,0.525905430316925,0.001177917467430234,0.5270833373069763
1199,0.5258966684341431,0.0011160083813592792,0.5270127058029175
1200,0.5258938670158386,0.0012494564289227128,0.5271432995796204
1201,0.5258498191833496,0.0015052417293190956,0.5273550748825073
1202,0.5258658528327942,0.0016932658618316054,0.5275591015815735
1203,0.525806188583374,0.001842511584982276,0.5276486873626709
1204,0.5258265733718872,0.0018579085590317845,0.5276845097541809
1205,0.5257658958435059,0.00184179178904742,0.5276076793670654
1206,0.5257832407951355,0.0017482523107901216,0.5275315046310425
1207,0.5257281064987183,0.0016819731099531054,0.527410089969635
1208,0.5257400870323181,0.001582387019880116,0.5273224711418152
1209,0.525691032409668,0.0015398699324578047,0.5272309184074402
1210,0.5256990790367126,0.0014798177871853113,0.5271788835525513
1211,0.5256540775299072,0.0014844146789982915,0.5271384716033936
1212,0.5256611108779907,0.0014812340959906578,0.527142345905304
1213,0.525616466999054,0.0015560223255306482,0.5271725058555603
1214,0.5256279110908508,0.0016509953420609236,0.5272789001464844
1215,0.5255778431892395,0.0018757028738036752,0.5274535417556763
1216,0.5256021022796631,0.0022178683429956436,0.5278199911117554
1217,0.5255381464958191,0.002820373745635152,0.528358519077301
1218,0.5255916714668274,0.003810880007222295,0.5294025540351868
1219,0.5255014896392822,0.005123739130795002,0.5306252241134644
1220,0.5256130695343018,0.007039812859147787,0.5326528549194336
1221,0.5254899859428406,0.007888597436249256,0.5333786010742188
1222,0.5256755948066711,0.007806337904185057,0.5334819555282593
1223,0.525566577911377,0.004746885038912296,0.5303134918212891
1224,0.5257053375244141,0.0017468364676460624,0.5274521708488464
1225,0.5257238149642944,0.0012850159546360373,0.5270088315010071
1226,0.5256621241569519,0.0030851364135742188,0.5287472605705261
1227,0.5257765650749207,0.0041338000446558,0.5299103856086731
1228,0.5256328582763672,0.0029032437596470118,0.5285360813140869
1229,0.5256630182266235,0.0012816255912184715,0.526944637298584
1230,0.5256190299987793,0.0012813262874260545,0.5269003510475159
1231,0.5255293250083923,0.002498506335541606,0.5280278325080872
1232,0.5255764722824097,0.0033244225196540356,0.5289009213447571
1233,0.5254637598991394,0.0029605666641145945,0.5284243226051331
1234,0.5254977345466614,0.0019626691937446594,0.5274603962898254
1235,0.5254403352737427,0.0012053879909217358,0.5266457200050354
1236,0.5254223346710205,0.0011029051383957267,0.5265252590179443
1237,0.5254209041595459,0.0015643984079360962,0.5269852876663208
1238,0.5253676772117615,0.0022616449277848005,0.5276293158531189
1239,0.5253950357437134,0.0028480482287704945,0.5282430648803711
1240,0.5253257751464844,0.0030773438047617674,0.528403103351593
1241,0.5253556370735168,0.002999272895976901,0.5283548831939697
1242,0.5252867937088013,0.002527963137254119,0.5278147459030151
1243,0.5253087878227234,0.0019026596564799547,0.5272114276885986
1244,0.5252606868743896,0.0013715940294787288,0.5266323089599609
1245,0.5252575874328613,0.0010969050927087665,0.5263544917106628
1246,0.52524733543396,0.0011645639315247536,0.5264118909835815
1247,0.5252116322517395,0.001457588979974389,0.5266692042350769
1248,0.5252282023429871,0.0017033556941896677,0.5269315838813782
1249,0.525173544883728,0.0018247804837301373,0.5269983410835266
1250,0.5251951813697815,0.0017073953058570623,0.5269025564193726
1251,0.525144100189209,0.0015100210439413786,0.5266541242599487
1252,0.5251492857933044,0.001266272272914648,0.5264155864715576
1253,0.5251165628433228,0.0011360939824953675,0.5262526273727417
1254,0.5250999331474304,0.0011010667076334357,0.5262010097503662
1255,0.5250851511955261,0.0011568907648324966,0.5262420177459717
1256,0.5250504016876221,0.001287941006012261,0.5263383388519287
1257,0.52504962682724,0.0014150860952213407,0.5264647006988525
1258,0.5250046253204346,0.001586412196047604,0.5265910625457764
1259,0.5250128507614136,0.0017337367171421647,0.5267465710639954
1260,0.5249606966972351,0.0019356372067704797,0.5268963575363159
1261,0.5249793529510498,0.002148169092833996,0.5271275043487549
1262,0.5249202251434326,0.0024368255399167538,0.5273570418357849
1263,0.5249536037445068,0.0027864696457982063,0.5277400612831116
1264,0.5248851180076599,0.0031761121936142445,0.5280612111091614
1265,0.5249407291412354,0.0036128535866737366,0.5285536050796509
1266,0.5248613357543945,0.00385029474273324,0.5287116169929504
1267,0.5249389410018921,0.003900360083207488,0.5288392901420593
1268,0.5248587727546692,0.003426631912589073,0.5282853841781616
1269,0.5249348878860474,0.0026244570035487413,0.5275593400001526
1270,0.5248780250549316,0.0017633017851039767,0.526641309261322
1271,0.5249045491218567,0.0011742550414055586,0.5260788202285767
1272,0.5248921513557434,0.0011349437991157174,0.5260270833969116
1273,0.5248523950576782,0.001517422846518457,0.5263698101043701
1274,0.5248767137527466,0.001955840503796935,0.5268325805664062
1275,0.5248031616210938,0.002296757185831666,0.5270999073982239
1276,0.524840235710144,0.0023529173340648413,0.5271931290626526
1277,0.524767279624939,0.0022262968122959137,0.5269935727119446
1278,0.5247959494590759,0.0019471769919618964,0.5267431139945984
1279,0.5247385501861572,0.0016845063073560596,0.5264230370521545
1280,0.5247506499290466,0.0014194026589393616,0.5261700749397278
1281,0.5247107148170471,0.0012630302226170897,0.5259737372398376
1282,0.5247064828872681,0.0011451436439529061,0.5258516073226929
1283,0.5246812105178833,0.0011039896635338664,0.5257852077484131
1284,0.5246645212173462,0.001095250598154962,0.525759756565094
1285,0.5246492624282837,0.0011147574987262487,0.5257640480995178
1286,0.524623453617096,0.0011708003003150225,0.525794267654419
1287,0.5246165990829468,0.0012430008500814438,0.5258595943450928
1288,0.5245814323425293,0.0013984708348289132,0.5259798765182495
1289,0.5245861411094666,0.0016313231317326427,0.5262174606323242
1290,0.5245371460914612,0.002101882826536894,0.5266390442848206
1291,0.5245660543441772,0.0029255617409944534,0.5274916291236877
1292,0.5244922041893005,0.0043595461174845695,0.5288517475128174
1293,0.5245761871337891,0.006877432577311993,0.5314536094665527
1294,0.5244619846343994,0.009621242061257362,0.5340832471847534
1295,0.5246577858924866,0.012654467485845089,0.5373122692108154
1296,0.5245265960693359,0.01031714491546154,0.5348437428474426
1297,0.5247868895530701,0.005159146152436733,0.5299460291862488
1298,0.5247977375984192,0.0012346941512078047,0.5260324478149414
1299,0.524813711643219,0.003207435831427574,0.5280211567878723
1300,0.5250118970870972,0.006050418131053448,0.5310623049736023
1301,0.524863600730896,0.003917567897588015,0.5287811756134033
1302,0.5248948335647583,0.0011442998657003045,0.5260391235351562
1303,0.5248672366142273,0.0024525579065084457,0.5273197889328003
1304,0.5247128009796143,0.004381990060210228,0.5290948152542114
1305,0.5247668623924255,0.0033746715635061264,0.5281415581703186
1306,0.524624764919281,0.0013552142772823572,0.5259799957275391
1307,0.5245816111564636,0.0014800745993852615,0.5260617136955261
1308,0.5246124267578125,0.003141182940453291,0.5277535915374756
1309,0.524501383304596,0.0037538392934948206,0.5282552242279053
1310,0.5245391726493835,0.002809809288010001,0.5273489952087402
1311,0.524476170539856,0.0014639169676229358,0.5259400606155396
1312,0.5244684815406799,0.0010719232959672809,0.5255404114723206
1313,0.5244661569595337,0.0017258155858144164,0.5261919498443604
1314,0.5244118571281433,0.0026363430079072714,0.5270481705665588
1315,0.5244379043579102,0.0030029676854610443,0.5274408459663391
1316,0.5243770480155945,0.002521683694794774,0.5268987417221069
1317,0.5243840217590332,0.0016814004629850388,0.5260654091835022
1318,0.5243423581123352,0.0011395433684810996,0.5254818797111511
1319,0.5243245959281921,0.0011787166586145759,0.5255033373832703
1320,0.524329423904419,0.001608286052942276,0.5259377360343933
1321,0.5242770910263062,0.0019631723407655954,0.5262402892112732
1322,0.524299144744873,0.001878295443020761,0.5261774659156799
1323,0.5242545008659363,0.0015005491441115737,0.5257550477981567
1324,0.5242577195167542,0.0011386882979422808,0.5253964066505432
1325,0.5242381691932678,0.0011056172661483288,0.5253437757492065
1326,0.5242096781730652,0.0013351017842069268,0.5255447626113892
1327,0.5242196321487427,0.0015440096613019705,0.5257636308670044
1328,0.5241720676422119,0.0015975424321368337,0.5257695913314819
1329,0.5241782665252686,0.0014245095662772655,0.5256027579307556
1330,0.5241411924362183,0.0012274013133719563,0.5253685712814331
1331,0.5241312384605408,0.001102151582017541,0.5252333879470825
1332,0.5241109132766724,0.001125935697928071,0.5252368450164795
1333,0.5240796208381653,0.001255007111467421,0.5253346562385559
1334,0.524077832698822,0.0013642426347360015,0.5254420638084412
1335,0.5240384936332703,0.0014487177832052112,0.5254871845245361
1336,0.5240393877029419,0.0014283590717241168,0.5254677534103394
1337,0.5240029096603394,0.0013819764135405421,0.5253849029541016
1338,0.5240035653114319,0.0012836812529712915,0.5252872705459595
1339,0.5239749550819397,0.001216883771121502,0.5251918435096741
1340,0.5239676237106323,0.0011536527890712023,0.52512127161026
1341,0.5239490866661072,0.0011286381632089615,0.5250777006149292
1342,0.5239359140396118,0.0011233220575377345,0.5250592231750488
1343,0.5239236354827881,0.0011352312285453081,0.5250588655471802
1344,0.5239027142524719,0.0011688120430335402,0.5250715017318726
1345,0.5238973498344421,0.0011956463567912579,0.5250930190086365
1346,0.5238711833953857,0.001249742112122476,0.5251209139823914
1347,0.5238699316978455,0.0012878598645329475,0.5251578092575073
1348,0.5238381624221802,0.0013629932655021548,0.525201141834259
1349,0.5238438248634338,0.0014202967286109924,0.5252641439437866
1350,0.5238063931465149,0.001532639260403812,0.5253390073776245
1351,0.5238185524940491,0.0016372770769521594,0.5254558324813843
1352,0.5237745642662048,0.0018216801108792424,0.5255962610244751
1353,0.5237981081008911,0.0020246515050530434,0.5258227586746216
1354,0.5237440466880798,0.0023358608596026897,0.5260798931121826
1355,0.5237827301025391,0.002707394305616617,0.5264901518821716
1356,0.5237171053886414,0.0031712206546217203,0.5268883109092712
1357,0.5237783193588257,0.0036924618761986494,0.5274707674980164
1358,0.5236988067626953,0.004084818530827761,0.5277836322784424
1359,0.5237835049629211,0.004313826560974121,0.5280973315238953
1360,0.5236998796463013,0.003993744496256113,0.5276936292648315
1361,0.5237872004508972,0.0032482596579939127,0.5270354747772217
1362,0.5237209796905518,0.0022349960636347532,0.5259559750556946
1363,0.5237630009651184,0.0013679800322279334,0.5251309871673584
1364,0.5237392783164978,0.0010865590302273631,0.5248258113861084
1365,0.5237095952033997,0.0013552876189351082,0.5250648856163025
1366,0.5237274169921875,0.0018554507987573743,0.5255828499794006
1367,0.5236564874649048,0.0023581329733133316,0.5260146260261536
1368,0.5236954689025879,0.0025819730944931507,0.5262774229049683
1369,0.5236196517944336,0.002567189047113061,0.5261868238449097
1370,0.5236570239067078,0.002330787479877472,0.5259878039360046
1371,0.5235945582389832,0.002031554700806737,0.5256261229515076
1372,0.5236173868179321,0.0016861687181517482,0.5253035426139832
1373,0.5235720872879028,0.001438154373317957,0.5250102281570435
1374,0.5235769748687744,0.0012308525620028377,0.5248078107833862
1375,0.5235483050346375,0.001134549151174724,0.524682879447937
1376,0.5235369205474854,0.0010892687132582068,0.5246261954307556
1377,0.5235209465026855,0.0010992416646331549,0.5246201753616333
1378,0.523497998714447,0.0011545693268999457,0.5246525406837463
1379,0.5234922170639038,0.0012293781619518995,0.524721622467041
1380,0.5234593152999878,0.0013755960389971733,0.524834930896759
1381,0.5234644412994385,0.001566247083246708,0.5250306725502014
1382,0.5234202742576599,0.0019213948398828506,0.5253416895866394
1383,0.5234435200691223,0.0024635314475744963,0.525907039642334
1384,0.5233811736106873,0.0033688596449792385,0.5267500281333923
1385,0.523439884185791,0.004807225428521633,0.5282471179962158
1386,0.523349940776825,0.006578126922249794,0.5299280881881714
1387,0.5234735012054443,0.008791627362370491,0.5322651267051697
1388,0.523360013961792,0.009104168973863125,0.5324642062187195
1389,0.5235509872436523,0.007582072168588638,0.5311330556869507
1390,0.5234832167625427,0.00359760201536119,0.5270808339118958
1391,0.523587703704834,0.0011590482899919152,0.5247467756271362
1392,0.5236501097679138,0.00217105052433908,0.5258211493492126
1393,0.5235635638237,0.004241451155394316,0.5278050303459167
1394,0.5236676931381226,0.004031778778880835,0.5276994705200195
1395,0.5235500335693359,0.0019839154556393623,0.5255339741706848
1396,0.5235406756401062,0.0010995991760864854,0.5246402621269226
1397,0.5235349535942078,0.002193545224145055,0.5257285237312317
1398,0.5234220623970032,0.0033957939594984055,0.5268178582191467
1399,0.5234687924385071,0.0031788235064595938,0.5266476273536682
1400,0.5233750343322754,0.001976274186745286,0.5253512859344482
1401,0.5233775973320007,0.0010995033662766218,0.5244771242141724
1402,0.5233591794967651,0.0012486198684200644,0.52460777759552
1403,0.5233107209205627,0.0020695372950285673,0.5253802537918091
1404,0.5233376026153564,0.0028137273620814085,0.5261513590812683
1405,0.5232727527618408,0.003035103902220726,0.5263078808784485
1406,0.5233016014099121,0.002722167642787099,0.5260237455368042
1407,0.5232453346252441,0.002065592212602496,0.5253109335899353
1408,0.5232541561126709,0.0014217032585293055,0.5246758460998535
1409,0.5232242345809937,0.0011067173909395933,0.5243309736251831
1410,0.5232059359550476,0.001158284256234765,0.5243642330169678
1411,0.5232062935829163,0.001443215529434383,0.5246495008468628
1412,0.5231652855873108,0.001780807157047093,0.5249460935592651
1413,0.5231837630271912,0.0019139847718179226,0.5250977277755737
1414,0.5231364369392395,0.0018389419419690967,0.5249753594398499
1415,0.5231533050537109,0.001558167627081275,0.5247114896774292
1416,0.5231181383132935,0.0012908332282677293,0.5244089961051941
1417,0.5231168270111084,0.0011082637356594205,0.524225115776062
1418,0.5231029391288757,0.0011031384347006679,0.5242061018943787
1419,0.5230794548988342,0.0012311730533838272,0.5243106484413147
1420,0.5230826735496521,0.0013705338351428509,0.5244532227516174
1421,0.5230453014373779,0.0014984086155891418,0.5245437026023865
1422,0.5230538845062256,0.001506694359704852,0.5245605707168579
1423,0.5230141878128052,0.0014723067870363593,0.5244864821434021
1424,0.5230185389518738,0.001356674823909998,0.5243752002716064
1425,0.52298504114151,0.0012650423450395465,0.5242500901222229
1426,0.522980272769928,0.001169726368971169,0.524150013923645
1427,0.5229567885398865,0.0011279500322416425,0.524084746837616
1428,0.5229429006576538,0.0011129542253911495,0.5240558385848999
1429,0.5229295492172241,0.0011266965884715319,0.5240562558174133
1430,0.5229089856147766,0.0011683040065690875,0.524077296257019
1431,0.5229040384292603,0.0012103075860068202,0.5241143703460693
1432,0.5228784084320068,0.0012864872114732862,0.5241649150848389
1433,0.5228802561759949,0.001357365632429719,0.5242376327514648
1434,0.5228488445281982,0.0014862734824419022,0.5243351459503174
1435,0.5228586792945862,0.0016303930897265673,0.5244890451431274
1436,0.5228192806243896,0.0018804874271154404,0.5246997475624084
1437,0.5228416919708252,0.0022023054771125317,0.5250440239906311
1438,0.5227901935577393,0.0026927380822598934,0.5254829525947571
1439,0.5228337645530701,0.0033384589478373528,0.5261722207069397
1440,0.522765576839447,0.00409591943025589,0.5268614888191223
1441,0.5228407382965088,0.0049235220067203045,0.5277642607688904
1442,0.5227575302124023,0.005288398824632168,0.5280459523200989
1443,0.5228623151779175,0.005118445493280888,0.5279807448387146
1444,0.5227851271629333,0.003923153504729271,0.5267083048820496
1445,0.5228722095489502,0.002345636487007141,0.5252178311347961
1446,0.522838830947876,0.001267106388695538,0.524105966091156
1447,0.5228386521339417,0.0012097725411877036,0.5240484476089478
1448,0.5228621959686279,0.0019203833071514964,0.5247825980186462
1449,0.5227880477905273,0.0026834500022232533,0.5254715085029602
1450,0.5228361487388611,0.0028041782788932323,0.5256403088569641
1451,0.5227552652359009,0.002335736993700266,0.5250909924507141
1452,0.5227813720703125,0.0016115506878122687,0.5243929028511047
1453,0.5227371454238892,0.001160031883046031,0.5238971710205078
1454,0.5227208137512207,0.0010939995991066098,0.5238147974014282
1455,0.5227167010307312,0.001354858628474176,0.5240715742111206
1456,0.5226719975471497,0.0018103797920048237,0.5244823694229126
1457,0.5226927995681763,0.002242813352495432,0.5249356031417847
1458,0.5226354002952576,0.0026405679527670145,0.5252759456634521
1459,0.5226672887802124,0.0029377390164881945,0.5256050229072571
1460,0.522604763507843,0.003117794869467616,0.5257225632667542
1461,0.5226424932479858,0.0031731247436255217,0.5258156061172485
1462,0.5225793123245239,0.0030301467049866915,0.5256094336509705
1463,0.5226200819015503,0.002695520641282201,0.5253155827522278
1464,0.5225664377212524,0.0022170941811054945,0.5247835516929626
1465,0.5225966572761536,0.0016688741743564606,0.5242655277252197
1466,0.5225640535354614,0.0012804112629964948,0.5238444805145264
1467,0.5225662589073181,0.001090268255211413,0.5236565470695496
1468,0.5225595235824585,0.0011441189562901855,0.5237036347389221
1469,0.5225309729576111,0.001367466989904642,0.5238984227180481
1470,0.5225439071655273,0.0015850294148549438,0.5241289138793945
1471,0.5224990248680115,0.0017822390655055642,0.5242812633514404
1472,0.522519588470459,0.0018309755250811577,0.5243505835533142
1473,0.5224722623825073,0.0018210408743470907,0.5242933034896851
1474,0.522490382194519,0.001698566833510995,0.5241889357566833
1475,0.5224481225013733,0.0015827154275029898,0.524030864238739
1476,0.5224578380584717,0.0014258639421314,0.5238837003707886
1477,0.5224234461784363,0.0013235866790637374,0.5237470269203186
1478,0.522423505783081,0.0012197106843814254,0.5236431956291199
1479,0.5223971009254456,0.0011700292816385627,0.5235671401023865
1480,0.5223890542984009,0.0011279816972091794,0.5235170125961304
1481,0.5223696231842041,0.0011160848662257195,0.5234857201576233
1482,0.522356390953064,0.0011111643398180604,0.5234675407409668
1483,0.5223425626754761,0.0011156926630064845,0.5234582424163818
1484,0.5223259329795837,0.0011302729835733771,0.5234562158584595
1485,0.5223171710968018,0.0011448991717770696,0.5234620571136475
1486,0.5222970843315125,0.0011824107496067882,0.5234795212745667
1487,0.5222936868667603,0.00122368976008147,0.523517370223999
1488,0.5222683548927307,0.0013214433565735817,0.5235897898674011
1489,0.5222734212875366,0.001457836595363915,0.5237312316894531
1490,0.5222383737564087,0.0017472023610025644,0.5239855647087097
1491,0.5222592353820801,0.002219884190708399,0.52447909116745
1492,0.5222069025039673,0.003108004108071327,0.5253149271011353
1493,0.5222607254981995,0.004633924923837185,0.5268946290016174
1494,0.5221795439720154,0.006910007447004318,0.5290895700454712
1495,0.5223028063774109,0.010239130817353725,0.5325419306755066
1496,0.5221906900405884,0.012136312201619148,0.5343270301818848
1497,0.5224184393882751,0.0118329506367445,0.5342513918876648
1498,0.5223474502563477,0.006286110728979111,0.5286335349082947
1499,0.5225255489349365,0.001534188981167972,0.5240597128868103
1500,0.5226121544837952,0.0021839640103280544,0.5247961282730103
1501,0.5225393176078796,0.005426252726465464,0.5279655456542969
1502,0.5226801037788391,0.005105961579829454,0.5277860760688782
1503,0.5225592255592346,0.001896382193081081,0.5244556069374084
1504,0.5225279927253723,0.001446336624212563,0.5239743590354919
1505,0.522541344165802,0.0036884755827486515,0.5262297987937927
1506,0.5223909020423889,0.004238871857523918,0.5266297459602356
1507,0.5224279761314392,0.0023667144123464823,0.5247946977615356
1508,0.5223429203033447,0.0010627771262079477,0.5234056711196899
1509,0.5222897529602051,0.0018677820917218924,0.5241575241088867
1510,0.5223186612129211,0.003311594482511282,0.5256302356719971
1511,0.5222248435020447,0.0035088476724922657,0.5257337093353271
1512,0.5222564935684204,0.00244144513271749,0.5246979594230652
1513,0.5222048163414001,0.0013177826767787337,0.5235226154327393
1514,0.5221920609474182,0.0011054512578994036,0.5232974886894226
1515,0.5221923589706421,0.0017546237213537097,0.52394700050354
1516,0.5221452713012695,0.0025501777417957783,0.5246954560279846
1517,0.5221676826477051,0.0028145199175924063,0.524982213973999
1518,0.5221135020256042,0.002384594175964594,0.5244981050491333
1519,0.5221245288848877,0.0016411419492214918,0.5237656831741333
1520,0.5220927000045776,0.001144459587521851,0.5232371687889099
1521,0.5220792889595032,0.0011428836733102798,0.5232221484184265
1522,0.5220822095870972,0.0014945934526622295,0.5235767960548401
1523,0.5220434665679932,0.0018477889243513346,0.523891270160675
1524,0.522063672542572,0.001841702382080257,0.5239053964614868
1525,0.5220237970352173,0.0015599726466462016,0.5235837697982788
1526,0.5220307111740112,0.0012032181257382035,0.523233950138092
1527,0.5220129489898682,0.0010823407210409641,0.5230953097343445
1528,0.5219948291778564,0.001212817500345409,0.5232076644897461
1529,0.5219991207122803,0.0014102215645834804,0.523409366607666
1530,0.521963357925415,0.0015326142311096191,0.5234959721565247
1531,0.5219720602035522,0.001443421933799982,0.5234155058860779
1532,0.521939754486084,0.0012842167634516954,0.5232239961624146
1533,0.5219354629516602,0.0011284961365163326,0.5230639576911926
1534,0.5219171643257141,0.001097487867809832,0.5230146646499634
1535,0.5218969583511353,0.0011721180053427815,0.5230690836906433
1536,0.5218931436538696,0.001269446685910225,0.5231626033782959
1537,0.5218632817268372,0.001360046910122037,0.523223340511322
1538,0.5218656063079834,0.0013595025520771742,0.5232251286506653
1539,0.5218375325202942,0.0013280084822326899,0.5231655240058899
1540,0.5218380093574524,0.0012432190123945475,0.5230812430381775
1541,0.5218159556388855,0.0011819085339084268,0.5229978561401367
1542,0.5218104720115662,0.001128235599026084,0.5229387283325195
1543,0.5217970013618469,0.0011130771599709988,0.5229100584983826
1544,0.5217841267585754,0.0011241190368309617,0.5229082703590393
1545,0.5217772126197815,0.0011469083838164806,0.5229241251945496
1546,0.5217587351799011,0.0011882907710969448,0.5229470133781433
1547,0.5217568278312683,0.0012125973589718342,0.5229694247245789
1548,0.5217341184616089,0.0012495089322328568,0.5229836106300354
1549,0.5217350721359253,0.0012548358645290136,0.5229899287223816
1550,0.5217109322547913,0.0012733935145661235,0.5229843258857727
1551,0.5217125415802002,0.0012599079636856914,0.5229724645614624
1552,0.5216880440711975,0.0012642521178349853,0.5229523181915283
1553,0.5216895937919617,0.0012408550828695297,0.5229304432868958
1554,0.5216663479804993,0.0012391434283927083,0.5229054689407349
1555,0.5216666460037231,0.001215613097883761,0.5228822827339172
1556,0.5216448307037354,0.0012147011002525687,0.522859513759613
1557,0.5216442942619324,0.0011959488037973642,0.5228402614593506
1558,0.5216233730316162,0.0011998536065220833,0.5228232145309448
1559,0.5216220021247864,0.0011885389685630798,0.5228105187416077
1560,0.5216014385223389,0.0011999885318800807,0.522801399230957
1561,0.5216003060340881,0.0011981702409684658,0.522798478603363
1562,0.5215784907341003,0.001223514904268086,0.5228019952774048
1563,0.5215786695480347,0.0012386348098516464,0.5228173136711121
1564,0.5215542316436768,0.0012935528066009283,0.5228477716445923
1565,0.5215581059455872,0.0013495052698999643,0.5229076147079468
1566,0.5215284824371338,0.0014794791350141168,0.5230079889297485
1567,0.5215401649475098,0.0016500408528372645,0.5231902003288269
1568,0.5215014219284058,0.001981988549232483,0.523483395576477
1569,0.5215282440185547,0.0024819544050842524,0.524010181427002
1570,0.5214740633964539,0.0033307441044598818,0.5248048305511475
1571,0.5215303897857666,0.004645571578294039,0.5261759757995605
1572,0.5214524865150452,0.006379281636327505,0.5278317928314209
1573,0.5215626358985901,0.00857467669993639,0.530137300491333
1574,0.52146315574646,0.009522359818220139,0.5309855341911316
1575,0.5216381549835205,0.008835515938699245,0.5304736495018005
1576,0.5215672850608826,0.0051592509262263775,0.5267265439033508
1577,0.5216972231864929,0.0017163959564641118,0.5234135985374451
1578,0.5217285752296448,0.0013767571654170752,0.5231053233146667
1579,0.5216787457466125,0.0035249548964202404,0.5252037048339844
1580,0.5217761993408203,0.004614365287125111,0.526390552520752
1581,0.521662712097168,0.0031102756038308144,0.5247730016708374
1582,0.5216891765594482,0.0012650520075112581,0.5229542255401611
1583,0.5216550827026367,0.0013961059739813209,0.5230512022972107
1584,0.5215710401535034,0.002829900709912181,0.5244009494781494
1585,0.5216106176376343,0.0035028455313295126,0.5251134634017944
1586,0.5215110182762146,0.0027488304767757654,0.5242598652839661
1587,0.5215305089950562,0.0015174454310908914,0.5230479836463928
1588,0.5214923024177551,0.0010515677276998758,0.5225438475608826
1589,0.5214570164680481,0.0015370412729680538,0.5229940414428711
1590,0.5214724540710449,0.002349731745198369,0.5238221883773804
1591,0.5214133858680725,0.0028725790325552225,0.5242859721183777
1592,0.5214417576789856,0.002792767947539687,0.5242345333099365
1593,0.5213877558708191,0.0022513619624078274,0.5236391425132751
1594,0.521400511264801,0.0015814002836123109,0.5229818820953369
1595,0.5213706493377686,0.0011685508070513606,0.5225391983985901
1596,0.521358847618103,0.0011154036037623882,0.5224742293357849
1597,0.5213561058044434,0.0013538795756176114,0.5227099657058716
1598,0.5213228464126587,0.001708643278107047,0.52303147315979
1599,0.521338701248169,0.001909700920805335,0.5232483744621277
1600,0.521297812461853,0.0019101211801171303,0.52320796251297
1601,0.5213151574134827,0.00167058315128088,0.5229857563972473
1602,0.5212831497192383,0.001388489967212081,0.522671639919281
1603,0.5212868452072144,0.0011524527799338102,0.5224393010139465
1604,0.521273136138916,0.001095675746910274,0.5223687887191772
1605,0.5212569832801819,0.0011906939325854182,0.5224477052688599
1606,0.5212605595588684,0.0013296621618792415,0.5225902199745178
1607,0.5212311148643494,0.0014619563007727265,0.5226930975914001
1608,0.5212404727935791,0.0014695825520902872,0.5227100849151611
1609,0.5212088823318481,0.001418065745383501,0.5226269364356995
1610,0.521213710308075,0.0012869640486314893,0.5225006937980652
1611,0.5211890339851379,0.0011877317447215319,0.5223767757415771
1612,0.5211830139160156,0.0011156084947288036,0.5222986340522766
1613,0.5211692452430725,0.0011076038936153054,0.5222768783569336
1614,0.5211527347564697,0.0011476838262751698,0.5223004221916199
1615,0.5211479663848877,0.001200067694298923,0.5223480463027954
1616,0.5211251378059387,0.001273110043257475,0.5223982334136963
1617,0.5211270451545715,0.0013136530760675669,0.5224406719207764
1618,0.5211014747619629,0.001363692688755691,0.522465169429779
1619,0.5211062431335449,0.0013725088210776448,0.5224787592887878
1620,0.5210801362991333,0.0013961909571662545,0.522476315498352
1621,0.5210861563682556,0.0013842132175341249,0.5224703550338745
1622,0.5210598707199097,0.0013949498534202576,0.5224547982215881
1623,0.5210664868354797,0.0013748497003689408,0.5224413275718689
1624,0.5210407376289368,0.0013820062158629298,0.522422730922699
1625,0.5210475325584412,0.0013610530877485871,0.5224086046218872
1626,0.5210217237472534,0.0013697439571842551,0.5223914384841919
1627,0.5210286378860474,0.0013513758312910795,0.522379994392395
1628,0.5210026502609253,0.0013647181913256645,0.5223673582077026
1629,0.5210095643997192,0.0013525249669328332,0.5223621129989624
1630,0.5209830403327942,0.001374854356981814,0.5223578810691833
1631,0.5209906697273254,0.0013735913671553135,0.5223642587661743
1632,0.520963191986084,0.0014121002750471234,0.5223752856254578
1633,0.520972490310669,0.0014305796939879656,0.5224030613899231
1634,0.5209430456161499,0.0014987768372520804,0.5224418044090271
1635,0.5209557414054871,0.001555142691358924,0.5225108861923218
1636,0.5209224224090576,0.001680657616816461,0.5226030945777893
1637,0.5209408402442932,0.0018132340628653765,0.5227540731430054
1638,0.5209015011787415,0.002048593945801258,0.5229501128196716
1639,0.5209293961524963,0.002330019371584058,0.5232594013214111
1640,0.5208809971809387,0.0027540235314518213,0.5236350297927856
1641,0.5209239721298218,0.00327297393232584,0.5241969227790833
1642,0.5208637714385986,0.0038973246701061726,0.5247610807418823
1643,0.5209283232688904,0.004551216494292021,0.5254795551300049
1644,0.5208575129508972,0.004958064295351505,0.5258156061172485
1645,0.5209432244300842,0.0049824342131614685,0.5259256362915039
1646,0.5208742022514343,0.0042604743503034115,0.5251346826553345
1647,0.5209543704986572,0.0030256519094109535,0.5239800214767456
1648,0.5209113359451294,0.0017955952789634466,0.522706925868988
1649,0.5209354758262634,0.001114057144150138,0.5220495462417603
1650,0.5209346413612366,0.0012614271836355329,0.5221960544586182
1651,0.5208916068077087,0.0019305925816297531,0.5228222012519836
1652,0.5209232568740845,0.002491277176886797,0.5234145522117615
1653,0.5208544731140137,0.002668483182787895,0.5235229730606079
1654,0.5208897590637207,0.002344956388697028,0.5232347249984741
1655,0.5208339095115662,0.0018353076884523034,0.5226691961288452
1656,0.5208465456962585,0.0013341321609914303,0.5221806764602661
1657,0.5208187699317932,0.0011021493701264262,0.521920919418335
1658,0.5208031535148621,0.0011228215880692005,0.5219259858131409
1659,0.5208009481430054,0.0013235625810921192,0.5221245288848877
1660,0.5207661986351013,0.0016489747213199735,0.5224151611328125
1661,0.5207809209823608,0.0019624182023108006,0.5227433443069458
1662,0.5207363963127136,0.002296790713444352,0.5230332016944885
1663,0.520760715007782,0.0025703134015202522,0.5233310461044312
1664,0.5207105875015259,0.0028203914407640696,0.5235309600830078
1665,0.5207429528236389,0.0029810667037963867,0.5237240195274353
1666,0.5206902027130127,0.0030354068148881197,0.5237256288528442
1667,0.5207293629646301,0.002912895753979683,0.5236422419548035
1668,0.5206804871559143,0.0026204141322523355,0.5233008861541748
1669,0.5207176804542542,0.0021499888971447945,0.5228676795959473
1670,0.5206817388534546,0.001680494286119938,0.522362232208252
1671,0.520700216293335,0.0012745214626193047,0.5219747424125671
1672,0.5206844210624695,0.0011045921128243208,0.521789014339447
1673,0.5206743478775024,0.001146043767221272,0.5218203663825989
1674,0.5206781029701233,0.0013171294704079628,0.5219952464103699
1675,0.5206465125083923,0.0015548180090263486,0.5222013592720032
1676,0.5206621289253235,0.001700868015177548,0.522363007068634
1677,0.5206225514411926,0.0017916110809892416,0.5224141478538513
1678,0.5206401944160461,0.001745276851579547,0.5223854780197144
1679,0.5206024050712585,0.0016690300544723868,0.522271454334259
1680,0.5206149220466614,0.0015206472016870975,0.5221355557441711
1681,0.52058345079422,0.0014049626188352704,0.5219883918762207
1682,0.5205878019332886,0.001277169561944902,0.5218649506568909
1683,0.5205641984939575,0.0012039551511406898,0.5217681527137756
1684,0.520560622215271,0.0011422255774959922,0.5217028260231018
1685,0.5205443501472473,0.0011193130630999804,0.5216636657714844
1686,0.5205346941947937,0.001110190525650978,0.5216448903083801
1687,0.5205245614051819,0.001116429571993649,0.5216410160064697
1688,0.5205104947090149,0.0011376363690942526,0.521648108959198
1689,0.520505428314209,0.0011602779850363731,0.5216656923294067
1690,0.5204875469207764,0.0012077464489266276,0.5216953158378601
1691,0.5204876065254211,0.0012558832531794906,0.5217434763908386
1692,0.5204651951789856,0.0013526176335290074,0.5218178033828735
1693,0.5204721093177795,0.0014665743801742792,0.521938681602478
1694,0.52044278383255,0.0016790119698271155,0.522121787071228
1695,0.5204601883888245,0.001961930887773633,0.5224221348762512
1696,0.5204204320907593,0.0024372506886720657,0.522857666015625
1697,0.5204553008079529,0.0031000892631709576,0.5235553979873657
1698,0.5204004049301147,0.004041392356157303,0.5244417786598206
1699,0.5204641222953796,0.005242136772722006,0.5257062315940857
1700,0.520392119884491,0.006350591313093901,0.526742696762085
1701,0.5204949378967285,0.0071020652540028095,0.5275970101356506
1702,0.5204193592071533,0.006429764442145824,0.5268491506576538
1703,0.5205371975898743,0.004569002892822027,0.5251061916351318
1704,0.5204964280128479,0.002269042655825615,0.5227654576301575
1705,0.5205411314964294,0.001101283822208643,0.5216423869132996
1706,0.5205617547035217,0.0016716335667297244,0.5222333669662476
1707,0.5205028057098389,0.0029699555598199368,0.523472785949707
1708,0.5205571055412292,0.0034373740199953318,0.523994505405426
1709,0.5204736590385437,0.0027231525164097548,0.523196816444397
1710,0.5204996466636658,0.0015688642160966992,0.5220685005187988
1711,0.5204604268074036,0.0010702720610424876,0.5215306878089905
1712,0.5204270482063293,0.0014323615469038486,0.5218594074249268
1713,0.5204393863677979,0.0021465206518769264,0.522585928440094
1714,0.5203772783279419,0.0026806648820638657,0.5230579376220703
1715,0.52040696144104,0.0026706287171691656,0.5230776071548462
1716,0.5203511714935303,0.002262837952002883,0.5226140022277832
1717,0.5203688144683838,0.0016763157909736037,0.5220451354980469
1718,0.5203357338905334,0.0012561868643388152,0.5215919017791748
1719,0.5203296542167664,0.0010852066334336996,0.5214148759841919
1720,0.5203210711479187,0.001180857652798295,0.5215019583702087
1721,0.5202954411506653,0.0014554416993632913,0.5217508673667908
1722,0.520304262638092,0.0017431658925488591,0.5220474004745483
1723,0.5202674865722656,0.002005128189921379,0.5222725868225098
1724,0.5202856659889221,0.002117130672559142,0.522402822971344
1725,0.5202459692955017,0.0021174673456698656,0.5223634243011475
1726,0.5202659964561462,0.0019535617902874947,0.5222195386886597
1727,0.5202314257621765,0.001732714707031846,0.5219641327857971
1728,0.520246148109436,0.001452041557058692,0.5216981768608093
1729,0.5202233195304871,0.0012480614241212606,0.521471381187439
1730,0.5202243328094482,0.0011177118867635727,0.5213420391082764
1731,0.5202155113220215,0.0011048619635403156,0.5213204026222229
1732,0.5202013254165649,0.0011805797694250941,0.5213819146156311
1733,0.5202038884162903,0.0012775515206158161,0.521481454372406
1734,0.520179271697998,0.001390822697430849,0.521570086479187
1735,0.5201878547668457,0.001435527577996254,0.5216233730316162
1736,0.5201594829559326,0.001461914274841547,0.5216214060783386
1737,0.5201675891876221,0.0014135336969047785,0.5215811133384705
1738,0.5201408863067627,0.0013674654765054584,0.5215083360671997
1739,0.5201451778411865,0.001283853780478239,0.5214290022850037
1740,0.5201230049133301,0.0012291505699977279,0.5213521718978882
1741,0.520121693611145,0.0011683349730446935,0.5212900042533875
1742,0.5201051831245422,0.0011394185712561011,0.5212445855140686
1743,0.5200986266136169,0.0011172976810485125,0.5212159156799316
1744,0.5200872421264648,0.0011136183748021722,0.5212008357048035
1745,0.5200766921043396,0.0011196333216503263,0.5211963057518005
1746,0.5200697779655457,0.0011297257151454687,0.5211995244026184
1747,0.520055890083313,0.0011530518531799316,0.5212089419364929
1748,0.5200526118278503,0.0011723218485713005,0.5212249159812927
1749,0.5200356245040894,0.0012131972471252084,0.5212488174438477
1750,0.5200361609458923,0.001249196706339717,0.521285355091095
1751,0.5200154185295105,0.0013231238117441535,0.5213385224342346
1752,0.5200210809707642,0.0013998814392834902,0.521420955657959
1753,0.5199951529502869,0.0015446132747456431,0.5215397477149963
1754,0.5200083255767822,0.001716812141239643,0.5217251181602478
1755,0.5199747085571289,0.0020098283421248198,0.5219845175743103
1756,0.5199998021125793,0.0023853578604757786,0.5223851799964905
1757,0.5199554562568665,0.0029469060245901346,0.5229023694992065
1758,0.519999086856842,0.0036543705500662327,0.5236534476280212
1759,0.5199413895606995,0.0044858381152153015,0.5244272351264954
1760,0.520011305809021,0.005313865374773741,0.5253251791000366
1761,0.519943356513977,0.005697593092918396,0.5256409645080566
1762,0.5200366377830505,0.005426047369837761,0.5254626870155334
1763,0.5199761986732483,0.004178283270448446,0.5241544842720032
1764,0.5200538635253906,0.00249938084743917,0.5225532650947571
1765,0.5200284719467163,0.001314937137067318,0.5213434100151062
1766,0.5200333595275879,0.0011768555268645287,0.5212101936340332
1767,0.520052433013916,0.0018834172515198588,0.5219358205795288
1768,0.5199933648109436,0.002701545599848032,0.5226948857307434
1769,0.5200334787368774,0.002868225798010826,0.522901713848114
1770,0.5199665427207947,0.002399628283455968,0.5223661661148071
1771,0.519989013671875,0.0016322897281497717,0.5216212868690491
1772,0.5199522376060486,0.001154096215032041,0.5211063623428345
1773,0.5199370980262756,0.0011215907288715243,0.5210586786270142
1774,0.5199359059333801,0.001441765227355063,0.521377682685852
1775,0.5198954343795776,0.0019155872287228703,0.5218110084533691
1776,0.5199148654937744,0.002260023495182395,0.5221748948097229
1777,0.5198672413825989,0.0024444865994155407,0.5223117470741272
1778,0.5198913812637329,0.002389998873695731,0.5222814083099365
1779,0.5198475122451782,0.002203993499279022,0.5220515131950378
1780,0.5198659896850586,0.0018941443413496017,0.521760106086731
1781,0.5198318958282471,0.0016032522544264793,0.5214351415634155
1782,0.519839882850647,0.001329369144514203,0.5211692452430725
1783,0.5198192596435547,0.0011721719056367874,0.5209914445877075
1784,0.5198144316673279,0.0011041249381378293,0.5209185481071472
1785,0.5198075175285339,0.0011288851965218782,0.5209364295005798
1786,0.5197912454605103,0.001223575440235436,0.5210148096084595
1787,0.5197951197624207,0.0013247234746813774,0.5211198329925537
1788,0.5197709202766418,0.001446053385734558,0.5212169885635376
1789,0.5197813510894775,0.0015105739003047347,0.5212919116020203
1790,0.5197534561157227,0.0015691895969212055,0.5213226675987244
1791,0.5197659730911255,0.0015547765651717782,0.5213207602500916
1792,0.519737958908081,0.0015382946003228426,0.5212762355804443
1793,0.519749104976654,0.001463450025767088,0.5212125778198242
1794,0.519723653793335,0.0014052840415388346,0.5211289525032043
1795,0.5197307467460632,0.0013153263134881854,0.5210461020469666
1796,0.5197096467018127,0.0012573563726618886,0.5209670066833496
1797,0.5197110772132874,0.0011908031301572919,0.5209018588066101
1798,0.519694447517395,0.0011569753987714648,0.5208514332771301
1799,0.519690215587616,0.0011263182386755943,0.5208165049552917
1800,0.5196780562400818,0.0011168268974870443,0.5207948684692383
1801,0.519669234752655,0.0011145711177960038,0.5207837820053101
1802,0.5196611285209656,0.0011195616098120809,0.5207806825637817
1803,0.519649088382721,0.0011344688246026635,0.520783543586731
1804,0.5196444392204285,0.0011473611230030656,0.5207918286323547
1805,0.519629716873169,0.0011759994085878134,0.5208057165145874
1806,0.5196284651756287,0.0011995318345725536,0.5208280086517334
1807,0.5196108222007751,0.001251115812920034,0.5208619236946106
1808,0.51961350440979,0.0013027925742790103,0.5209162831306458
1809,0.5195916891098022,0.0014078374952077866,0.520999550819397
1810,0.5196003317832947,0.0015345154097303748,0.5211348533630371
1811,0.5195719599723816,0.001767640351317823,0.5213395953178406
1812,0.5195906758308411,0.0020816978067159653,0.5216723680496216
1813,0.5195522904396057,0.002599620260298252,0.5221518874168396
1814,0.519588053226471,0.003315320471301675,0.5229033827781677
1815,0.5195353627204895,0.004306991118937731,0.5238423347473145
1816,0.5195989012718201,0.005521575920283794,0.5251204967498779
1817,0.5195308923721313,0.006574157625436783,0.5261050462722778
1818,0.5196300148963928,0.007128314580768347,0.5267583131790161
1819,0.519561231136322,0.006245975382626057,0.5258072018623352
1820,0.5196691155433655,0.0042249104008078575,0.5238940119743347
1821,0.5196355581283569,0.0020272124093025923,0.5216627717018127
1822,0.5196715593338013,0.0010918340412899852,0.5207633972167969
1823,0.5196947455406189,0.001799281919375062,0.5214940309524536
1824,0.5196384787559509,0.003052440471947193,0.5226908922195435
1825,0.5196901559829712,0.0033841205295175314,0.5230742692947388
1826,0.519615113735199,0.0025974116288125515,0.5222125053405762
1827,0.5196372866630554,0.0014792048605158925,0.5211164951324463
1828,0.5196036696434021,0.0010719652054831386,0.5206756591796875
1829,0.5195698142051697,0.0015005578752607107,0.5210703611373901
1830,0.5195824503898621,0.0021995478309690952,0.5217819809913635
1831,0.5195232629776001,0.0026464995462447405,0.5221697688102722
1832,0.5195497274398804,0.0025239866226911545,0.5220736861228943
1833,0.5194994807243347,0.002053104806691408,0.521552562713623
1834,0.5195120573043823,0.0014835140900686383,0.520995557308197
1835,0.5194856524467468,0.0011523468419909477,0.5206379890441895
1836,0.5194754004478455,0.001109930919483304,0.5205853581428528
1837,0.5194723010063171,0.0013037134194746614,0.5207760334014893
1838,0.5194449424743652,0.001625758595764637,0.5210707187652588
1839,0.5194565653800964,0.001890822546556592,0.5213474035263062
1840,0.5194212198257446,0.002069290494546294,0.5214905142784119
1841,0.5194388031959534,0.002059943974018097,0.5214987397193909
1842,0.5194041132926941,0.0019356904085725546,0.5213397741317749
1843,0.5194197297096252,0.0016818837029859424,0.5211015939712524
1844,0.5193934440612793,0.0014370456337928772,0.520830512046814
1845,0.5194002389907837,0.0012166438391432166,0.520616888999939
1846,0.5193871259689331,0.001116849249228835,0.5205039978027344
1847,0.5193801522254944,0.0011208144715055823,0.5205009579658508
1848,0.519379734992981,0.001196568482555449,0.5205762982368469
1849,0.5193610191345215,0.0013159399386495352,0.5206769704818726
1850,0.5193684101104736,0.0013883449137210846,0.5207567811012268
1851,0.5193444490432739,0.001435814774595201,0.5207802653312683
1852,0.5193533301353455,0.0013970864238217473,0.5207504034042358
1853,0.5193301439285278,0.0013446711236611009,0.5206748247146606
1854,0.5193344354629517,0.0012505787890404463,0.5205850005149841
1855,0.5193161964416504,0.0011853547766804695,0.5205015540122986
1856,0.5193134546279907,0.0011290200054645538,0.5204424858093262
1857,0.5193016529083252,0.0011109936749562621,0.5204126238822937
1858,0.5192920565605164,0.0011171511141583323,0.5204092264175415
1859,0.5192863345146179,0.0011380815412849188,0.5204244256019592
1860,0.5192715525627136,0.001178211416117847,0.5204497575759888
1861,0.5192704200744629,0.00120880629401654,0.5204792022705078
1862,0.5192526578903198,0.001255055540241301,0.5205076932907104
1863,0.5192548036575317,0.0012807401362806559,0.5205355286598206
1864,0.5192350149154663,0.001325218821875751,0.5205602049827576
1865,0.5192397236824036,0.0013469553086906672,0.5205866694450378
1866,0.519218385219574,0.0013934740563854575,0.5206118822097778
1867,0.5192254185676575,0.0014175872784107924,0.5206429958343506
1868,0.5192024111747742,0.0014725553337484598,0.5206749439239502
1869,0.5192122459411621,0.001504634041339159,0.5207169055938721
1870,0.5191872119903564,0.0015726033598184586,0.5207598209381104
1871,0.5192001461982727,0.0016154974000528455,0.5208156704902649
1872,0.5191726088523865,0.0016972648445516825,0.5208698511123657
1873,0.5191891193389893,0.0017491610487923026,0.5209382772445679
1874,0.5191588997840881,0.0018390599871054292,0.520997941493988
1875,0.5191789865493774,0.0018903297604992986,0.5210692882537842
1876,0.5191463828086853,0.001972548896446824,0.5211189389228821
1877,0.5191696882247925,0.0020023598335683346,0.521172046661377
1878,0.5191354155540466,0.0020504924468696117,0.5211859345436096
1879,0.5191605687141418,0.002030616858974099,0.5211911797523499
1880,0.5191258788108826,0.0020180370192974806,0.521143913269043
1881,0.5191502571105957,0.0019304421730339527,0.5210806727409363
1882,0.5191170573234558,0.0018529987428337336,0.5209700465202332
1883,0.5191375017166138,0.0017132729990407825,0.5208507776260376
1884,0.5191078186035156,0.0016028117388486862,0.5207106471061707
1885,0.5191216468811035,0.001459105871617794,0.5205807685852051
1886,0.5190969109535217,0.0013628845335915685,0.520459771156311
1887,0.5191030502319336,0.0012595446314662695,0.5203626155853271
1888,0.5190837383270264,0.0012033367529511452,0.5202870965003967
1889,0.5190829038619995,0.0011512559140101075,0.5202341675758362
1890,0.519068717956543,0.0011303388746455312,0.5201990604400635
1891,0.5190626382827759,0.0011150528443977237,0.5201776623725891
1892,0.5190525054931641,0.0011135179083794355,0.5201660394668579
1893,0.5190428495407104,0.0011183999013155699,0.5201612710952759
1894,0.519036054611206,0.0011259290622547269,0.5201619863510132
1895,0.5190236568450928,0.0011444332776591182,0.5201680660247803
1896,0.5190199017524719,0.0011616273550316691,0.5201815366744995
1897,0.5190047025680542,0.0012011751532554626,0.5202058553695679
1898,0.5190047025680542,0.0012444404419511557,0.5202491283416748
1899,0.5189855694770813,0.0013373164692893624,0.520322859287262
1900,0.5189916491508484,0.0014603290474042296,0.5204519629478455
1901,0.5189660787582397,0.0017014010809361935,0.5206674933433533
1902,0.5189828872680664,0.0020601381547749043,0.5210430026054382
1903,0.5189463496208191,0.0026971774641424417,0.5216435194015503
1904,0.5189827680587769,0.0036725890822708607,0.5226553678512573
1905,0.5189294219017029,0.005144312512129545,0.5240737199783325
1906,0.5190012454986572,0.007135744206607342,0.5261369943618774
1907,0.5189284682273865,0.009002084843814373,0.5279305577278137
1908,0.5190528631210327,0.010059201158583164,0.5291120409965515
1909,0.5189836025238037,0.008353509940207005,0.5273371338844299
1910,0.5191254019737244,0.004709786735475063,0.5238351821899414
1911,0.5191160440444946,0.001566629158332944,0.520682692527771
1912,0.5191461443901062,0.0015412685461342335,0.5206874012947083
1913,0.5192136764526367,0.003646191442385316,0.5228598713874817
1914,0.5191340446472168,0.004593765828758478,0.5237278342247009
1915,0.5191984176635742,0.003072133054956794,0.5222705602645874
1916,0.519134521484375,0.0013094843598082662,0.5204440355300903
1917,0.5191073417663574,0.001410771976225078,0.5205181241035461
1918,0.5191148519515991,0.0027474265079945326,0.521862268447876
1919,0.5190271735191345,0.003404101589694619,0.5224312543869019
1920,0.5190563201904297,0.0026164541486650705,0.521672785282135
1921,0.5189948081970215,0.0014676916180178523,0.5204625129699707
1922,0.5189819931983948,0.0010816598078235984,0.5200636386871338
1923,0.518977701663971,0.0016307280166074634,0.5206084251403809
1924,0.5189310312271118,0.002435659058392048,0.5213667154312134
1925,0.5189532041549683,0.002728205407038331,0.5216814279556274
1926,0.5189054608345032,0.0024013896472752094,0.5213068723678589
1927,0.5189195871353149,0.0017261505126953125,0.5206457376480103
1928,0.5188925266265869,0.0012233053566887975,0.520115852355957
1929,0.5188847780227661,0.0011157967383041978,0.5200005769729614
1930,0.5188829302787781,0.0013686483725905418,0.5202515721321106
1931,0.5188567042350769,0.0017528780736029148,0.5206095576286316
1932,0.5188698768615723,0.0019560765940696,0.520825982093811
1933,0.5188379287719727,0.0019106919644400477,0.5207486152648926
1934,0.5188516974449158,0.001613463507965207,0.5204651355743408
1935,0.5188298225402832,0.0013052686117589474,0.5201351046562195
1936,0.518831193447113,0.0011153190862387419,0.5199465155601501
1937,0.5188259482383728,0.0011361028300598264,0.5199620723724365
1938,0.5188109874725342,0.0012996699661016464,0.5201106667518616
1939,0.5188189744949341,0.0014364224625751376,0.5202553868293762
1940,0.5187960267066956,0.0014867716236039996,0.5202828049659729
1941,0.5188059210777283,0.0013808330986648798,0.5201867818832397
1942,0.5187869071960449,0.0012430358910933137,0.5200299620628357
1943,0.5187872052192688,0.0011239538434892893,0.5199111700057983
1944,0.5187784433364868,0.0011038617230951786,0.519882321357727
1945,0.5187667608261108,0.0011650144588202238,0.5199317932128906
1946,0.518767237663269,0.0012375202495604753,0.5200047492980957
1947,0.5187481045722961,0.0012961579486727715,0.5200442671775818
1948,0.5187510848045349,0.0012778008822351694,0.5200288891792297
1949,0.5187323689460754,0.0012354039354249835,0.519967794418335
1950,0.5187316536903381,0.0011640391312539577,0.5198956727981567
1951,0.5187187790870667,0.001123529626056552,0.5198423266410828
1952,0.5187121033668518,0.0011104639852419496,0.5198225378990173
1953,0.5187060832977295,0.0011268340749666095,0.5198329091072083
1954,0.5186938047409058,0.0011645447229966521,0.5198583602905273
1955,0.5186924934387207,0.0011897782096639276,0.5198822617530823
1956,0.5186774134635925,0.001214810530655086,0.5198922157287598
1957,0.5186777710914612,0.001207268564030528,0.5198850631713867
1958,0.5186629295349121,0.0011994231026619673,0.5198623538017273
1959,0.5186623334884644,0.0011694948188960552,0.5198318362236023
1960,0.5186496376991272,0.0011505980510264635,0.5198002457618713
1961,0.5186461806297302,0.001128086936660111,0.5197742581367493
1962,0.51863694190979,0.001119963708333671,0.5197569131851196
1963,0.5186300873756409,0.0011183524038642645,0.5197484493255615
1964,0.5186241269111633,0.001122869085520506,0.5197470188140869
1965,0.5186142921447754,0.001135022146627307,0.5197493433952332
1966,0.5186107158660889,0.001141645130701363,0.5197523832321167
1967,0.5185990929603577,0.0011544583830982447,0.5197535753250122
1968,0.518596887588501,0.0011547834146767855,0.5197516679763794
1969,0.5185847282409668,0.0011614826507866383,0.5197461843490601
1970,0.518582820892334,0.0011548969196155667,0.519737720489502
1971,0.5185708999633789,0.0011559742270037532,0.5197268724441528
1972,0.5185685753822327,0.001146422466263175,0.5197150111198425
1973,0.518557608127594,0.00114504958037287,0.519702672958374
1974,0.5185542106628418,0.001136377570219338,0.5196905732154846
1975,0.5185442566871643,0.0011350749991834164,0.5196793079376221
1976,0.5185397863388062,0.0011291918344795704,0.5196689963340759
1977,0.5185308456420898,0.001128751551732421,0.5196595788002014
1978,0.5185253024101257,0.0011256953002884984,0.5196509957313538
1979,0.5185171961784363,0.0011259500170126557,0.5196431279182434
1980,0.5185108780860901,0.001124989939853549,0.5196358561515808
1981,0.5185034871101379,0.0011254948331043124,0.5196290016174316
1982,0.5184964537620544,0.0011259159073233604,0.5196223855018616
1983,0.51848965883255,0.0011263290653005242,0.5196160078048706
1984,0.5184821486473083,0.0011276109144091606,0.5196097493171692
1985,0.5184758901596069,0.0011278331512585282,0.5196037292480469
1986,0.5184679627418518,0.001129909767769277,0.5195978879928589
1987,0.5184621810913086,0.0011300068581476808,0.5195921659469604
1988,0.5184537768363953,0.0011331161949783564,0.5195869207382202
1989,0.5184486508369446,0.0011333995498716831,0.5195820331573486
1990,0.5184396505355835,0.00113831483758986,0.5195779800415039
1991,0.5184353590011597,0.0011395836481824517,0.5195749402046204
1992,0.5184254050254822,0.0011482125846669078,0.5195736289024353
1993,0.5184224247932434,0.001152608310803771,0.5195750594139099
1994,0.5184109807014465,0.0011694601271301508,0.5195804238319397
1995,0.5184098482131958,0.0011828594142571092,0.5195927023887634
1996,0.518396258354187,0.0012194011360406876,0.519615650177002
1997,0.5183982849121094,0.0012582724448293447,0.5196565389633179
1998,0.5183809399604797,0.0013446261873468757,0.5197255611419678
1999,0.5183883905410767,0.0014555323868989944,0.5198439359664917
2000,0.5183649063110352,0.0016721707070246339,0.520037055015564
2001,0.5183817148208618,0.001983552472665906,0.5203652381896973
2002,0.5183483362197876,0.0025331596843898296,0.5208814740180969
2003,0.5183817148208618,0.0033535317052155733,0.5217352509498596
2004,0.5183334350585938,0.004609482828527689,0.5229429006576538
2005,0.5183958411216736,0.006318904925137758,0.5247147679328918
2006,0.5183296203613281,0.008118494413793087,0.526448130607605
2007,0.5184359550476074,0.00946828257292509,0.527904212474823
2008,0.5183663964271545,0.008715142495930195,0.5270815491676331
2009,0.518497884273529,0.005911402869969606,0.524409294128418
2010,0.5184720754623413,0.0024492423981428146,0.5209212899208069
2011,0.5185245275497437,0.0011199392611160874,0.5196444392204285
2012,0.5185706615447998,0.002508588368073106,0.5210792422294617
2013,0.5185098052024841,0.004237619694322348,0.5227473974227905
2014,0.518578290939331,0.0038878347259014845,0.5224661231040955
2015,0.5185075998306274,0.0020812531001865864,0.5205888748168945
2016,0.5185095071792603,0.0010794105473905802,0.5195889472961426
2017,0.518499493598938,0.0018069412326440215,0.520306408405304
2018,0.5184293985366821,0.0029915408231317997,0.521420955657959
2019,0.5184580087661743,0.00309448572807014,0.5215525031089783
2020,0.5183892250061035,0.0021832375787198544,0.5205724835395813
2021,0.5183943510055542,0.0012395592639222741,0.5196338891983032
2022,0.5183727741241455,0.0011383339297026396,0.5195111036300659
2023,0.5183396935462952,0.0017495061038061976,0.5200892090797424
2024,0.5183544754981995,0.00237150932662189,0.5207259654998779
2025,0.5183092951774597,0.0025532091967761517,0.5208625197410583
2026,0.5183276534080505,0.002173277083784342,0.5205009579658508
2027,0.5182936191558838,0.0016076704487204552,0.5199012756347656
2028,0.5182958245277405,0.0011806791881099343,0.5194765329360962
2029,0.5182846784591675,0.001128866453655064,0.5194135308265686
2030,0.518267810344696,0.0013796795392408967,0.519647479057312
2031,0.5182751417160034,0.0016818147851154208,0.5199569463729858
2032,0.5182475447654724,0.0018650480778887868,0.5201125741004944
2033,0.5182614922523499,0.0017772610299289227,0.5200387239456177
2034,0.5182369947433472,0.0015404261648654938,0.5197774171829224
2035,0.518244743347168,0.0012571203988045454,0.5195018649101257
2036,0.5182331800460815,0.0011180208530277014,0.5193511843681335
2037,0.5182265043258667,0.0011474504135549068,0.5193739533424377
2038,0.5182290077209473,0.0012751008616760373,0.5195041298866272
2039,0.5182109475135803,0.0014110817573964596,0.5196220278739929
2040,0.5182203054428101,0.0014239478623494506,0.5196442604064941
2041,0.5182010531425476,0.0013547339476644993,0.5195558071136475
2042,0.5182062387466431,0.0012166488450020552,0.5194228887557983
2043,0.518193781375885,0.0011280361795797944,0.5193217992782593
2044,0.5181884765625,0.0011090843472629786,0.5192975401878357
2045,0.5181853771209717,0.001154136611148715,0.5193395018577576
2046,0.5181711316108704,0.0012295148335397243,0.5194006562232971
2047,0.5181733965873718,0.0012613526778295636,0.5194347500801086
2048,0.5181560516357422,0.0012635575840249658,0.5194196105003357
2049,0.518157422542572,0.0012102299369871616,0.5193676352500916
2050,0.5181432366371155,0.0011622016318142414,0.5193054676055908
2051,0.5181399583816528,0.0011203348403796554,0.5192602872848511
2052,0.5181319117546082,0.001112620928324759,0.5192445516586304
2053,0.5181230902671814,0.0011313088471069932,0.5192543864250183
2054,0.5181201696395874,0.0011560650309547782,0.5192762613296509
2055,0.518107533454895,0.0011872767936438322,0.519294798374176
2056,0.5181072950363159,0.0011931243352591991,0.5193004012107849
2057,0.5180938243865967,0.0011957685928791761,0.5192896127700806
2058,0.518093466758728,0.0011733752908185124,0.5192668437957764
2059,0.5180814862251282,0.0011570375645533204,0.5192385315895081
2060,0.5180788636207581,0.0011335439048707485,0.5192124247550964
2061,0.5180699825286865,0.0011234056437388062,0.5191934108734131
2062,0.5180643200874329,0.0011189497308805585,0.5191832780838013
2063,0.5180585980415344,0.0011221651220694184,0.5191807746887207
2064,0.518049955368042,0.0011327897664159536,0.5191827416419983
2065,0.5180466175079346,0.0011392200831323862,0.5191858410835266
2066,0.5180361866950989,0.0011506122536957264,0.519186794757843
2067,0.5180341005325317,0.0011501582339406013,0.5191842317581177
2068,0.5180232524871826,0.0011542666470631957,0.5191774964332581
2069,0.5180212259292603,0.0011464739218354225,0.5191677212715149
2070,0.5180110931396484,0.001144686248153448,0.5191558003425598
2071,0.5180081129074097,0.001135215861722827,0.5191433429718018
2072,0.5179992318153381,0.0011322685750201344,0.5191314816474915
2073,0.5179949402809143,0.001126142917200923,0.5191211104393005
2074,0.5179874897003174,0.0011248771334066987,0.5191123485565186
2075,0.517981767654419,0.0011235877173021436,0.5191053748130798
2076,0.5179756879806519,0.0011240332387387753,0.5190997123718262
2077,0.5179686546325684,0.0011263188207522035,0.5190949440002441
2078,0.5179635882377625,0.001127238618209958,0.5190908312797546
2079,0.5179556012153625,0.0011312559945508838,0.5190868377685547
2080,0.5179513692855835,0.0011316840536892414,0.5190830826759338
2081,0.5179427266120911,0.0011362608056515455,0.5190789699554443
2082,0.5179389715194702,0.0011358882766216993,0.5190748572349548
2083,0.5179299712181091,0.0011405798140913248,0.519070565700531
2084,0.5179266333580017,0.0011395916808396578,0.5190662145614624
2085,0.517917275428772,0.0011445258278399706,0.519061803817749
2086,0.5179142951965332,0.0011433381587266922,0.5190576314926147
2087,0.5179046392440796,0.0011490033939480782,0.5190536379814148
2088,0.5179020762443542,0.0011481406399980187,0.5190502405166626
2089,0.517892062664032,0.0011552987853065133,0.5190473794937134
2090,0.5178900957107544,0.001155490637756884,0.5190455913543701
2091,0.5178795456886292,0.001165473833680153,0.5190449953079224
2092,0.5178783535957336,0.0011679994640871882,0.5190463662147522
2093,0.5178669095039368,0.0011832156451418996,0.519050121307373
2094,0.5178669095039368,0.0011907144216820598,0.5190576314926147
2095,0.5178540945053101,0.0012158669997006655,0.5190699696540833
2096,0.5178559422492981,0.001234011142514646,0.519089937210083
2097,0.5178411602973938,0.0012786989100277424,0.5191198587417603
2098,0.5178457498550415,0.0013199001550674438,0.5191656351089478
2099,0.5178279280662537,0.0014039910165593028,0.519231915473938
2100,0.5178367495536804,0.0014952208148315549,0.5193319916725159
2101,0.5178145170211792,0.0016590895829722285,0.5194736123085022
2102,0.5178297758102417,0.0018551000393927097,0.5196848511695862
2103,0.5178011655807495,0.002171457279473543,0.5199726223945618
2104,0.5178262591362,0.0025617482606321573,0.5203880071640015
2105,0.5177891254425049,0.0031131599098443985,0.5209022760391235
2106,0.5178285241127014,0.0037451880052685738,0.5215737223625183
2107,0.5177818536758423,0.004429241176694632,0.5222110748291016
2108,0.5178388357162476,0.004961556289345026,0.5228003859519958
2109,0.5177867412567139,0.005070480052381754,0.5228572487831116
2110,0.5178549885749817,0.004543876275420189,0.5223988890647888
2111,0.5178113579750061,0.0034120497293770313,0.5212234258651733
2112,0.5178623199462891,0.002073032082989812,0.5199353694915771
2113,0.5178449749946594,0.0012333904160186648,0.5190783739089966
2114,0.5178462266921997,0.0011805795365944505,0.5190268158912659
2115,0.5178598761558533,0.001722653629258275,0.5195825099945068
2116,0.5178192257881165,0.002365253632888198,0.5201844573020935
2117,0.517848551273346,0.0025491872802376747,0.5203977227210999
2118,0.5178005695343018,0.0022691059857606888,0.5200696587562561
2119,0.5178195834159851,0.001684023649431765,0.5195035934448242
2120,0.5177898406982422,0.0012396106030791998,0.519029438495636
2121,0.5177831649780273,0.00109420798253268,0.518877387046814
2122,0.5177779793739319,0.001257456955499947,0.5190354585647583
2123,0.517751157283783,0.0015907452907413244,0.5193418860435486
2124,0.5177624225616455,0.0018625223310664296,0.5196249485015869
2125,0.5177286267280579,0.002025987720116973,0.5197545886039734
2126,0.5177444815635681,0.001981031382456422,0.519725501537323
2127,0.5177136659622192,0.0018335363129153848,0.5195472240447998
2128,0.5177249312400818,0.0015860801795497537,0.5193110108375549
2129,0.5177024602890015,0.00137296412140131,0.5190754532814026
2130,0.5177049040794373,0.001198474783450365,0.518903374671936
2131,0.517693281173706,0.0011249546660110354,0.5188182592391968
2132,0.5176863074302673,0.001131162978708744,0.5188174843788147
2133,0.517684817314148,0.0011922228150069714,0.5188770294189453
2134,0.5176706314086914,0.001292589819058776,0.5189632177352905
2135,0.5176763534545898,0.0013689246261492372,0.5190452933311462
2136,0.5176581144332886,0.0014383465750142932,0.5190964341163635
2137,0.5176671147346497,0.0014420448569580913,0.5191091299057007
2138,0.5176482796669006,0.0014291296247392893,0.5190774202346802
2139,0.5176563858985901,0.001359746209345758,0.5190161466598511
2140,0.5176400542259216,0.0012964624911546707,0.5189365148544312
2141,0.5176442265510559,0.0012144541833549738,0.5188586711883545
2142,0.5176323652267456,0.0011627132771536708,0.5187950730323792
2143,0.5176310539245605,0.0011237708386033773,0.5187548398971558
2144,0.5176244378089905,0.0011145080206915736,0.5187389254570007
2145,0.5176175236701965,0.0011256082216277719,0.5187431573867798
2146,0.5176150798797607,0.0011447754222899675,0.5187598466873169
2147,0.517603874206543,0.001177109545096755,0.5187810063362122
2148,0.5176042318344116,0.0011959897819906473,0.5188001990318298
2149,0.5175906419754028,0.0012221855577081442,0.5188128352165222
2150,0.5175922513008118,0.0012255494948476553,0.5188177824020386
2151,0.5175780057907104,0.0012365777511149645,0.5188145637512207
2152,0.5175799131393433,0.001225547748617828,0.5188054442405701
2153,0.5175660848617554,0.001225258456543088,0.5187913179397583
2154,0.5175675749778748,0.0012074949918314815,0.5187750458717346
2155,0.5175547003746033,0.0012026572367176414,0.5187573432922363
2156,0.517555296421051,0.0011848162394016981,0.5187401175498962
2157,0.5175434350967407,0.0011800314532592893,0.5187234878540039
2158,0.5175430178642273,0.0011653703404590487,0.5187084078788757
2159,0.5175321698188782,0.0011624707840383053,0.5186946392059326
2160,0.5175309181213379,0.0011516177328303456,0.5186825394630432
2161,0.5175209045410156,0.0011507589370012283,0.5186716914176941
2162,0.517518937587738,0.001143142580986023,0.5186620950698853
2163,0.5175095796585083,0.001143977395258844,0.5186535716056824
2164,0.5175071954727173,0.0011387976119294763,0.5186460018157959
2165,0.5174981355667114,0.00114108482375741,0.5186392068862915
2166,0.5174955129623413,0.001137733575887978,0.518633246421814
2167,0.5174864530563354,0.0011415088083595037,0.518627941608429
2168,0.5174838900566101,0.0011396986665204167,0.5186235904693604
2169,0.5174745917320251,0.0011454584309831262,0.5186200737953186
2170,0.517472505569458,0.001145441667176783,0.5186179280281067
2171,0.5174627900123596,0.001154528115876019,0.5186173319816589
2172,0.5174614191055298,0.0011576095130294561,0.5186190009117126
2173,0.5174508690834045,0.0011730354744940996,0.5186238884925842
2174,0.5174508094787598,0.0011826959671452641,0.5186334848403931
2175,0.5174387097358704,0.0012109457748010755,0.5186496376991272
2176,0.5174407362937927,0.0012354581849649549,0.518676221370697
2177,0.5174263119697571,0.0012907239142805338,0.5187170505523682
2178,0.5174315571784973,0.0013494694139808416,0.5187810063362122
2179,0.5174135565757751,0.001463014050386846,0.5188765525817871
2180,0.5174238681793213,0.0016001035692170262,0.5190239548683167
2181,0.5174004435539246,0.001837925286963582,0.5192383527755737
2182,0.5174188613891602,0.002144252648577094,0.5195631384849548
2183,0.5173876881599426,0.0026221186853945255,0.5200098156929016
2184,0.517418622970581,0.0032297500874847174,0.5206483602523804
2185,0.5173773765563965,0.004028495401144028,0.5214058756828308
2186,0.5174263715744019,0.004883492831140757,0.5223098397254944
2187,0.5173754692077637,0.00558426370844245,0.5229597091674805
2188,0.5174441337585449,0.005783822387456894,0.5232279300689697
2189,0.5173937082290649,0.005107757169753313,0.5225014686584473
2190,0.5174633264541626,0.003637206507846713,0.5211005210876465
2191,0.5174345374107361,0.0020477022044360638,0.5194822549819946
2192,0.5174621939659119,0.0011386744445189834,0.5186008810997009
2193,0.5174689292907715,0.0013282528379932046,0.5187971591949463
2194,0.5174393057823181,0.002173597691580653,0.5196129083633423
2195,0.5174710750579834,0.002766749821603298,0.5202378034591675
2196,0.5174196362495422,0.0026905257254838943,0.5201101899147034
2197,0.5174451470375061,0.0019940936472266912,0.5194392204284668
2198,0.5174097418785095,0.0013295451644808054,0.5187392830848694
2199,0.5174039602279663,0.0010829672683030367,0.5184869170188904
2200,0.5173982977867126,0.0013233653735369444,0.5187216401100159
2201,0.5173661112785339,0.0017909735906869173,0.5191571116447449
2202,0.5173798203468323,0.002095907460898161,0.5194756984710693
2203,0.5173417925834656,0.002142759272828698,0.5194845795631409
2204,0.517356812953949,0.0018845668528228998,0.5192413926124573
2205,0.5173277854919434,0.0015478491550311446,0.5188756585121155
2206,0.5173320770263672,0.0012400706764310598,0.5185721516609192
2207,0.5173179507255554,0.001110362820327282,0.5184283256530762
2208,0.5173085331916809,0.0011480958200991154,0.5184566378593445
2209,0.5173081755638123,0.0012901867739856243,0.5185983777046204
2210,0.5172892212867737,0.001477724057622254,0.5187669396400452
2211,0.5172974467277527,0.001594482222571969,0.5188919305801392
2212,0.5172750949859619,0.0016483390936627984,0.5189234614372253
2213,0.5172856450080872,0.0015798704698681831,0.5188655257225037
2214,0.5172657370567322,0.0014692916302010417,0.5187350511550903
2215,0.5172730088233948,0.0013108619023114443,0.5185838937759399
2216,0.5172597765922546,0.0011942413402721286,0.5184540152549744
2217,0.5172598361968994,0.0011189900105819106,0.5183788537979126
2218,0.5172547698020935,0.0011112965876236558,0.5183660387992859
2219,0.5172468423843384,0.0011543541913852096,0.5184012055397034
2220,0.5172485113143921,0.0012079196749255061,0.5184564590454102
2221,0.5172351002693176,0.0012668957933783531,0.5185019969940186
2222,0.5172399878501892,0.0012798196403309703,0.5185198187828064
2223,0.5172250866889954,0.0012774618808180094,0.5185025334358215
2224,0.5172290802001953,0.0012308084405958652,0.5184599161148071
2225,0.5172160267829895,0.0011893735500052571,0.5184053778648376
2226,0.5172160267829895,0.0011400786461308599,0.5183560848236084
2227,0.5172067880630493,0.0011156779946759343,0.5183224678039551
2228,0.517201840877533,0.0011066413717344403,0.5183084607124329
2229,0.5171968340873718,0.0011143791489303112,0.5183112025260925
2230,0.5171878933906555,0.0011361322831362486,0.5183240175247192
2231,0.517186164855957,0.0011530577903613448,0.518339216709137
2232,0.5171747803688049,0.001175886020064354,0.5183506608009338
2233,0.5171747207641602,0.0011804309906437993,0.518355131149292
2234,0.5171626210212708,0.0011887449072673917,0.5183513760566711
2235,0.5171627402305603,0.001177982660010457,0.5183407068252563
2236,0.5171511173248291,0.001173824188299477,0.5183249711990356
2237,0.5171504020690918,0.0011563663138076663,0.5183067917823792
2238,0.5171400904655457,0.0011480922112241387,0.5182881951332092
2239,0.5171380639076233,0.0011329848784953356,0.5182710289955139
2240,0.5171294212341309,0.0011268006637692451,0.5182562470436096
2241,0.5171258449554443,0.0011184364557266235,0.5182442665100098
2242,0.5171188712120056,0.0011161951115354896,0.5182350873947144
2243,0.5171137452125549,0.0011145822936668992,0.5182283520698547
2244,0.5171082019805908,0.0011152435326948762,0.5182234644889832
2245,0.5171017050743103,0.0011182590387761593,0.5182199478149414
2246,0.5170972943305969,0.001119964406825602,0.5182172656059265
2247,0.5170897245407104,0.0011252955300733447,0.518215000629425
2248,0.517086386680603,0.001126657472923398,0.5182130336761475
2249,0.517078161239624,0.0011328159598633647,0.5182109475135803
2250,0.5170755386352539,0.001133328303694725,0.5182088613510132
2251,0.5170668363571167,0.001139837666414678,0.5182066559791565
2252,0.5170647501945496,0.0011397245107218623,0.5182044506072998
2253,0.5170555710792542,0.001146807218901813,0.5182023644447327
2254,0.51705402135849,0.0011466504074633121,0.518200695514679
2255,0.5170444250106812,0.0011550175258889794,0.5181994438171387
2256,0.51704341173172,0.0011556583922356367,0.51819908618927
2257,0.5170332789421082,0.0011665208730846643,0.5181998014450073
2258,0.5170329809188843,0.0011692475527524948,0.5182022452354431
2259,0.5170220732688904,0.001184665015898645,0.5182067155838013
2260,0.5170227289199829,0.0011916996445506811,0.5182144045829773
2261,0.5170108079910278,0.0012153275310993195,0.518226146697998
2262,0.5170129537582397,0.0012308626901358366,0.5182437896728516
2263,0.516999363899231,0.0012693803291767836,0.5182687640190125
2264,0.5170035362243652,0.0013014908181503415,0.5183050036430359
2265,0.5169877409934998,0.0013671449851244688,0.5183548927307129
2266,0.5169950127601624,0.0014310635160654783,0.5184260606765747
2267,0.5169760584831238,0.001545436098240316,0.5185214877128601
2268,0.516987681388855,0.0016676575178280473,0.5186553597450256
2269,0.5169644355773926,0.0018637733301147819,0.5188282132148743
2270,0.51698237657547,0.002080146688967943,0.5190625190734863
2271,0.5169535875320435,0.0023883613757789135,0.5193419456481934
2272,0.5169798135757446,0.0027105065528303385,0.5196903347969055
2273,0.516944944858551,0.0030894619412720203,0.5200344324111938
2274,0.516980767250061,0.0033939627464860678,0.5203747153282166
2275,0.5169413685798645,0.003595536109060049,0.5205368995666504
2276,0.5169843435287476,0.003524109488353133,0.5205084681510925
2277,0.5169460773468018,0.003181468928232789,0.520127534866333
2278,0.516985297203064,0.0025419762823730707,0.5195272564888
2279,0.5169576406478882,0.0018647953402251005,0.518822431564331
2280,0.5169764757156372,0.0013073368463665247,0.5182837843894958
2281,0.5169665217399597,0.0010992141906172037,0.5180657505989075
2282,0.5169573426246643,0.0012168821413069963,0.5181742310523987
2283,0.5169647336006165,0.001504096551798284,0.5184688568115234
2284,0.5169364213943481,0.001818703836761415,0.5187551379203796
2285,0.5169528722763062,0.0019505687523633242,0.5189034342765808
2286,0.5169203281402588,0.0019300914136692882,0.5188504457473755
2287,0.5169349312782288,0.0017223674803972244,0.5186573266983032
2288,0.5169087052345276,0.0014893112238496542,0.5183979868888855
2289,0.516913652420044,0.0012586771044880152,0.5181723237037659
2290,0.5168983936309814,0.0011352177243679762,0.5180336236953735
2291,0.5168921947479248,0.001105241710320115,0.5179974436759949
2292,0.5168877243995667,0.0011571426875889301,0.5180448889732361
2293,0.5168730616569519,0.0012678479542955756,0.5181409120559692
2294,0.5168763995170593,0.001375105232000351,0.5182514786720276
2295,0.5168569684028625,0.001490576658397913,0.5183475613594055
2296,0.5168648362159729,0.0015517791034653783,0.5184166431427002
2297,0.5168437361717224,0.001601407420821488,0.5184451341629028
2298,0.5168532729148865,0.0015858807601034641,0.5184391736984253
2299,0.5168329477310181,0.001562274293974042,0.5183952450752258
2300,0.5168421864509583,0.0014855312183499336,0.5183277130126953
2301,0.5168246030807495,0.0014163315063342452,0.5182409286499023
2302,0.5168315768241882,0.0013193045742809772,0.5181508660316467
2303,0.516818106174469,0.0012478823773562908,0.5180659890174866
2304,0.5168211460113525,0.0011761919595301151,0.5179973244667053
2305,0.5168123841285706,0.001137327402830124,0.5179497003555298
2306,0.5168104767799377,0.0011142772855237126,0.5179247260093689
2307,0.5168060660362244,0.0011136450339108706,0.5179197192192078
2308,0.5167994499206543,0.0011297424789518118,0.517929196357727
2309,0.5167984962463379,0.001148326089605689,0.5179468393325806
2310,0.5167884826660156,0.00117788789793849,0.5179663896560669
2311,0.5167896747589111,0.0011936214286834002,0.5179833173751831
2312,0.5167776346206665,0.0012167789973318577,0.5179944038391113
2313,0.5167798399925232,0.0012192314025014639,0.5179990530014038
2314,0.5167669653892517,0.001229737652465701,0.5179967284202576
2315,0.5167691111564636,0.0012200495693832636,0.5179891586303711
2316,0.5167564153671265,0.0012208092957735062,0.517977237701416
2317,0.5167579650878906,0.001204989617690444,0.5179629325866699
2318,0.5167458057403564,0.0012013230007141829,0.5179471373558044
2319,0.5167466402053833,0.0011848647845909,0.5179315209388733
2320,0.5167354345321655,0.0011807596310973167,0.517916202545166
2321,0.5167354345321655,0.0011667156359180808,0.517902135848999
2322,0.5167251825332642,0.0011640622979030013,0.5178892612457275
2323,0.5167245268821716,0.0011533201904967427,0.5178778767585754
2324,0.5167151093482971,0.0011525725712999701,0.5178676843643188
2325,0.5167138576507568,0.0011448700679466128,0.5178587436676025
2326,0.5167049169540405,0.0011459209490567446,0.5178508162498474
2327,0.5167033672332764,0.0011406608391553164,0.517844021320343
2328,0.5166947841644287,0.0011433785548433661,0.517838180065155
2329,0.5166930556297302,0.0011400654911994934,0.5178331136703491
2330,0.5166844129562378,0.0011445883428677917,0.5178290009498596
2331,0.5166829228401184,0.0011430787853896618,0.5178260207176208
2332,0.5166740417480469,0.0011500571854412556,0.517824113368988
2333,0.5166729092597961,0.0011508185416460037,0.5178237557411194
2334,0.5166634321212769,0.0011617348063737154,0.517825186252594
2335,0.5166630744934082,0.0011662186589092016,0.5178292989730835
2336,0.5166527032852173,0.0011840357910841703,0.5178367495536804
2337,0.5166535973548889,0.0011955952504649758,0.5178492069244385
2338,0.5166418552398682,0.0012262091040611267,0.5178680419921875
2339,0.5166446566581726,0.0012521317694336176,0.5178967714309692
2340,0.5166309475898743,0.0013073390582576394,0.5179383158683777
2341,0.5166364908218384,0.001362870796583593,0.5179993510246277
2342,0.5166198015213013,0.001465736422687769,0.5180855393409729
2343,0.5166295766830444,0.0015809794422239065,0.5182105302810669
2344,0.5166085958480835,0.001773114432580769,0.5183817148208618
2345,0.5166245698928833,0.0019993039313703775,0.5186238884925842
2346,0.5165978074073792,0.002338291145861149,0.5189360976219177
2347,0.5166224837303162,0.0027272712904959917,0.5193497538566589
2348,0.5165886878967285,0.0032227588817477226,0.5198114514350891
2349,0.5166246891021729,0.0036973680835217237,0.5203220844268799
2350,0.5165845155715942,0.0040990812703967094,0.5206835865974426
2351,0.5166311264038086,0.004202087875455618,0.5208331942558289
2352,0.5165902376174927,0.003908893093466759,0.5204991102218628
2353,0.5166370272636414,0.0031473790295422077,0.5197843909263611
2354,0.5166071057319641,0.0022119630593806505,0.5188190937042236
2355,0.5166324973106384,0.001402544672600925,0.5180350542068481
2356,0.5166239142417908,0.0010982017265632749,0.5177221298217773
2357,0.5166148543357849,0.0012966948561370373,0.5179115533828735
2358,0.5166271328926086,0.0017290330724790692,0.5183561444282532
2359,0.5165949463844299,0.002116258954629302,0.5187112092971802
2360,0.5166158080101013,0.002160998061299324,0.5187768340110779
2361,0.5165812969207764,0.0019416345749050379,0.5185229182243347
2362,0.5165942907333374,0.0015401062555611134,0.5181344151496887
2363,0.5165720582008362,0.0012315709609538317,0.5178036093711853
2364,0.5165684223175049,0.001095786807127297,0.5176641941070557
2365,0.5165623426437378,0.001161115476861596,0.5177234411239624
2366,0.516544759273529,0.0013564808759838343,0.5179012417793274
2367,0.5165505409240723,0.0015438481932505965,0.5180943608283997
2368,0.5165266394615173,0.0016909539699554443,0.5182175636291504
2369,0.5165370106697083,0.0017049486050382257,0.5182419419288635
2370,0.5165136456489563,0.0016498141922056675,0.5181634426116943
2371,0.5165221691131592,0.001502353698015213,0.5180245041847229
2372,0.5165038704872131,0.00135996681638062,0.5178638100624084
2373,0.5165069103240967,0.0012197612086310983,0.5177266597747803
2374,0.5164960622787476,0.0011423141695559025,0.5176383852958679
2375,0.5164926052093506,0.0011150444624945521,0.5176076292991638
2376,0.5164895057678223,0.0011362101649865508,0.5176256895065308
2377,0.5164803862571716,0.001192587660625577,0.5176729559898376
2378,0.5164830088615417,0.0012440892169252038,0.5177270770072937
2379,0.5164703726768494,0.001297662267461419,0.5177680253982544
2380,0.5164759159088135,0.001308936858549714,0.517784833908081
2381,0.5164622068405151,0.001310132211074233,0.5177723169326782
2382,0.5164674520492554,0.0012695397017523646,0.5177369713783264
2383,0.5164552330970764,0.0012318829540163279,0.5176871418952942
2384,0.516457736492157,0.0011779387714341283,0.517635703086853
2385,0.5164486169815063,0.0011437886860221624,0.5175924301147461
2386,0.5164471864700317,0.0011168484343215823,0.517564058303833
2387,0.516441822052002,0.0011101869167760015,0.5175520181655884
2388,0.5164363384246826,0.00111728988122195,0.5175536274909973
2389,0.5164340138435364,0.001129656913690269,0.5175636410713196
2390,0.5164254307746887,0.0011508861789479852,0.5175763368606567
2391,0.5164251327514648,0.0011615596013143659,0.5175867080688477
2392,0.5164147615432739,0.001176551915705204,0.5175912976264954
2393,0.5164151191711426,0.0011743756476789713,0.5175895094871521
2394,0.5164045691490173,0.0011768065160140395,0.5175814032554626
2395,0.5164046287536621,0.0011641388991847634,0.5175687670707703
2396,0.516394853591919,0.0011585952015593648,0.517553448677063
2397,0.5163939595222473,0.001143515226431191,0.5175374746322632
2398,0.5163854956626892,0.0011367964325472713,0.5175222754478455
2399,0.5163832902908325,0.0011256486177444458,0.5175089240074158
2400,0.5163761973381042,0.0011216133134439588,0.5174978375434875
2401,0.516372561454773,0.0011165194446220994,0.5174890756607056
2402,0.5163668990135193,0.001115601509809494,0.5174825191497803
2403,0.5163620710372925,0.0011156095424667,0.5174776911735535
2404,0.5163575410842896,0.0011165160685777664,0.5174740552902222
2405,0.5163516998291016,0.0011196668492630124,0.5174713730812073
2406,0.5163481831550598,0.001120976870879531,0.5174691677093506
2407,0.5163415670394897,0.001125638373196125,0.517467200756073
2408,0.5163387656211853,0.001126523013226688,0.5174652934074402
2409,0.5163315534591675,0.0011317854514345527,0.5174633264541626
2410,0.516329288482666,0.0011320114135742188,0.5174612998962402
2411,0.51632159948349,0.0011375630274415016,0.5174591541290283
2412,0.5163198113441467,0.0011372604640200734,0.5174570679664612
2413,0.5163118243217468,0.0011432007886469364,0.5174550414085388
2414,0.5163105130195618,0.0011427184799686074,0.5174532532691956
2415,0.516302227973938,0.001149472314864397,0.5174517035484314
2416,0.5163013339042664,0.0011493487982079387,0.5174506902694702
2417,0.5162926912307739,0.0011576733086258173,0.5174503922462463
2418,0.5162923336029053,0.001158677157945931,0.5174509882926941
2419,0.5162830948829651,0.0011697575682774186,0.5174528360366821
2420,0.5162835121154785,0.0011730785481631756,0.517456591129303
2421,0.516273558139801,0.0011888364097103477,0.5174623727798462
2422,0.5162748694419861,0.0011965013109147549,0.5174713730812073
2423,0.5162639021873474,0.0012201861245557666,0.5174840688705444
2424,0.5162665247917175,0.0012358288513496518,0.5175023674964905
2425,0.5162540674209595,0.0012730503221973777,0.5175271034240723
2426,0.5162585377693176,0.001303221215493977,0.5175617337226868
2427,0.516244113445282,0.001363549381494522,0.5176076889038086
2428,0.5162511467933655,0.001419524196535349,0.5176706910133362
2429,0.5162340998649597,0.0015181712806224823,0.5177522897720337
2430,0.5162445902824402,0.0016171425813809037,0.5178617238998413
2431,0.5162241458892822,0.0017739491304382682,0.5179980993270874
2432,0.5162394642829895,0.0019342339364811778,0.5181736946105957
2433,0.5162147879600525,0.002160408068448305,0.5183752179145813
2434,0.5162360668182373,0.002376039745286107,0.5186120867729187
2435,0.5162069201469421,0.002630620263516903,0.5188375115394592
2436,0.5162345767021179,0.002810857957229018,0.5190454125404358
2437,0.5162023305892944,0.0029378337785601616,0.5191401839256287
2438,0.5162340998649597,0.0028768901247531176,0.5191109776496887
2439,0.5162025094032288,0.0026733940467238426,0.5188758969306946
2440,0.5162315964698792,0.0022667651064693928,0.5184983611106873
2441,0.5162068009376526,0.0018248199485242367,0.5180315971374512
2442,0.5162232518196106,0.0013982594246044755,0.5176215171813965
2443,0.5162106156349182,0.001158118131570518,0.517368733882904
2444,0.5162085890769958,0.0011087920283898711,0.5173173546791077
2445,0.5162090063095093,0.0012203357182443142,0.5174293518066406
2446,0.5161918997764587,0.0014244839549064636,0.5176163911819458
2447,0.516201376914978,0.0015867809997871518,0.5177881717681885
2448,0.5161773562431335,0.0016991703305393457,0.5178765058517456
2449,0.516189455986023,0.0016783985774964094,0.5178678631782532
2450,0.5161659717559814,0.0016032459679991007,0.5177692174911499
2451,0.5161747336387634,0.001451132819056511,0.5176258683204651
2452,0.5161565542221069,0.0013184554409235716,0.5174750089645386
2453,0.5161588788032532,0.0011948043247684836,0.5173536539077759
2454,0.516147792339325,0.0011311956914141774,0.5172789692878723
2455,0.516143262386322,0.0011105851735919714,0.5172538757324219
2456,0.516139030456543,0.0011303011560812593,0.5172693133354187
2457,0.5161291360855103,0.0011814588215202093,0.517310619354248
2458,0.5161300897598267,0.001232702168636024,0.5173627734184265
2459,0.5161168575286865,0.0012958256993442774,0.5174126625061035
2460,0.5161211490631104,0.0013312890660017729,0.5174524188041687
2461,0.516106367111206,0.001368990051560104,0.5174753665924072
2462,0.5161123275756836,0.0013691338244825602,0.5174814462661743
2463,0.5160974860191345,0.0013714367523789406,0.5174689292907715
2464,0.5161036252975464,0.0013389483792707324,0.5174425840377808
2465,0.5160900950431824,0.001314014894887805,0.5174041390419006
2466,0.5160951018333435,0.0012648800620809197,0.5173599720001221
2467,0.5160836577415466,0.0012301169335842133,0.5173137784004211
2468,0.5160864591598511,0.0011846773559227586,0.5172711610794067
2469,0.5160776376724243,0.0011572720250114799,0.5172349214553833
2470,0.51607745885849,0.0011302431812509894,0.517207682132721
2471,0.5160713195800781,0.0011185986222699285,0.5171899199485779
2472,0.5160681009292603,0.0011128309415653348,0.5171809196472168
2473,0.5160643458366394,0.0011145701864734292,0.5171788930892944
2474,0.5160585045814514,0.0011232319520786405,0.5171817541122437
2475,0.5160566568374634,0.0011305036023259163,0.5171871781349182
2476,0.5160488486289978,0.00114434864372015,0.5171931982040405
2477,0.5160481929779053,0.0011503846617415547,0.5171985626220703
2478,0.5160391926765442,0.0011631855741143227,0.5172023773193359
2479,0.5160391926765442,0.001165078254416585,0.5172042846679688
2480,0.5160295367240906,0.0011746410746127367,0.5172041654586792
2481,0.516029953956604,0.0011725880904123187,0.5172025561332703
2482,0.5160200595855713,0.0011792818550020456,0.5171993374824524
2483,0.5160205960273743,0.0011747897369787097,0.5171954035758972
2484,0.5160107612609863,0.0011798747582361102,0.5171906352043152
2485,0.5160112977027893,0.0011744860094040632,0.5171858072280884
2486,0.5160016417503357,0.001179192215204239,0.517180860042572
2487,0.5160022377967834,0.0011740205809473991,0.5171762704849243
2488,0.5159927010536194,0.0011793054873123765,0.5171719789505005
2489,0.5159933567047119,0.001175076700747013,0.5171684622764587
2490,0.5159838199615479,0.0011817181948572397,0.5171655416488647
2491,0.5159847140312195,0.0011789527488872409,0.5171636939048767
2492,0.5159749388694763,0.0011877167271450162,0.5171626806259155
2493,0.5159761905670166,0.0011869563022628427,0.5171631574630737
2494,0.5159661173820496,0.0011988176265731454,0.517164945602417
2495,0.515967845916748,0.0012008751509711146,0.5171687006950378
2496,0.5159571766853333,0.0012172848219051957,0.517174482345581
2497,0.515959620475769,0.0012235274771228433,0.5171831250190735
2498,0.5159481763839722,0.0012467083288356662,0.5171948671340942
2499,0.5159516930580139,0.0012593859573826194,0.5172110795974731
2500,0.5159390568733215,0.001292738481424749,0.517231822013855
2501,0.5159440636634827,0.0013154175831004977,0.5172594785690308
2502,0.5159299969673157,0.0013639152748510242,0.5172939300537109
2503,0.5159367918968201,0.001401762943714857,0.5173385739326477
2504,0.515920877456665,0.0014718679012730718,0.5173927545547485
2505,0.5159302353858948,0.0015309818554669619,0.5174612402915955
2506,0.5159119963645935,0.0016286777099594474,0.517540693283081
2507,0.515924334526062,0.0017124138539656997,0.517636775970459
2508,0.5159034729003906,0.001836563809774816,0.51774001121521
2509,0.5159192085266113,0.001935595297254622,0.5178548097610474
2510,0.5158957839012146,0.002064027590677142,0.5179598331451416
2511,0.5159149169921875,0.002140253782272339,0.5180552005767822
2512,0.5158895254135132,0.002215681131929159,0.5181052088737488
2513,0.5159108638763428,0.002198859117925167,0.5181097388267517
2514,0.5158853530883789,0.0021484254393726587,0.5180338025093079
2515,0.5159057974815369,0.0019883466884493828,0.5178941488265991
2516,0.5158830881118774,0.0018060008296743035,0.5176891088485718
2517,0.5158982872962952,0.00156501738820225,0.5174633264541626
2518,0.5158814191818237,0.001368230558000505,0.5172496438026428
2519,0.5158875584602356,0.0012015103129670024,0.5170890688896179
2520,0.5158783197402954,0.0011221616296097636,0.5170004963874817
2521,0.515874445438385,0.0011099257972091436,0.5169843435287476
2522,0.5158726572990417,0.0011513145873323083,0.5170239806175232
2523,0.5158609747886658,0.0012332996120676398,0.5170942544937134
2524,0.5158647298812866,0.0013068797998130322,0.5171716213226318
2525,0.5158485770225525,0.001387761440128088,0.5172363519668579
2526,0.5158551931381226,0.0014248847728595138,0.517280101776123
2527,0.515837550163269,0.001458873157389462,0.5172964334487915
2528,0.5158447623252869,0.0014450179878622293,0.5172897577285767
2529,0.5158275961875916,0.0014337331522256136,0.5172613263130188
2530,0.5158340334892273,0.0013857426820322871,0.5172197818756104
2531,0.51581871509552,0.0013497930485755205,0.5171685218811035
2532,0.5158233046531677,0.0012917418498545885,0.51711505651474
2533,0.5158105492591858,0.001252267975360155,0.5170628428459167
2534,0.5158129930496216,0.0012033074162900448,0.5170162916183472
2535,0.5158030986785889,0.0011740777408704162,0.5169771909713745
2536,0.5158030986785889,0.0011437877546995878,0.5169469118118286
2537,0.5157960653305054,0.0011292489944025874,0.5169253349304199
2538,0.5157937407493591,0.0011179476277902722,0.5169116854667664
2539,0.5157891511917114,0.0011154880048707128,0.5169046521186829
2540,0.515784740447998,0.0011179788270965219,0.51690274477005
2541,0.5157822370529175,0.0011221490567550063,0.5169044137001038
2542,0.5157760977745056,0.0011320848716422915,0.5169081687927246
2543,0.5157750248908997,0.001138035673648119,0.5169130563735962
2544,0.5157675743103027,0.0011506348382681608,0.5169181823730469
2545,0.515767514705658,0.0011555406963452697,0.5169230699539185
2546,0.5157589912414551,0.0011682403273880482,0.5169272422790527
2547,0.5157596468925476,0.0011711380211636424,0.5169307589530945
2548,0.5157504677772522,0.0011830818839371204,0.5169335603713989
2549,0.5157515406608582,0.0011841236846521497,0.5169356465339661
2550,0.5157418251037598,0.0011954314541071653,0.516937255859375
2551,0.5157434344291687,0.0011952846543863416,0.5169387459754944
2552,0.5157333016395569,0.0012065543560311198,0.5169398784637451
2553,0.5157353281974792,0.0012060516746714711,0.5169413685798645
2554,0.5157248973846436,0.0012181184720247984,0.5169430375099182
2555,0.5157272815704346,0.001218159799464047,0.5169454216957092
2556,0.5157164931297302,0.001232016016729176,0.5169485211372375
2557,0.5157194137573242,0.0012335445499047637,0.5169529318809509
2558,0.5157081484794617,0.001250355620868504,0.516958475112915
2559,0.5157117247581482,0.0012544319033622742,0.5169661641120911
2560,0.5156998634338379,0.0012755630305036902,0.5169754028320312
2561,0.5157042741775513,0.0012833807850256562,0.516987681388855
2562,0.5156916379928589,0.0013104038080200553,0.5170020461082458
2563,0.5156969428062439,0.0013232744531705976,0.5170202255249023
2564,0.5156832933425903,0.0013577849604189396,0.5170410871505737
2565,0.5156897306442261,0.0013768459903076291,0.5170665979385376
2566,0.5156749486923218,0.001419955980964005,0.5170949101448059
2567,0.5156828165054321,0.001445437897928059,0.5171282291412354
2568,0.5156667232513428,0.0014966228045523167,0.5171633362770081
2569,0.5156761407852173,0.001526405569165945,0.5172025561332703
2570,0.5156586766242981,0.0015816001687198877,0.5172402858734131
2571,0.5156696438789368,0.001609118073247373,0.517278790473938
2572,0.5156510472297668,0.0016585589619353414,0.5173096060752869
2573,0.5156633853912354,0.0016714048106223345,0.5173348188400269
2574,0.5156440138816833,0.0016996072372421622,0.5173436403274536
2575,0.5156570076942444,0.001681988826021552,0.5173389911651611
2576,0.5156376957893372,0.001673425897024572,0.5173110961914062
2577,0.51565021276474,0.0016156070632860065,0.517265796661377
2578,0.5156320333480835,0.00156677165068686,0.5171988010406494
2579,0.5156425833702087,0.0014774142764508724,0.5171200037002563
2580,0.5156266689300537,0.001405581715516746,0.517032265663147
2581,0.5156338214874268,0.0013128810096532106,0.5169466733932495
2582,0.5156211256980896,0.0012478803982958198,0.5168690085411072
2583,0.5156240463256836,0.001181984436698258,0.5168060064315796
2584,0.5156149864196777,0.001145198941230774,0.5167601704597473
2585,0.5156135559082031,0.0011182515881955624,0.5167317986488342
2586,0.5156079530715942,0.0011110063642263412,0.5167189836502075
2587,0.5156028866767883,0.0011154391104355454,0.516718327999115
2588,0.5156002044677734,0.0011262092739343643,0.5167264342308044
2589,0.5155923366546631,0.001147611765190959,0.5167399644851685
2590,0.5155919194221497,0.0011647639330476522,0.5167566537857056
2591,0.5155820846557617,0.001192694529891014,0.5167747735977173
2592,0.5155834555625916,0.0012103455374017358,0.5167937874794006
2593,0.5155723094940186,0.0012406781315803528,0.5168129801750183
2594,0.515575110912323,0.001257848460227251,0.5168329477310181
2595,0.515562891960144,0.0012904448667541146,0.5168533325195312
2596,0.5155671238899231,0.0013082089135423303,0.5168753266334534
2597,0.5155540108680725,0.0013440517941489816,0.5168980360031128
2598,0.515559732913971,0.0013631721958518028,0.5169228911399841
2599,0.515545666217804,0.0014021792449057102,0.516947865486145
2600,0.5155528783798218,0.0014214046532288194,0.5169742703437805
2601,0.5155380368232727,0.0014606858603656292,0.5169987082481384
2602,0.5155466794967651,0.0014754158910363913,0.5170220732688904
2603,0.5155310034751892,0.0015082273166626692,0.5170392394065857
2604,0.5155407190322876,0.0015104467747732997,0.5170511603355408
2605,0.515524685382843,0.0015271957963705063,0.5170518755912781
2606,0.5155348181724548,0.00150820252019912,0.5170429944992065
2607,0.515518844127655,0.0015008867485448718,0.5170197486877441
2608,0.5155284404754639,0.0014572602231055498,0.5169857144355774
2609,0.5155132412910461,0.001425970927812159,0.5169392228126526
2610,0.515521228313446,0.0013650479959324002,0.516886293888092
2611,0.5155077576637268,0.0013208651216700673,0.5168285965919495
2612,0.5155130624771118,0.0012593002757057548,0.5167723894119263
2613,0.515501856803894,0.0012186890235170722,0.5167205333709717
2614,0.5155039429664612,0.0011728465324267745,0.5166767835617065
2615,0.515495240688324,0.0011473270133137703,0.5166425704956055
2616,0.5154942274093628,0.0011241129832342267,0.5166183114051819
2617,0.5154880285263062,0.0011151798535138369,0.5166032314300537
2618,0.5154842734336853,0.0011114298831671476,0.516595721244812
2619,0.5154802203178406,0.0011137766996398568,0.5165939927101135
2620,0.5154743194580078,0.001122175483033061,0.5165964961051941
2621,0.5154721140861511,0.0011296955635771155,0.5166018009185791
2622,0.5154646039009094,0.0011442633112892509,0.5166088938713074
2623,0.5154638290405273,0.0011533908545970917,0.5166172385215759
2624,0.5154551267623901,0.0011713486164808273,0.5166264772415161
2625,0.5154556632041931,0.0011812958400696516,0.5166369676589966
2626,0.5154460072517395,0.0012025308096781373,0.516648530960083
2627,0.515447735786438,0.0012142709456384182,0.5166620016098022
2628,0.5154371857643127,0.0012402234133332968,0.5166773796081543
2629,0.5154402852058411,0.0012555783614516258,0.5166958570480347
2630,0.5154287219047546,0.0012883913004770875,0.5167171359062195
2631,0.5154333114624023,0.001309310318902135,0.5167426466941833
2632,0.5154205560684204,0.001350922859273851,0.5167714953422546
2633,0.5154268741607666,0.0013785138726234436,0.5168054103851318
2634,0.5154128670692444,0.0014292527921497822,0.5168421268463135
2635,0.5154209733009338,0.001462102634832263,0.5168830752372742
2636,0.515405535697937,0.0015184147050604224,0.5169239640235901
2637,0.5154154300689697,0.0015501517336815596,0.5169655680656433
2638,0.5153987407684326,0.0016020411858335137,0.5170007944107056
2639,0.5154100656509399,0.0016195632051676512,0.5170296430587769
2640,0.5153924226760864,0.0016503444639965892,0.5170427560806274
2641,0.5154045820236206,0.0016365458723157644,0.5170411467552185
2642,0.5153868198394775,0.0016293510561808944,0.5170161724090576
2643,0.5153985023498535,0.0015738530782982707,0.5169723629951477
2644,0.5153817534446716,0.001525268075056374,0.5169070363044739
2645,0.5153914093971252,0.0014380832435563207,0.5168294906616211
2646,0.5153768658638,0.001367457676678896,0.5167443156242371
2647,0.5153830647468567,0.0012792886700481176,0.5166623592376709
2648,0.5153716802597046,0.0012184332590550184,0.5165901184082031
2649,0.5153736472129822,0.0011601893929764628,0.5165338516235352
2650,0.5153657793998718,0.0011298798490315676,0.5164956450462341
2651,0.5153635144233704,0.001111649558879435,0.5164751410484314
2652,0.5153590440750122,0.0011106604943051934,0.5164697170257568
2653,0.5153533220291138,0.0011220608139410615,0.5164753794670105
2654,0.5153515934944153,0.0011367126135155559,0.5164883136749268
2655,0.5153433084487915,0.0011617252603173256,0.5165050625801086
2656,0.5153436660766602,0.0011795532191172242,0.5165232419967651
2657,0.5153336524963379,0.0012072750832885504,0.5165409445762634
2658,0.5153355002403259,0.001222220016643405,0.5165576934814453
2659,0.5153244137763977,0.0012482567690312862,0.5165726542472839
2660,0.5153273940086365,0.0012589948019012809,0.5165863633155823
2661,0.5153156518936157,0.0012825030134990811,0.5165981650352478
2662,0.5153195261955261,0.0012893221573904157,0.5166088342666626
2663,0.5153074264526367,0.0013101929798722267,0.5166175961494446
2664,0.515312135219574,0.0013130474835634232,0.516625165939331
2665,0.5152997374534607,0.0013305029133334756,0.516630232334137
2666,0.5153051018714905,0.0013283999869599938,0.5166335105895996
2667,0.5152925848960876,0.0013407482765614986,0.5166333317756653
2668,0.5152984857559204,0.0013321111910045147,0.5166305899620056
2669,0.5152860879898071,0.0013374012196436524,0.5166234970092773
2670,0.5152919888496399,0.0013210809556767344,0.5166130661964417
2671,0.5152798891067505,0.0013182538095861673,0.5165981650352478
2672,0.5152853727340698,0.0012947239447385073,0.5165801048278809
2673,0.5152738690376282,0.0012846810277551413,0.5165585279464722
2674,0.5152784585952759,0.001256680698134005,0.5165351629257202
2675,0.5152677297592163,0.001242424244992435,0.5165101289749146
2676,0.5152710676193237,0.001214247546158731,0.516485333442688
2677,0.5152614116668701,0.0011996780522167683,0.5164610743522644
2678,0.5152632594108582,0.0011754744919016957,0.5164387226104736
2679,0.5152547955513,0.001163722830824554,0.5164185166358948
2680,0.5152550339698792,0.001145918620750308,0.516400933265686
2681,0.5152477622032166,0.0011382977245375514,0.5163860321044922
2682,0.515246570110321,0.001127153169363737,0.5163736939430237
2683,0.5152403712272644,0.0011232913238927722,0.5163636803627014
2684,0.5152380466461182,0.0011175747495144606,0.5163556337356567
2685,0.5152328014373779,0.0011162698501721025,0.5163490772247314
2686,0.5152295231819153,0.0011142934672534466,0.5163438320159912
2687,0.5152251124382019,0.0011143219890072942,0.5163394212722778
2688,0.5152210593223572,0.0011146540055051446,0.5163357257843018
2689,0.5152173638343811,0.0011151711223646998,0.5163325071334839
2690,0.5152127742767334,0.0011169005883857608,0.5163296461105347
2691,0.5152096748352051,0.0011174913961440325,0.5163271427154541
2692,0.5152046084403992,0.0011202088790014386,0.5163248181343079
2693,0.5152021050453186,0.00112079456448555,0.516322910785675
2694,0.515196681022644,0.0011244949419051409,0.5163211822509766
2695,0.5151947140693665,0.0011252533877268434,0.516319990158081
2696,0.5151889324188232,0.0011302772909402847,0.516319215297699
2697,0.5151874423027039,0.0011316300369799137,0.5163190960884094
2698,0.5151811838150024,0.0011386924888938665,0.5163198709487915
2699,0.5151804685592651,0.0011413890169933438,0.5163218379020691
2700,0.5151735544204712,0.0011517368257045746,0.5163252949714661
2701,0.5151736736297607,0.0011570819187909365,0.5163307785987854
2702,0.5151659250259399,0.0011728027602657676,0.5163387060165405
2703,0.5151670575141907,0.0011830565053969622,0.5163500905036926
2704,0.5151582360267639,0.0012076188577339053,0.5163658261299133
2705,0.5151607394218445,0.0012266553239896894,0.516387403011322
2706,0.5151503682136536,0.0012657002080231905,0.516416072845459
2707,0.5151547193527222,0.0012998825404793024,0.5164545774459839
2708,0.5151425004005432,0.0013620369136333466,0.5165045261383057
2709,0.5151491761207581,0.0014207379426807165,0.5165699124336243
2710,0.5151345133781433,0.0015172123676165938,0.5166517496109009
2711,0.5151442289352417,0.0016107672126963735,0.5167549848556519
2712,0.5151267647743225,0.0017498168163001537,0.5168765783309937
2713,0.5151401162147522,0.001879036659374833,0.5170191526412964
2714,0.5151194930076599,0.0020476800855249166,0.5171671509742737
2715,0.5151368379592896,0.0021775662899017334,0.5173144340515137
2716,0.5151135325431824,0.0023096248041838408,0.517423152923584
2717,0.5151339769363403,0.0023431037552654743,0.5174770951271057
2718,0.5151097178459167,0.0023197492118924856,0.5174294710159302
2719,0.5151304602622986,0.0021524294279515743,0.5172829031944275
2720,0.5151087045669556,0.00192731071729213,0.5170360207557678
2721,0.5151244401931763,0.0016231021145358682,0.5167475342750549
2722,0.5151091814041138,0.0013679435942322016,0.516477108001709
2723,0.5151151418685913,0.0011746629606932402,0.5162898302078247
2724,0.5151088237762451,0.0011063105193898082,0.5162151455879211
2725,0.5151036381721497,0.001141111832112074,0.5162447690963745
2726,0.5151056051254272,0.001233879360370338,0.5163394808769226
2727,0.5150923728942871,0.0013563398970291018,0.5164487361907959
2728,0.5150992274284363,0.0014313827268779278,0.5165306329727173
2729,0.5150827169418335,0.0014761601341888309,0.5165588855743408
2730,0.51509028673172,0.001441829139366746,0.5165321230888367
2731,0.5150745511054993,0.00138653046451509,0.5164610743522644
2732,0.5150794982910156,0.001290945685468614,0.516370415687561
2733,0.515067458152771,0.0012147866655141115,0.5162822604179382
2734,0.515067994594574,0.001147218863479793,0.5162152051925659
2735,0.5150607824325562,0.0011169592617079616,0.5161777138710022
2736,0.5150567293167114,0.0011129742488265038,0.5161697268486023
2737,0.5150541067123413,0.0011300805490463972,0.5161842107772827
2738,0.5150465369224548,0.001164439832791686,0.5162109732627869
2739,0.5150472521781921,0.0011926937149837613,0.5162399411201477
2740,0.5150377154350281,0.0012249936116859317,0.5162627100944519
2741,0.5150402784347534,0.0012340841349214315,0.5162743330001831
2742,0.5150301456451416,0.0012424592860043049,0.5162726044654846
2743,0.5150330066680908,0.0012258948991075158,0.5162588953971863
2744,0.5150236487388611,0.0012123099295422435,0.5162359476089478
2745,0.5150256156921387,0.0011826548725366592,0.516208291053772
2746,0.5150179266929626,0.0011622391175478697,0.516180157661438
2747,0.5150182247161865,0.0011372679146006703,0.516155481338501
2748,0.5150126218795776,0.001124096568673849,0.5161367058753967
2749,0.5150107145309448,0.001114135840907693,0.5161248445510864
2750,0.5150071978569031,0.0011124172015115619,0.5161195993423462
2751,0.5150033235549927,0.0011161937145516276,0.5161195397377014
2752,0.5150014758110046,0.0011209420626983047,0.5161224007606506
2753,0.5149959921836853,0.0011302828788757324,0.516126275062561
2754,0.5149953365325928,0.0011339668417349458,0.5161293148994446
2755,0.514988899230957,0.001141188433393836,0.5161300897598267
2756,0.5149886012077332,0.0011396006448194385,0.5161281824111938
2757,0.5149819254875183,0.0011416740017011762,0.5161235928535461
2758,0.5149814486503601,0.0011354134185239673,0.5161168575286865
2759,0.5149751305580139,0.0011336050229147077,0.5161087512969971
2760,0.5149739980697632,0.0011259929742664099,0.5160999894142151
2761,0.5149682760238647,0.0011231511598452926,0.5160914063453674
2762,0.5149663090705872,0.0011173508828505874,0.5160836577415466
2763,0.5149614810943604,0.0011155222309753299,0.5160769820213318
2764,0.5149586200714111,0.0011129254708066583,0.5160715579986572
2765,0.5149546265602112,0.001112576574087143,0.5160672068595886
2766,0.5149509906768799,0.0011128518963232636,0.5160638689994812
2767,0.514947772026062,0.0011133558582514524,0.5160611271858215
2768,0.5149434804916382,0.0011153320083394647,0.5160588026046753
2769,0.5149408578872681,0.0011158083798363805,0.5160566568374634
2770,0.5149360299110413,0.001118321786634624,0.5160543322563171
2771,0.5149338245391846,0.0011181799927726388,0.5160520076751709
2772,0.5149288177490234,0.0011204767506569624,0.5160492658615112
2773,0.5149267315864563,0.0011195570696145296,0.5160462856292725
2774,0.5149216055870056,0.0011213289108127356,0.516042947769165
2775,0.5149195194244385,0.0011197871062904596,0.5160393118858337
2776,0.5149145126342773,0.0011210243683308363,0.5160355567932129
2777,0.5149123668670654,0.0011191550875082612,0.5160315036773682
2778,0.5149074792861938,0.0011199872242286801,0.5160274505615234
2779,0.5149052739143372,0.0011180841829627752,0.5160233378410339
2780,0.5149005651473999,0.0011186617193743587,0.5160192251205444
2781,0.5148981809616089,0.0011169384233653545,0.5160151124000549
2782,0.514893651008606,0.0011173730017617345,0.5160109996795654
2783,0.5148910880088806,0.001115943887270987,0.5160070061683655
2784,0.5148867964744568,0.0011162968585267663,0.5160030722618103
2785,0.5148840546607971,0.0011151931248605251,0.5159992575645447
2786,0.5148800015449524,0.001115489867515862,0.5159955024719238
2787,0.5148770809173584,0.001114690792746842,0.515991747379303
2788,0.514873206615448,0.0011149385245516896,0.5159881711006165
2789,0.5148701071739197,0.0011143991723656654,0.5159845352172852
2790,0.5148664116859436,0.0011145963799208403,0.5159810185432434
2791,0.5148631930351257,0.0011142620351165533,0.5159774422645569
2792,0.5148594975471497,0.0011144087184220552,0.5159739255905151
2793,0.514856219291687,0.001114233280532062,0.5159704685211182
2794,0.5148526430130005,0.001114330836571753,0.5159669518470764
2795,0.5148493051528931,0.0011142732109874487,0.5159635543823242
2796,0.5148458480834961,0.0011143257142975926,0.515960156917572
2797,0.5148423910140991,0.0011143559822812676,0.5159567594528198
2798,0.5148389339447021,0.0011143650626763701,0.5159533023834229
2799,0.5148354172706604,0.0011144598247483373,0.5159499049186707
2800,0.514832079410553,0.0011144272284582257,0.5159465074539185
2801,0.5148285627365112,0.0011145692551508546,0.5159431099891663
2802,0.5148252248764038,0.001114493003115058,0.5159397125244141
2803,0.5148217082023621,0.0011146740289404988,0.5159363746643066
2804,0.5148183703422546,0.0011145538883283734,0.5159329175949097
2805,0.5148147940635681,0.0011147710029035807,0.5159295797348022
2806,0.5148115754127502,0.0011146083706989884,0.51592618227005
2807,0.5148079991340637,0.0011148715857416391,0.5159228444099426
2808,0.5148048400878906,0.0011146676260977983,0.5159195065498352
2809,0.5148011445999146,0.0011149916099384427,0.515916109085083
2810,0.5147980451583862,0.0011147476034238935,0.5159127712249756
2811,0.5147943496704102,0.001115158898755908,0.5159094929695129
2812,0.5147913098335266,0.001114875078201294,0.5159062147140503
2813,0.5147875547409058,0.0011154105886816978,0.5159029364585876
2814,0.5147846341133118,0.0011150948703289032,0.5158997178077698
2815,0.5147807002067566,0.0011158131528645754,0.5158964991569519
2816,0.5147779583930969,0.0011154792737215757,0.5158934593200684
2817,0.5147739052772522,0.0011164724128320813,0.51589035987854
2818,0.5147712826728821,0.0011161620495840907,0.515887439250946
2819,0.514767050743103,0.0011175837134942412,0.5158846378326416
2820,0.514764666557312,0.0011173849925398827,0.5158820748329163
2821,0.5147601962089539,0.0011194960679858923,0.5158796906471252
2822,0.5147580504417419,0.001119599211961031,0.5158776640892029
2823,0.5147532820701599,0.0011228603543713689,0.5158761143684387
2824,0.5147515535354614,0.0011236704885959625,0.5158752202987671
2825,0.5147463083267212,0.0011289181420579553,0.5158752202987671
2826,0.5147451162338257,0.0011312711285427213,0.5158764123916626
2827,0.5147392749786377,0.0011400561779737473,0.5158793330192566
2828,0.514738917350769,0.0011456528445705771,0.5158845782279968
2829,0.5147321224212646,0.001160893589258194,0.5158930420875549
2830,0.5147328972816467,0.0011731551494449377,0.515906035900116
2831,0.5147249102592468,0.0012003396404907107,0.5159252285957336
2832,0.5147271752357483,0.0012259562499821186,0.5159531235694885
2833,0.5147174596786499,0.0012751779286190867,0.5159926414489746
2834,0.5147219896316528,0.0013265121961012483,0.5160484910011292
2835,0.5147098898887634,0.0014149851631373167,0.5161249041557312
2836,0.5147174000740051,0.001512040733359754,0.5162294507026672
2837,0.5147022008895874,0.0016636274522170424,0.5163658261299133
2838,0.5147137641906738,0.0018283468671143055,0.5165421366691589
2839,0.5146948099136353,0.0020564657170325518,0.5167512893676758
2840,0.5147113800048828,0.0022780890576541424,0.5169894695281982
2841,0.5146884918212891,0.0025259233079850674,0.5172144174575806
2842,0.5147100687026978,0.0026806292589753866,0.5173906683921814
2843,0.5146846771240234,0.002747562015429139,0.5174322128295898
2844,0.5147085189819336,0.0025968246627599,0.517305314540863
2845,0.5146849751472473,0.0022967085242271423,0.5169816613197327
2846,0.5147044062614441,0.0018440337153151631,0.5165484547615051
2847,0.5146887898445129,0.0014390181750059128,0.5161278247833252
2848,0.514695942401886,0.0011622081510722637,0.5158581733703613
2849,0.5146923065185547,0.00110880215652287,0.5158011317253113
2850,0.5146852135658264,0.0012355728540569544,0.5159207582473755
2851,0.5146918296813965,0.0014204814797267318,0.5161123275756836
2852,0.514675498008728,0.0015835766680538654,0.5162590742111206
2853,0.5146861672401428,0.0016045727534219623,0.5162907242774963
2854,0.5146684646606445,0.0015291686868295074,0.5161976218223572
2855,0.5146759152412415,0.0013587868306785822,0.516034722328186
2856,0.5146632790565491,0.001211714232340455,0.515874981880188
2857,0.5146631598472595,0.0011160875437781215,0.5157792568206787
2858,0.5146581530570984,0.0011090489570051432,0.5157672166824341
2859,0.5146505236625671,0.001169233350083232,0.5158197283744812
2860,0.5146518349647522,0.0012443525483831763,0.515896201133728
2861,0.5146399736404419,0.0013153268955647945,0.5159553289413452
2862,0.5146440267562866,0.0013284834567457438,0.5159724950790405
2863,0.5146318078041077,0.001311517204158008,0.5159433484077454
2864,0.5146350860595703,0.001247878186404705,0.5158829689025879
2865,0.5146255493164062,0.0011889201123267412,0.515814483165741
2866,0.514625608921051,0.001134793390519917,0.5157604217529297
2867,0.5146203637123108,0.0011132244253531098,0.5157335996627808
2868,0.5146166682243347,0.0011181167792528868,0.5157347917556763
2869,0.514615535736084,0.0011391331208869815,0.5157546401023865
2870,0.5146089792251587,0.0011704955250024796,0.5157794952392578
2871,0.5146104693412781,0.0011859261430799961,0.515796422958374
2872,0.5146026611328125,0.0011952780187129974,0.5157979130744934
2873,0.5146046280860901,0.0011793089797720313,0.515783965587616
2874,0.5145975351333618,0.001161942258477211,0.5157594680786133
2875,0.51459801197052,0.0011349300621077418,0.5157329440116882
2876,0.5145929455757141,0.0011189790675416589,0.5157119035720825
2877,0.5145910382270813,0.0011097433743998408,0.5157007575035095
2878,0.5145884156227112,0.0011111678322777152,0.515699565410614
2879,0.5145841836929321,0.0011206810595467687,0.515704870223999
2880,0.51458340883255,0.0011281762272119522,0.5157116055488586
2881,0.5145776867866516,0.0011374664027243853,0.5157151818275452
2882,0.5145776271820068,0.0011356384493410587,0.5157132744789124
2883,0.5145716667175293,0.0011341231875121593,0.5157057642936707
2884,0.5145710706710815,0.0011239541927352548,0.5156950354576111
2885,0.5145659446716309,0.0011177866254001856,0.5156837105751038
2886,0.514564037322998,0.0011106005404144526,0.5156746506690979
2887,0.5145602226257324,0.0011086720041930676,0.5156688690185547
2888,0.5145568251609802,0.0011097951792180538,0.5156666040420532
2889,0.5145543813705444,0.0011120818089693785,0.5156664848327637
2890,0.5145498514175415,0.0011169189820066094,0.5156667828559875
2891,0.5145481824874878,0.0011178760323673487,0.5156660676002502
2892,0.5145432353019714,0.0011203376343473792,0.5156635642051697
2893,0.5145416259765625,0.0011175164254382253,0.5156591534614563
2894,0.5145369172096252,0.0011166769545525312,0.5156536102294922
2895,0.5145348906517029,0.001112717087380588,0.5156475901603699
2896,0.5145306587219238,0.0011113648070022464,0.5156420469284058
2897,0.5145279169082642,0.0011096844682469964,0.5156375765800476
2898,0.5145245790481567,0.0011096830712631345,0.5156342387199402
2899,0.514521062374115,0.0011107823811471462,0.5156318545341492
2900,0.5145183801651001,0.0011114028748124838,0.515629768371582
2901,0.5145143270492554,0.0011133725056424737,0.5156276822090149
2902,0.5145120620727539,0.0011131094070151448,0.5156251788139343
2903,0.5145078301429749,0.001114224549382925,0.515622079372406
2904,0.5145056247711182,0.0011128137120977044,0.5156184434890747
2905,0.5145015120506287,0.001112908124923706,0.51561439037323
2906,0.5144990682601929,0.0011113667860627174,0.5156104564666748
2907,0.5144954323768616,0.0011111843632534146,0.5156066417694092
2908,0.5144925117492676,0.001110534300096333,0.5156030654907227
2909,0.5144892930984497,0.0011105459416285157,0.5155998468399048
2910,0.5144860148429871,0.0011109057813882828,0.5155969262123108
2911,0.5144832134246826,0.001110933837480843,0.5155941247940063
2912,0.5144796371459961,0.0011117166141048074,0.5155913829803467
2913,0.5144770741462708,0.0011114039225503802,0.5155884623527527
2914,0.5144733786582947,0.0011120206909254193,0.5155854225158691
2915,0.5144708752632141,0.0011113387299701571,0.5155822038650513
2916,0.5144672393798828,0.001111613237299025,0.5155788660049438
2917,0.5144646167755127,0.0011108878534287214,0.5155755281448364
2918,0.5144611597061157,0.001110958168283105,0.5155721306800842
2919,0.5144583582878113,0.0011105448938906193,0.5155689120292664
2920,0.5144551396369934,0.0011105566518381238,0.5155656933784485
2921,0.5144520401954651,0.0011105660814791918,0.5155625939369202
2922,0.5144490003585815,0.0011105280136689544,0.5155595541000366
2923,0.5144457817077637,0.0011108230100944638,0.5155566334724426
2924,0.5144429206848145,0.0011106686433777213,0.5155535936355591
2925,0.5144395232200623,0.0011110331397503614,0.5155505537986755
2926,0.5144367218017578,0.001110750250518322,0.5155474543571472
2927,0.5144333839416504,0.0011110396590083838,0.5155444145202637
2928,0.514430582523346,0.0011107086902484298,0.5155413150787354
2929,0.5144271850585938,0.0011108870385214686,0.5155380964279175
2930,0.5144243240356445,0.0011106312740594149,0.5155349373817444
2931,0.5144211053848267,0.0011107189347967505,0.5155318379402161
2932,0.5144180655479431,0.001110614975914359,0.515528678894043
2933,0.5144150257110596,0.0011106267338618636,0.5155256390571594
2934,0.5144119262695312,0.001110672252252698,0.5155225992202759
2935,0.5144089460372925,0.0011106099700555205,0.5155195593833923
2936,0.5144057869911194,0.0011107453610748053,0.5155165195465088
2937,0.5144028663635254,0.0011106134625151753,0.5155134797096252
2938,0.5143996477127075,0.00111077178735286,0.5155104398727417
2939,0.5143967866897583,0.0011105954181402922,0.5155074000358582
2940,0.5143935680389404,0.001110730809159577,0.5155043005943298
2941,0.5143907070159912,0.0011105550220236182,0.5155012607574463
2942,0.5143875479698181,0.0011106482706964016,0.5154982209205627
2943,0.5143845677375793,0.001110518234781921,0.5154950618743896
2944,0.514381468296051,0.0011105684097856283,0.5154920220375061
2945,0.5143784880638123,0.001110504730604589,0.5154889822006226
2946,0.5143754482269287,0.0011105124140158296,0.515485942363739
2947,0.5143724083900452,0.0011105159064754844,0.5154829025268555
2948,0.5143693685531616,0.0011104829609394073,0.5154798626899719
2949,0.5143663287162781,0.0011105327866971493,0.5154768824577332
2950,0.5143633484840393,0.0011104645673185587,0.5154738426208496
2951,0.514360249042511,0.0011105359299108386,0.5154708027839661
2952,0.514357328414917,0.0011104474542662501,0.5154677629470825
2953,0.5143542289733887,0.0011105187004432082,0.515464723110199
2954,0.5143513083457947,0.0011104254517704248,0.5154617428779602
2955,0.5143482089042664,0.001110481796786189,0.5154587030410767
2956,0.5143452882766724,0.0011104029836133122,0.5154556632041931
2957,0.5143422484397888,0.0011104366276413202,0.5154526829719543
2958,0.51433926820755,0.0011103813303634524,0.5154496431350708
2959,0.5143362283706665,0.0011103894794359803,0.5154466032981873
2960,0.5143332481384277,0.0011103615397587419,0.5154436230659485
2961,0.514330267906189,0.0011103482684120536,0.5154406428337097
2962,0.5143272280693054,0.0011103433789685369,0.5154375433921814
2963,0.5143243074417114,0.001110311597585678,0.5154346227645874
2964,0.5143212676048279,0.0011103234719485044,0.5154315829277039
2965,0.5143182873725891,0.0011102796997874975,0.5154285430908203
2966,0.5143152475357056,0.0011102978605777025,0.5154255628585815
2967,0.5143123269081116,0.0011102475691586733,0.5154225826263428
2968,0.5143093466758728,0.0011102674761787057,0.515419602394104
2969,0.5143064260482788,0.0011102174175903201,0.5154166221618652
2970,0.5143033862113953,0.0011102313874289393,0.5154136419296265
2971,0.5143004655838013,0.0011101857526227832,0.5154106616973877
2972,0.5142974853515625,0.001110191224142909,0.5154076814651489
2973,0.5142945051193237,0.0011101537384092808,0.5154046416282654
2974,0.5142915844917297,0.0011101496638730168,0.5154017210006714
2975,0.5142885446548462,0.0011101210257038474,0.5153986811637878
2976,0.5142855644226074,0.0011101082200184464,0.5153957009315491
2977,0.5142826437950134,0.001110087614506483,0.5153927206993103
2978,0.5142797231674194,0.0011100653791800141,0.5153898000717163
2979,0.5142767429351807,0.0011100518750026822,0.5153868198394775
2980,0.5142738223075867,0.0011100245174020529,0.5153838396072388
2981,0.5142708420753479,0.0011100162519142032,0.515380859375
2982,0.5142679214477539,0.0011099819093942642,0.5153778791427612
2983,0.5142649412155151,0.0011099763214588165,0.5153748989105225
2984,0.5142620205879211,0.001109941746108234,0.5153719782829285
2985,0.5142590999603271,0.0011099365074187517,0.5153690576553345
2986,0.5142561197280884,0.00110990134999156,0.5153660178184509
2987,0.5142531991004944,0.0011098942486569285,0.5153630971908569
2988,0.5142502784729004,0.0011098608374595642,0.5153601169586182
2989,0.5142473578453064,0.0011098512914031744,0.5153571963310242
2990,0.5142444372177124,0.0011098197428509593,0.5153542757034302
2991,0.5142414569854736,0.0011098065879195929,0.5153512358665466
2992,0.5142385959625244,0.0011097784154117107,0.5153483748435974
2993,0.5142356753349304,0.0011097611859440804,0.5153454542160034
2994,0.5142327547073364,0.0011097353417426348,0.5153424739837646
2995,0.5142298340797424,0.0011097155511379242,0.5153395533561707
2996,0.5142269134521484,0.001109692151658237,0.5153366327285767
2997,0.5142239928245544,0.001109668635763228,0.5153336524963379
2998,0.5142211318016052,0.0011096468660980463,0.5153307914733887
2999,0.5142181515693665,0.0011096216039732099,0.5153277516365051
3000,0.5142152905464172,0.0011096009984612465,0.5153248906135559
3001,0.5142123699188232,0.0011095734080299735,0.5153219699859619
3002,0.5142094492912292,0.0011095550144091249,0.5153189897537231
3003,0.51420658826828,0.0011095257941633463,0.5153161287307739
3004,0.514203667640686,0.0011095067020505667,0.5153131484985352
3005,0.5142008066177368,0.0011094770161435008,0.5153102874755859
3006,0.5141978859901428,0.0011094572255387902,0.5153073668479919
3007,0.5141949653625488,0.0011094278888776898,0.5153043866157532
3008,0.5141921639442444,0.0011094075161963701,0.5153015851974487
3009,0.5141892433166504,0.0011093785287812352,0.51529860496521
3010,0.5141863822937012,0.0011093579232692719,0.5152957439422607
3011,0.5141834616661072,0.0011093291686847806,0.515292763710022
3012,0.514180600643158,0.001109305303543806,0.5152899026870728
3013,0.5141777396202087,0.0011092781787738204,0.5152870416641235
3014,0.5141748189926147,0.0011092540808022022,0.5152840614318848
3015,0.5141719579696655,0.0011092261411249638,0.5152812004089355
3016,0.5141690969467163,0.0011092021595686674,0.5152782797813416
3017,0.5141662359237671,0.0011091750347986817,0.5152754187583923
3018,0.5141633749008179,0.001109148608520627,0.5152724981307983
3019,0.5141605138778687,0.0011091211345046759,0.5152696371078491
3020,0.5141576528549194,0.001109096105210483,0.5152667760848999
3021,0.5141547918319702,0.00110906851477921,0.5152638554573059
3022,0.514151930809021,0.001109042321331799,0.5152609944343567
3023,0.5141490697860718,0.0011090156622231007,0.5152580738067627
3024,0.5141462683677673,0.0011089883046224713,0.5152552723884583
3025,0.5141434073448181,0.0011089615290984511,0.5152523517608643
3026,0.5141405463218689,0.001108932076022029,0.515249490737915
3027,0.5141376256942749,0.0011089068138971925,0.5152465105056763
3028,0.5141348242759705,0.0011088779428973794,0.5152437090873718
3029,0.5141319632530212,0.001108851283788681,0.5152407884597778
3030,0.5141291618347168,0.001108822994865477,0.5152379870414734
3031,0.5141263008117676,0.001108795404434204,0.5152350664138794
3032,0.5141234993934631,0.0011087674647569656,0.515232264995575
3033,0.5141206979751587,0.0011087395250797272,0.5152294635772705
3034,0.5141178369522095,0.0011087119346484542,0.5152265429496765
3035,0.514115035533905,0.0011086832964792848,0.5152237415313721
3036,0.5141121745109558,0.00110865558963269,0.5152208209037781
3037,0.5141093730926514,0.0011086262529715896,0.5152180194854736
3038,0.5141065716743469,0.0011085981968790293,0.5152151584625244
3039,0.5141037106513977,0.0011085686273872852,0.5152122974395752
3040,0.5141008496284485,0.0011085410369560122,0.5152093768119812
3041,0.5140981078147888,0.0011085111182183027,0.5152066349983215
3042,0.5140952467918396,0.001108483294956386,0.5152037143707275
3043,0.5140924453735352,0.0011084527941420674,0.5152009129524231
3044,0.5140896439552307,0.0011084268335253,0.5151980519294739
3045,0.5140868425369263,0.0011083941208198667,0.5151952505111694
3046,0.5140840411186218,0.001108367694541812,0.5151923894882202
3047,0.5140812397003174,0.0011083356803283095,0.5151895880699158
3048,0.5140784382820129,0.001108308439143002,0.5151867270469666
3049,0.5140756368637085,0.0011082771234214306,0.5151839256286621
3050,0.514072835445404,0.0011082503478974104,0.5151810646057129
3051,0.5140700936317444,0.001108216936700046,0.5151783227920532
3052,0.5140672922134399,0.001108189462684095,0.515175461769104
3053,0.5140644907951355,0.0011081560514867306,0.5151726603507996
3054,0.514061689376831,0.0011081296252086759,0.5151697993278503
3055,0.5140588879585266,0.0011080956319347024,0.5151669979095459
3056,0.5140561461448669,0.0011080692056566477,0.5151641964912415
3057,0.5140533447265625,0.001108036027289927,0.515161395072937
3058,0.5140505433082581,0.0011080082040280104,0.5151585340499878
3059,0.5140478014945984,0.0011079752584919333,0.5151557922363281
3060,0.5140450596809387,0.0011079463874921203,0.5151529908180237
3061,0.5140422582626343,0.0011079146061092615,0.5151501893997192
3062,0.5140395164489746,0.0011078857351094484,0.5151473879814148
3063,0.5140367150306702,0.0011078529059886932,0.5151445865631104
3064,0.5140339732170105,0.0011078235693275928,0.5151417851448059
3065,0.5140312314033508,0.0011077910894528031,0.5151390433311462
3066,0.5140284299850464,0.0011077605886384845,0.515136182308197
3067,0.5140256881713867,0.0011077303206548095,0.5151334404945374
3068,0.5140228867530823,0.0011076979571953416,0.5151305794715881
3069,0.5140201449394226,0.001107668736949563,0.5151278376579285
3070,0.5140174031257629,0.0011076359078288078,0.515125036239624
3071,0.5140146613121033,0.0011076066875830293,0.5151222944259644
3072,0.5140119194984436,0.001107572577893734,0.5151194930076599
3073,0.5140091776847839,0.0011075432412326336,0.5151166915893555
3074,0.5140064358711243,0.0011075087822973728,0.5151139497756958
3075,0.5140036940574646,0.0011074799112975597,0.5151111483573914
3076,0.5140009522438049,0.0011074465001001954,0.5151084065437317
3077,0.51399827003479,0.0011074168141931295,0.515105664730072
3078,0.5139954686164856,0.0011073824716731906,0.5151028633117676
3079,0.5139927268028259,0.0011073538335040212,0.5151000618934631
3080,0.513990044593811,0.0011073187924921513,0.5150973796844482
3081,0.5139873623847961,0.0011072895722463727,0.5150946378707886
3082,0.5139845609664917,0.0011072555789723992,0.5150918364524841
3083,0.5139818787574768,0.0011072257766500115,0.5150890946388245
3084,0.5139791369438171,0.0011071899207308888,0.5150863528251648
3085,0.5139763951301575,0.001107161515392363,0.5150835514068604
3086,0.5139737129211426,0.0011071268236264586,0.5150808691978455
3087,0.5139710307121277,0.0011070979526266456,0.5150781273841858
3088,0.513968288898468,0.0011070623295381665,0.5150753259658813
3089,0.5139654874801636,0.001107033109292388,0.5150725245475769
3090,0.5139628648757935,0.001106997369788587,0.515069842338562
3091,0.5139601230621338,0.0011069682659581304,0.5150671005249023
3092,0.5139574408531189,0.0011069325264543295,0.5150643587112427
3093,0.513954758644104,0.0011069028405472636,0.5150616765022278
3094,0.5139520764350891,0.0011068671010434628,0.5150589346885681
3095,0.5139493346214294,0.0011068378807976842,0.5150561928749084
3096,0.5139466524124146,0.0011068017920479178,0.5150534510612488
3097,0.5139439702033997,0.0011067717568948865,0.5150507688522339
3098,0.51394122838974,0.001106737181544304,0.5150479674339294
3099,0.5139386057853699,0.0011067064478993416,0.5150452852249146
3100,0.513935923576355,0.0011066714068874717,0.5150426030158997
3101,0.5139332413673401,0.001106640906073153,0.51503986120224
3102,0.5139304995536804,0.0011066058650612831,0.5150371193885803
3103,0.5139278769493103,0.00110657571349293,0.5150344371795654
3104,0.5139251947402954,0.0011065403232350945,0.5150317549705505
3105,0.5139225125312805,0.001106509007513523,0.5150290131568909
3106,0.5139197707176208,0.0011064739665016532,0.5150262713432312
3107,0.5139171481132507,0.0011064426507800817,0.5150235891342163
3108,0.5139144659042358,0.0011064085410907865,0.5150208473205566
3109,0.513911783695221,0.0011063764104619622,0.5150181651115417
3110,0.5139091610908508,0.001106342300772667,0.5150154829025269
3111,0.5139064788818359,0.001106309238821268,0.515012800693512
3112,0.513903796672821,0.001106275711208582,0.5150100588798523
3113,0.5139011740684509,0.0011062432313337922,0.5150074362754822
3114,0.513898491859436,0.001106209703721106,0.5150046944618225
3115,0.5138958692550659,0.0011061762925237417,0.5150020718574524
3116,0.513893187046051,0.0011061427649110556,0.5149993300437927
3117,0.5138905048370361,0.0011061095865443349,0.5149965882301331
3118,0.513887882232666,0.0011060757096856833,0.5149939656257629
3119,0.5138852596282959,0.0011060426477342844,0.514991283416748
3120,0.5138826370239258,0.0011060081887990236,0.5149886608123779
3121,0.5138799548149109,0.0011059753596782684,0.5149859189987183
3122,0.5138773322105408,0.0011059402022510767,0.5149832963943481
3123,0.5138747096061707,0.0011059092357754707,0.5149806141853333
3124,0.5138720870018005,0.0011058743111789227,0.5149779319763184
3125,0.5138694047927856,0.0011058410163968801,0.5149752497673035
3126,0.5138667821884155,0.0011058059753850102,0.5149725675582886
3127,0.5138641595840454,0.0011057737283408642,0.5149699449539185
3128,0.5138615369796753,0.0011057390365749598,0.5149672627449036
3129,0.5138589143753052,0.0011057062074542046,0.5149646401405334
3130,0.5138562917709351,0.0011056720977649093,0.5149619579315186
3131,0.5138536691665649,0.001105637289583683,0.5149593353271484
3132,0.5138510465621948,0.0011056046932935715,0.5149566531181335
3133,0.5138484239578247,0.0011055703507736325,0.5149539709091187
3134,0.5138458609580994,0.0011055367067456245,0.5149514079093933
3135,0.5138432383537292,0.0011055012000724673,0.5149487257003784
3136,0.5138406157493591,0.0011054689530283213,0.5149461030960083
3137,0.513837993144989,0.0011054333299398422,0.5149434208869934
3138,0.5138353705406189,0.0011054023634642363,0.5149407982826233
3139,0.5138328075408936,0.0011053653433918953,0.5149381756782532
3140,0.5138301849365234,0.001105333911255002,0.5149354934692383
3141,0.5138276219367981,0.0011052972404286265,0.5149329304695129
3142,0.513824999332428,0.0011052674381062388,0.514930248260498
3143,0.5138223767280579,0.0011052292538806796,0.5149276256561279
3144,0.5138198137283325,0.001105199451558292,0.5149250030517578
3145,0.5138171911239624,0.0011051604524254799,0.5149223804473877
3146,0.5138145685195923,0.0011051318142563105,0.5149196982383728
3147,0.5138120651245117,0.0011050926987081766,0.5149171352386475
3148,0.5138094425201416,0.0011050638277083635,0.5149145126342773
3149,0.5138068795204163,0.0011050248285755515,0.5149118900299072
3150,0.5138042569160461,0.0011049959575757384,0.5149092674255371
3151,0.5138017535209656,0.0011049567256122828,0.5149067044258118
3152,0.5137991309165955,0.0011049277381971478,0.5149040818214417
3153,0.5137965679168701,0.0011048888554796576,0.5149014592170715
3154,0.5137940049171448,0.0011048584710806608,0.5148988366127014
3155,0.5137914419174194,0.001104820054024458,0.5148962736129761
3156,0.5137888789176941,0.0011047900188714266,0.514893651008606
3157,0.5137863159179688,0.0011047524167224765,0.5148910880088806
3158,0.5137837529182434,0.0011047216830775142,0.5148884654045105
3159,0.5137811899185181,0.0011046843137592077,0.5148859024047852
3160,0.5137786269187927,0.0011046527652069926,0.514883279800415
3161,0.5137760639190674,0.00110461690928787,0.5148806571960449
3162,0.513773500919342,0.0011045834980905056,0.5148780941963196
3163,0.5137709975242615,0.0011045493884012103,0.5148755311965942
3164,0.5137683749198914,0.0011045153951272368,0.5148729085922241
3165,0.5137658715248108,0.001104481052607298,0.5148703455924988
3166,0.5137633085250854,0.0011044469429180026,0.5148677825927734
3167,0.5137607455253601,0.00110441364813596,0.5148651599884033
3168,0.5137582421302795,0.0011043779086321592,0.514862596988678
3169,0.5137556791305542,0.0011043453123420477,0.5148600339889526
3170,0.5137531161308289,0.001104308757930994,0.5148574113845825
3171,0.5137506127357483,0.0011042766273021698,0.514854907989502
3172,0.5137481093406677,0.0011042400728911161,0.5148523449897766
3173,0.5137455463409424,0.0011042101541534066,0.5148497819900513
3174,0.5137430429458618,0.0011041703401133418,0.5148472189903259
3175,0.5137405395507812,0.0011041408870369196,0.5148446559906006
3176,0.5137380361557007,0.0011041020043194294,0.51484215259552
3177,0.5137354731559753,0.00110407336615026,0.5148395299911499
3178,0.5137329697608948,0.0011040327372029424,0.5148370265960693
3179,0.5137304067611694,0.0011040044482797384,0.5148344039916992
3180,0.5137279629707336,0.0011039640521630645,0.5148319005966187
3181,0.5137253999710083,0.0011039355304092169,0.5148293375968933
3182,0.5137228965759277,0.001103895832784474,0.514826774597168
3183,0.5137203931808472,0.0011038670781999826,0.5148242712020874
3184,0.5137178897857666,0.0011038274969905615,0.5148217082023621
3185,0.513715386390686,0.0011037986259907484,0.5148192048072815
3186,0.5137128829956055,0.001103759161196649,0.5148166418075562
3187,0.5137103796005249,0.0011037306394428015,0.5148141384124756
3188,0.5137079358100891,0.001103690592572093,0.514811635017395
3189,0.5137053728103638,0.0011036619544029236,0.5148090124130249
3190,0.513702929019928,0.001103622023947537,0.5148065686225891
3191,0.5137004256248474,0.0011035940842702985,0.5148040056228638
3192,0.5136979222297668,0.0011035538045689464,0.5148015022277832
3193,0.5136954188346863,0.001103525748476386,0.5147989392280579
3194,0.5136929154396057,0.0011034852359443903,0.5147963762283325
3195,0.5136904120445251,0.0011034572962671518,0.514793872833252
3196,0.5136879682540894,0.001103416783735156,0.5147913694381714
3197,0.5136855244636536,0.0011033875634893775,0.5147889256477356
3198,0.513683021068573,0.0011033486807718873,0.5147863626480103
3199,0.5136805772781372,0.0011033191112801433,0.5147839188575745
3200,0.5136780738830566,0.0011032806942239404,0.5147813558578491
3201,0.5136756300926208,0.001103249960578978,0.5147788524627686
3202,0.5136731266975403,0.001103213638998568,0.514776349067688
3203,0.5136706829071045,0.0011031823232769966,0.5147738456726074
3204,0.5136682391166687,0.0011031471658498049,0.5147714018821716
3205,0.5136657357215881,0.0011031132889911532,0.5147688388824463
3206,0.5136632919311523,0.0011030787136405706,0.5147663950920105
3207,0.5136608481407166,0.001103044836781919,0.5147638916969299
3208,0.513658344745636,0.001103011192753911,0.5147613286972046
3209,0.513655960559845,0.0011029767338186502,0.5147589445114136
3210,0.5136534571647644,0.0011029425077140331,0.5147563815116882
3211,0.5136510133743286,0.0011029088636860251,0.5147539377212524
3212,0.5136485695838928,0.0011028741719201207,0.5147514343261719
3213,0.513646125793457,0.0011028401786461473,0.5147489905357361
3214,0.5136436820030212,0.0011028064182028174,0.5147464871406555
3215,0.5136412382125854,0.0011027727741748095,0.514743983745575
3216,0.5136388540267944,0.0011027388973161578,0.5147415995597839
3217,0.5136364102363586,0.001102705835364759,0.5147390961647034
3218,0.5136339068412781,0.001102670095860958,0.5147365927696228
3219,0.5136315226554871,0.001102638547308743,0.514734148979187
3220,0.5136290788650513,0.0011026026913896203,0.5147317051887512
3221,0.5136266946792603,0.0011025698622688651,0.5147292613983154
3222,0.5136241912841797,0.001102534239180386,0.5147266983985901
3223,0.5136218070983887,0.0011025028070434928,0.5147243142127991
3224,0.5136193633079529,0.0011024675332009792,0.5147218108177185
3225,0.5136169791221619,0.0011024363338947296,0.5147194266319275
3226,0.5136145353317261,0.0011023995466530323,0.5147169232368469
3227,0.5136121511459351,0.0011023682309314609,0.5147145390510559
3228,0.513609766960144,0.0011023320257663727,0.5147120952606201
3229,0.5136073231697083,0.0011023018741980195,0.5147096514701843
3230,0.5136049389839172,0.0011022654362022877,0.5147072076797485
3231,0.5136024951934814,0.0011022344697266817,0.514704704284668
3232,0.5136001110076904,0.0011021984973922372,0.514702320098877
3233,0.5135976672172546,0.0011021667160093784,0.5146998167037964
3234,0.5135952830314636,0.0011021296959370375,0.5146974325180054
3235,0.5135928988456726,0.0011020995443686843,0.5146949887275696
3236,0.5135905146598816,0.0011020628735423088,0.5146926045417786
3237,0.5135880708694458,0.0011020328383892775,0.514690101146698
3238,0.5135856866836548,0.0011019959347322583,0.5146876573562622
3239,0.5135833024978638,0.001101965201087296,0.5146852731704712
3240,0.5135809183120728,0.0011019298108294606,0.5146828293800354
3241,0.5135785341262817,0.0011018982622772455,0.5146804451942444
3242,0.5135761499404907,0.0011018628720194101,0.5146780014038086
3243,0.5135738253593445,0.0011018315562978387,0.5146756768226624
3244,0.5135714411735535,0.0011017961660400033,0.5146732330322266
3245,0.5135690569877625,0.0011017645010724664,0.5146708488464355
3246,0.5135666728019714,0.0011017299257218838,0.5146684050559998
3247,0.5135642886161804,0.0011016980279237032,0.514665961265564
3248,0.5135619640350342,0.001101662521250546,0.5146636366844177
3249,0.5135595202445984,0.0011016317876055837,0.5146611332893372
3250,0.5135571956634521,0.0011015960481017828,0.5146588087081909
3251,0.5135548114776611,0.0011015640338882804,0.5146563649177551
3252,0.5135524272918701,0.0011015301570296288,0.5146539807319641
3253,0.5135501027107239,0.0011014981428161263,0.5146515965461731
3254,0.5135477185249329,0.0011014648480340838,0.5146492123603821
3255,0.5135453939437866,0.001101431786082685,0.5146468281745911
3256,0.5135430097579956,0.0011013975599780679,0.5146443843841553
3257,0.5135406851768494,0.001101366593502462,0.514642059803009
3258,0.5135383605957031,0.0011013326002284884,0.514639675617218
3259,0.5135359764099121,0.0011012995382770896,0.514637291431427
3260,0.5135336518287659,0.0011012653121724725,0.514634907245636
3261,0.5135312676429749,0.0011012336472049356,0.514632523059845
3262,0.5135289430618286,0.0011012007016688585,0.514630138874054
3263,0.5135265588760376,0.0011011682217940688,0.5146277546882629
3264,0.5135242342948914,0.0011011355090886354,0.5146253705024719
3265,0.5135219693183899,0.001101102912798524,0.5146230459213257
3266,0.5135196447372437,0.0011010699672624469,0.5146207213401794
3267,0.5135172605514526,0.001101036905311048,0.5146182775497437
3268,0.5135149359703064,0.001101003959774971,0.5146159529685974
3269,0.5135126113891602,0.0011009719455614686,0.5146135687828064
3270,0.5135103464126587,0.001100938767194748,0.5146113038063049
3271,0.5135079622268677,0.0011009074514731765,0.5146088600158691
3272,0.5135056376457214,0.0011008736910298467,0.5146065354347229
3273,0.5135033130645752,0.0011008414439857006,0.5146041512489319
3274,0.513500988483429,0.0011008076835423708,0.5146017670631409
3275,0.5134987235069275,0.0011007768334820867,0.5145995020866394
3276,0.5134963989257812,0.0011007438879460096,0.5145971179008484
3277,0.513494074344635,0.0011007136199623346,0.5145947933197021
3278,0.5134918093681335,0.0011006792774423957,0.5145924687385559
3279,0.5134894251823425,0.0011006491258740425,0.5145900845527649
3280,0.5134871602058411,0.001100615132600069,0.5145877599716187
3281,0.5134848952293396,0.0011005846317857504,0.5145854949951172
3282,0.5134825706481934,0.0011005501728504896,0.5145831108093262
3283,0.5134802460670471,0.0011005193227902055,0.5145807862281799
3284,0.5134779810905457,0.0011004863772541285,0.5145784616470337
3285,0.5134756565093994,0.0011004542466253042,0.5145761370658875
3286,0.513473391532898,0.00110042211599648,0.5145738124847412
3287,0.5134711265563965,0.0011003906838595867,0.514571487903595
3288,0.5134688019752502,0.0011003585532307625,0.5145691633224487
3289,0.5134665369987488,0.0011003258405253291,0.5145668387413025
3290,0.5134642124176025,0.0011002940591424704,0.5145645141601562
3291,0.5134619474411011,0.0011002629762515426,0.51456218957901
3292,0.5134596824645996,0.001100229797884822,0.5145599246025085
3293,0.5134574174880981,0.0011002004612237215,0.5145576000213623
3294,0.5134550929069519,0.001100166467949748,0.5145552754402161
3295,0.5134528875350952,0.0011001365492120385,0.5145530104637146
3296,0.5134506225585938,0.0011001034872606397,0.5145507454872131
3297,0.5134482979774475,0.0011000724043697119,0.5145483613014221
3298,0.5134460926055908,0.0011000405065715313,0.5145461559295654
3299,0.5134437680244446,0.001100009074434638,0.5145437717437744
3300,0.5134415030479431,0.0010999779915437102,0.514541506767273
3301,0.5134392976760864,0.0010999453952535987,0.5145392417907715
3302,0.513437032699585,0.0010999145451933146,0.51453697681427
3303,0.5134347677230835,0.001099883345887065,0.5145346522331238
3304,0.513432502746582,0.0010998512152582407,0.5145323276519775
3305,0.5134302377700806,0.001099820132367313,0.5145300626754761
3306,0.5134280323982239,0.0010997892823070288,0.5145277976989746
3307,0.5134257674217224,0.0010997572680935264,0.5145255327224731
3308,0.513423502445221,0.001099727232940495,0.5145232081413269
3309,0.5134212374687195,0.0010996954515576363,0.5145209431648254
3310,0.5134190320968628,0.0010996641358360648,0.514518678188324
3311,0.5134168267250061,0.0010996335186064243,0.5145164728164673
3312,0.5134145617485046,0.0010996022028848529,0.514514148235321
3313,0.5134122967720032,0.0010995720513164997,0.5145118832588196
3314,0.5134100914001465,0.0010995391057804227,0.5145096182823181
3315,0.5134078860282898,0.0010995094198733568,0.5145074129104614
3316,0.5134056210517883,0.0010994779877364635,0.5145050883293152
3317,0.5134034156799316,0.0010994478361681104,0.5145028829574585
3318,0.5134011507034302,0.0010994162876158953,0.5145005583763123
3319,0.5133989453315735,0.001099386136047542,0.5144983530044556
3320,0.513396680355072,0.0010993555188179016,0.5144960284233093
3321,0.5133944749832153,0.0010993249015882611,0.5144938230514526
3322,0.5133922696113586,0.0010992938186973333,0.5144915580749512
3323,0.513390064239502,0.0010992629686370492,0.5144893527030945
3324,0.5133878588676453,0.0010992330498993397,0.514487087726593
3325,0.5133856534957886,0.0010992019670084119,0.5144848823547363
3326,0.5133834481239319,0.0010991720482707024,0.5144826173782349
3327,0.5133812427520752,0.0010991415474563837,0.5144804120063782
3328,0.5133790373802185,0.0010991113958880305,0.5144781470298767
3329,0.5133768320083618,0.0010990810114890337,0.51447594165802
3330,0.5133746266365051,0.0010990508599206805,0.5144736766815186
3331,0.5133724212646484,0.0010990203591063619,0.5144714713096619
3332,0.5133702754974365,0.001098989276215434,0.5144692659378052
3333,0.5133680105209351,0.0010989595903083682,0.5144669413566589
3334,0.5133658647537231,0.0010989292059093714,0.514464795589447
3335,0.5133637189865112,0.001098899869248271,0.5144625902175903
3336,0.5133614540100098,0.0010988700669258833,0.5144603252410889
3337,0.5133593082427979,0.0010988392168655992,0.5144581198692322
3338,0.5133571028709412,0.0010988096473738551,0.5144559144973755
3339,0.5133549571037292,0.0010987792629748583,0.5144537091255188
3340,0.5133528113365173,0.0010987509740516543,0.5144515633583069
3341,0.5133506059646606,0.0010987201239913702,0.5144492983818054
3342,0.513348400592804,0.0010986925335600972,0.5144470930099487
3343,0.5133461952209473,0.0010986601701006293,0.5144448280334473
3344,0.5133440494537354,0.0010986325796693563,0.5144426822662354
3345,0.5133419036865234,0.0010986009147018194,0.5144404768943787
3346,0.5133396983146667,0.00109857355710119,0.514438271522522
3347,0.5133375525474548,0.001098542008548975,0.5144360661506653
3348,0.5133353471755981,0.0010985138360410929,0.5144338607788086
3349,0.513333261013031,0.0010984844993799925,0.5144317746162415
3350,0.5133310556411743,0.0010984560940414667,0.51442950963974
3351,0.5133289694786072,0.0010984258260577917,0.5144274234771729
3352,0.5133267641067505,0.0010983969550579786,0.5144251585006714
3353,0.5133246183395386,0.001098367851227522,0.5144230127334595
3354,0.5133224129676819,0.0010983376996591687,0.514420747756958
3355,0.51332026720047,0.001098309294320643,0.5144186019897461
3356,0.5133181810379028,0.0010982800740748644,0.5144164562225342
3357,0.5133160352706909,0.0010982517851516604,0.5144143104553223
3358,0.513313889503479,0.0010982222156599164,0.5144121050834656
3359,0.5133117437362671,0.0010981941595673561,0.5144099593162537
3360,0.5133095979690552,0.0010981654049828649,0.514407753944397
3361,0.5133073925971985,0.0010981356026604772,0.5144055485725403
3362,0.5133053064346313,0.0010981075465679169,0.5144034028053284
3363,0.5133032202720642,0.0010980782099068165,0.5144013166427612
3364,0.5133010745048523,0.001098049571737647,0.5143991112709045
3365,0.5132989287376404,0.0010980215156450868,0.5143969655036926
3366,0.5132967829704285,0.0010979929938912392,0.5143947601318359
3367,0.5132946372032166,0.0010979638900607824,0.514392614364624
3368,0.5132925510406494,0.0010979350190609694,0.5143904685974121
3369,0.5132904648780823,0.0010979080107063055,0.514388382434845
3370,0.5132883191108704,0.0010978792561218143,0.5143861770629883
3371,0.5132861733436584,0.0010978514328598976,0.5143840312957764
3372,0.5132840871810913,0.0010978218633681536,0.5143818855285645
3373,0.5132819414138794,0.0010977949714288116,0.5143797397613525
3374,0.5132798552513123,0.0010977661004289985,0.5143775939941406
3375,0.5132777690887451,0.00109773816075176,0.5143755078315735
3376,0.5132756233215332,0.0010977099882438779,0.5143733620643616
3377,0.5132735371589661,0.0010976833291351795,0.5143712162971497
3378,0.5132714509963989,0.0010976545745506883,0.5143691301345825
3379,0.5132693648338318,0.0010976255871355534,0.5143669843673706
3380,0.5132672190666199,0.0010975991608574986,0.5143648386001587
3381,0.5132651329040527,0.001097571337595582,0.5143626928329468
3382,0.5132631063461304,0.001097543048672378,0.5143606662750244
3383,0.5132609605789185,0.0010975159239023924,0.5143584609031677
3384,0.5132588744163513,0.0010974877513945103,0.5143563747406006
3385,0.5132567882537842,0.0010974599281325936,0.5143542289733887
3386,0.513254702091217,0.0010974329197779298,0.5143521428108215
3387,0.5132525563240051,0.0010974053293466568,0.5143499374389648
3388,0.5132505297660828,0.0010973777389153838,0.5143479108810425
3389,0.5132484436035156,0.0010973501484841108,0.5143457651138306
3390,0.5132463574409485,0.0010973227908834815,0.5143436789512634
3391,0.5132442712783813,0.0010972950840368867,0.5143415927886963
3392,0.513242244720459,0.0010972678428515792,0.5143395066261292
3393,0.5132401585578918,0.0010972411837428808,0.514337420463562
3394,0.5132380723953247,0.001097213476896286,0.5143352746963501
3395,0.5132360458374023,0.0010971869342029095,0.5143332481384277
3396,0.5132339596748352,0.0010971598094329238,0.5143311023712158
3397,0.5132318735122681,0.0010971329174935818,0.5143290162086487
3398,0.5132298469543457,0.001097105792723596,0.5143269300460815
3399,0.5132277607917786,0.001097078900784254,0.5143248438835144
3400,0.5132257342338562,0.0010970531729981303,0.5143227577209473
3401,0.5132236480712891,0.0010970255825668573,0.5143206715583801
3402,0.5132216215133667,0.0010969997383654118,0.5143186450004578
3403,0.5132195353507996,0.0010969730792567134,0.5143164992332458
3404,0.5132175087928772,0.0010969454888254404,0.5143144726753235
3405,0.5132154226303101,0.0010969191789627075,0.5143123269081116
3406,0.5132133960723877,0.0010968922870233655,0.5143103003501892
3407,0.5132113695144653,0.001096867024898529,0.5143082141876221
3408,0.5132092833518982,0.0010968403657898307,0.5143061280250549
3409,0.5132072567939758,0.001096814521588385,0.5143040418624878
3410,0.5132052302360535,0.0010967871639877558,0.5143020153045654
3411,0.5132032036781311,0.0010967612033709884,0.5142999887466431
3412,0.5132011771202087,0.0010967346606776118,0.5142979025840759
3413,0.5131990909576416,0.0010967082343995571,0.5142958164215088
3414,0.5131970643997192,0.0010966823901981115,0.5142937302589417
3415,0.5131950378417969,0.0010966559639200568,0.5142917037010193
3416,0.5131930708885193,0.0010966300033032894,0.5142896771430969
3417,0.5131910443305969,0.0010966043919324875,0.5142876505851746
3418,0.5131890177726746,0.001096578547731042,0.5142856240272522
3419,0.5131869912147522,0.001096552237868309,0.5142835378646851
3420,0.5131849646568298,0.0010965274414047599,0.5142815113067627
3421,0.5131829380989075,0.0010965012479573488,0.5142794251441956
3422,0.5131809115409851,0.0010964761022478342,0.5142773985862732
3423,0.5131789445877075,0.0010964508401229978,0.5142753720283508
3424,0.5131769180297852,0.001096425112336874,0.5142733454704285
3425,0.5131748914718628,0.001096399617381394,0.5142713189125061
3426,0.5131729245185852,0.0010963738895952702,0.5142692923545837
3427,0.5131708979606628,0.0010963486274704337,0.5142672657966614
3428,0.5131688714027405,0.0010963227832689881,0.5142651796340942
3429,0.5131669044494629,0.001096297986805439,0.5142632126808167
3430,0.5131648778915405,0.0010962734231725335,0.5142611265182495
3431,0.5131629109382629,0.0010962479282170534,0.5142591595649719
3432,0.5131608843803406,0.001096223364584148,0.5142571330070496
3433,0.5131588578224182,0.0010961982188746333,0.5142550468444824
3434,0.5131568908691406,0.0010961724910885096,0.5142530798912048
3435,0.513154923915863,0.001096148043870926,0.5142510533332825
3436,0.5131529569625854,0.0010961220832541585,0.5142490863800049
3437,0.5131509900093079,0.001096098218113184,0.5142470598220825
3438,0.5131489634513855,0.0010960734216496348,0.5142450332641602
3439,0.5131469964981079,0.001096049090847373,0.5142430663108826
3440,0.5131449699401855,0.0010960238287225366,0.5142409801483154
3441,0.5131430625915527,0.0010959984501823783,0.5142390727996826
3442,0.5131410360336304,0.001095975749194622,0.5142369866371155
3443,0.5131390690803528,0.001095950254239142,0.5142350196838379
3444,0.51313716173172,0.0010959268547594547,0.5142331123352051
3445,0.5131351947784424,0.001095901126973331,0.5142310857772827
3446,0.51313316822052,0.0010958771454170346,0.5142290592193604
3447,0.5131312012672424,0.0010958517668768764,0.514227032661438
3448,0.5131292939186096,0.0010958280181512237,0.5142251253128052
3449,0.5131272673606873,0.0010958041530102491,0.5142230987548828
3450,0.5131253600120544,0.0010957791237160563,0.5142211318016052
3451,0.5131233930587769,0.0010957560734823346,0.5142191648483276
3452,0.5131214261054993,0.0010957304621115327,0.5142171382904053
3453,0.5131194591522217,0.001095708110369742,0.5142151713371277
3454,0.5131175518035889,0.0010956833139061928,0.5142132639884949
3455,0.5131155848503113,0.001095660263672471,0.5142112374305725
3456,0.5131136178970337,0.001095636049285531,0.5142092704772949
3457,0.5131117105484009,0.001095611834898591,0.5142073035240173
3458,0.5131098031997681,0.0010955878533422947,0.5142053961753845
3459,0.5131078362464905,0.001095564803108573,0.5142034292221069
3460,0.5131058692932129,0.0010955403558909893,0.5142014026641846
3461,0.5131039619445801,0.001095517654903233,0.5141994953155518
3462,0.5131019949913025,0.0010954932076856494,0.5141974687576294
3463,0.5131000876426697,0.0010954694589599967,0.5141955614089966
3464,0.5130981802940369,0.0010954465251415968,0.5141936540603638
3465,0.5130962133407593,0.001095423474907875,0.5141916275024414
3466,0.5130943059921265,0.0010954000754281878,0.5141897201538086
3467,0.5130923390388489,0.001095377141609788,0.5141876935958862
3468,0.5130904316902161,0.0010953539749607444,0.5141857862472534
3469,0.5130885243415833,0.001095329993404448,0.5141838788986206
3470,0.5130866169929504,0.0010953068267554045,0.514181911945343
3471,0.5130847096443176,0.0010952838929370046,0.5141800045967102
3472,0.5130828022956848,0.0010952610755339265,0.5141780376434326
3473,0.5130808353424072,0.001095239189453423,0.514176070690155
3474,0.5130789279937744,0.0010952155571430922,0.5141741633415222
3475,0.5130770206451416,0.0010951929725706577,0.5141721963882446
3476,0.5130751132965088,0.0010951702715829015,0.5141702890396118
3477,0.513073205947876,0.0010951479198411107,0.514168381690979
3478,0.5130713582038879,0.0010951252188533545,0.5141664743423462
3479,0.5130693912506104,0.0010951021686196327,0.5141645073890686
3480,0.5130674839019775,0.0010950800497084856,0.514162540435791
3481,0.5130655765533447,0.0010950566502287984,0.5141606330871582
3482,0.5130637288093567,0.0010950345313176513,0.5141587853431702
3483,0.5130618214607239,0.001095011830329895,0.5141568183898926
3484,0.5130599141120911,0.001094989595003426,0.5141549110412598
3485,0.513058066368103,0.0010949673596769571,0.5141530632972717
3486,0.5130561590194702,0.00109494524076581,0.5141510963439941
3487,0.5130542516708374,0.0010949238203465939,0.5141491889953613
3488,0.5130524039268494,0.0010949004208669066,0.5141472816467285
3489,0.5130504965782166,0.0010948792332783341,0.5141453742980957
3490,0.5130486488342285,0.001094856415875256,0.5141435265541077
3491,0.5130467414855957,0.0010948340641334653,0.5141415596008301
3492,0.5130448937416077,0.0010948128765448928,0.514139711856842
3493,0.5130430459976196,0.0010947907576337457,0.514137864112854
3494,0.5130411386489868,0.001094769686460495,0.5141358971595764
3495,0.5130392909049988,0.001094746869057417,0.5141340494155884
3496,0.5130374431610107,0.0010947250993922353,0.5141321420669556
3497,0.5130355358123779,0.0010947032133117318,0.5141302347183228
3498,0.5130336880683899,0.0010946816764771938,0.5141283869743347
3499,0.5130318403244019,0.0010946604888886213,0.5141264796257019
3500,0.513029932975769,0.0010946394177153707,0.5141245722770691
3501,0.513028085231781,0.0010946179972961545,0.514122724533081
3502,0.513026237487793,0.0010945949470624328,0.5141208171844482
3503,0.5130243897438049,0.0010945743415504694,0.5141189694404602
3504,0.5130225419998169,0.0010945528047159314,0.5141171216964722
3505,0.5130206942558289,0.0010945313842967153,0.5141152143478394
3506,0.5130188465118408,0.0010945098474621773,0.5141133666038513
3507,0.5130169987678528,0.0010944893583655357,0.5141114592552185
3508,0.5130151510238647,0.0010944680543616414,0.5141096115112305
3509,0.5130133032798767,0.001094446866773069,0.5141077637672424
3510,0.5130114555358887,0.0010944267269223928,0.5141058564186096
3511,0.5130096077919006,0.0010944056557491422,0.5141040086746216
3512,0.5130077600479126,0.0010943848174065351,0.5141021609306335
3513,0.5130059719085693,0.0010943642118945718,0.5141003131866455
3514,0.5130041241645813,0.0010943441884592175,0.5140984654426575
3515,0.5130022764205933,0.0010943225352093577,0.5140966176986694
3516,0.5130004286766052,0.0010943026281893253,0.5140947103500366
3517,0.512998640537262,0.0010942814406007528,0.5140929222106934
3518,0.5129968523979187,0.0010942610679194331,0.5140911340713501
3519,0.5129949450492859,0.0010942406952381134,0.5140891671180725
3520,0.5129931569099426,0.0010942197404801846,0.5140873789787292
3521,0.5129913091659546,0.001094198552891612,0.5140855312347412
3522,0.5129895210266113,0.001094179111532867,0.5140836834907532
3523,0.5129877328872681,0.0010941590880975127,0.5140818953514099
3524,0.51298588514328,0.001094138715416193,0.5140800476074219
3525,0.5129840970039368,0.0010941182263195515,0.5140781998634338
3526,0.5129822492599487,0.0010940985521301627,0.5140763521194458
3527,0.5129804611206055,0.0010940778302028775,0.5140745639801025
3528,0.5129786729812622,0.0010940581560134888,0.5140727162361145
3529,0.512976884841919,0.001094037783332169,0.5140709280967712
3530,0.5129750967025757,0.001094017643481493,0.514069139957428
3531,0.5129732489585876,0.001093998085707426,0.5140672326087952
3532,0.5129715204238892,0.0010939784115180373,0.5140655040740967
3533,0.5129696726799011,0.001093958504498005,0.5140636563301086
3534,0.5129678845405579,0.0010939378989860415,0.5140618085861206
3535,0.5129660964012146,0.001093919388949871,0.5140600204467773
3536,0.5129643082618713,0.0010938987834379077,0.5140582323074341
3537,0.5129625201225281,0.0010938794584944844,0.514056384563446
3538,0.5129607319831848,0.001093860249966383,0.5140545964241028
3539,0.5129589438438416,0.0010938405757769942,0.5140528082847595
3540,0.5129571557044983,0.0010938203195109963,0.5140509605407715
3541,0.512955367565155,0.001093801693059504,0.5140491724014282
3542,0.5129536390304565,0.0010937824845314026,0.5140474438667297
3543,0.5129518508911133,0.0010937622282654047,0.5140455961227417
3544,0.51295006275177,0.0010937433689832687,0.5140438079833984
3545,0.512948215007782,0.0010937241604551673,0.5140419602394104
3546,0.5129464864730835,0.001093705534003675,0.5140401721000671
3547,0.512944757938385,0.0010936867911368608,0.5140384435653687
3548,0.5129429697990417,0.001093666534870863,0.5140366554260254
3549,0.5129412412643433,0.0010936474427580833,0.5140348672866821
3550,0.512939453125,0.0010936293983832002,0.5140330791473389
3551,0.5129377245903015,0.001093610073439777,0.5140313506126404
3552,0.5129359364509583,0.0010935914469882846,0.5140295028686523
3553,0.512934148311615,0.0010935724712908268,0.5140277147293091
3554,0.5129324197769165,0.0010935540776699781,0.5140259861946106
3555,0.512930691242218,0.0010935348691418767,0.5140241980552673
3556,0.5129289031028748,0.0010935155441984534,0.5140224099159241
3557,0.5129271149635315,0.0010934973834082484,0.5140206217765808
3558,0.512925386428833,0.0010934784077107906,0.5140188932418823
3559,0.5129236578941345,0.001093461411073804,0.5140171051025391
3560,0.512921929359436,0.0010934420861303806,0.5140153765678406
3561,0.5129202008247375,0.0010934239253401756,0.5140136480331421
3562,0.5129184126853943,0.0010934050660580397,0.514011800289154
3563,0.5129166841506958,0.0010933867888525128,0.5140100717544556
3564,0.5129149556159973,0.001093368511646986,0.5140083432197571
3565,0.5129132270812988,0.0010933507001027465,0.5140065550804138
3566,0.5129114389419556,0.0010933317244052887,0.5140047669410706
3567,0.5129097700119019,0.0010933135636150837,0.5140030980110168
3568,0.5129080414772034,0.0010932961013168097,0.5140013098716736
3569,0.5129063129425049,0.0010932778241112828,0.5139995813369751
3570,0.5129045844078064,0.0010932601289823651,0.5139978528022766
3571,0.5129028558731079,0.0010932419681921601,0.5139961242675781
3572,0.5129011273384094,0.0010932231089100242,0.5139943361282349
3573,0.5128994584083557,0.001093205763027072,0.5139926671981812
3574,0.5128977298736572,0.001093188300728798,0.5139909386634827
3575,0.5128960013389587,0.001093170722015202,0.5139891505241394
3576,0.5128942728042603,0.0010931527940556407,0.5139874219894409
3577,0.5128925442695618,0.0010931355645880103,0.5139856934547424
3578,0.5128908157348633,0.0010931184515357018,0.5139839053153992
3579,0.5128891468048096,0.001093100174330175,0.5139822363853455
3580,0.5128874778747559,0.0010930834105238318,0.5139805674552917
3581,0.5128857493400574,0.0010930650169029832,0.5139788389205933
3582,0.5128840208053589,0.0010930480202659965,0.51397705078125
3583,0.5128822922706604,0.0010930312564596534,0.5139753222465515
3584,0.5128806233406067,0.001093012746423483,0.5139736533164978
3585,0.512878954410553,0.0010929964482784271,0.5139719247817993
3586,0.5128772258758545,0.001092979102395475,0.5139701962471008
3587,0.5128755569458008,0.0010929612908512354,0.5139685273170471
3588,0.5128738880157471,0.0010929441777989268,0.5139668583869934
3589,0.5128721594810486,0.00109292718116194,0.5139650702476501
3590,0.5128704905509949,0.0010929109994322062,0.5139634013175964
3591,0.5128687620162964,0.001092892955057323,0.513961672782898
3592,0.5128671526908875,0.0010928766569122672,0.5139600038528442
3593,0.512865424156189,0.0010928590781986713,0.5139582753181458
3594,0.5128637552261353,0.0010928432457149029,0.513956606388092
3595,0.5128620862960815,0.0010928255505859852,0.5139549374580383
3596,0.5128604173660278,0.0010928086703643203,0.5139532089233398
3597,0.5128587484359741,0.0010927923722192645,0.5139515399932861
3598,0.5128570795059204,0.0010927760740742087,0.5139498710632324
3599,0.5128554105758667,0.001092759077437222,0.5139481425285339
3600,0.512853741645813,0.001092742197215557,0.5139464735984802
3601,0.5128520727157593,0.0010927256662398577,0.5139448046684265
3602,0.5128504037857056,0.0010927091352641582,0.5139431357383728
3603,0.5128487348556519,0.0010926927207037807,0.5139414072036743
3604,0.5128470659255981,0.0010926758404821157,0.5139397382736206
3605,0.5128453969955444,0.001092660240828991,0.5139380693435669
3606,0.5128437876701355,0.0010926435934379697,0.513936460018158
3607,0.5128421187400818,0.0010926277609542012,0.5139347314834595
3608,0.5128404498100281,0.0010926107643172145,0.5139330625534058
3609,0.5128388404846191,0.0010925948154181242,0.5139314532279968
3610,0.5128371715545654,0.0010925786336883903,0.5139297246932983
3611,0.5128355026245117,0.0010925630340352654,0.5139280557632446
3612,0.5128338932991028,0.0010925473179668188,0.5139264464378357
3613,0.5128322243690491,0.0010925305541604757,0.513924777507782
3614,0.5128306150436401,0.0010925143724307418,0.5139231085777283
3615,0.5128289461135864,0.001092500169761479,0.5139214396476746
3616,0.5128272771835327,0.001092483988031745,0.5139197707176208
3617,0.5128256678581238,0.0010924679227173328,0.5139181613922119
3618,0.5128240585327148,0.001092451624572277,0.5139164924621582
3619,0.5128223896026611,0.0010924359085038304,0.5139148235321045
3620,0.5128207802772522,0.0010924203088507056,0.5139132142066956
3621,0.5128191709518433,0.0010924044763669372,0.5139116048812866
3622,0.5128175020217896,0.001092389808036387,0.5139098763465881
3623,0.5128158926963806,0.0010923737427219748,0.5139082670211792
3624,0.5128142833709717,0.0010923589579761028,0.5139066576957703
3625,0.5128126740455627,0.001092342659831047,0.5139049887657166
3626,0.5128110647201538,0.001092327293008566,0.5139033794403076
3627,0.5128094553947449,0.0010923120426014066,0.5139017701148987
3628,0.5128078460693359,0.0010922966757789254,0.5139001607894897
3629,0.5128061771392822,0.0010922811925411224,0.5138984322547913
3630,0.5128045678138733,0.001092266058549285,0.5138968229293823
3631,0.5128029584884644,0.0010922495275735855,0.5138952136039734
3632,0.5128013491630554,0.0010922359069809318,0.5138936042785645
3633,0.5127997398376465,0.001092220889404416,0.5138919353485107
3634,0.5127981305122375,0.001092205406166613,0.5138903260231018
3635,0.5127965807914734,0.001092190737836063,0.5138887763023376
3636,0.5127949714660645,0.00109217525459826,0.5138871669769287
3637,0.5127933621406555,0.0010921600041911006,0.513885498046875
3638,0.5127918124198914,0.0010921454522758722,0.5138839483261108
3639,0.5127901434898376,0.0010921311331912875,0.5138822793960571
3640,0.5127885937690735,0.0010921161156147718,0.513880729675293
3641,0.5127869844436646,0.0010921008652076125,0.5138790607452393
3642,0.5127853751182556,0.0010920865461230278,0.5138774514198303
3643,0.5127837657928467,0.0010920719942077994,0.5138758420944214
3644,0.5127822160720825,0.0010920573258772492,0.5138742923736572
3645,0.5127806663513184,0.0010920424247160554,0.5138726830482483
3646,0.5127790570259094,0.0010920281056314707,0.5138710737228394
3647,0.5127775073051453,0.0010920135537162423,0.5138695240020752
3648,0.5127758979797363,0.0010919991182163358,0.5138679146766663
3649,0.5127743482589722,0.0010919853812083602,0.5138663053512573
3650,0.512772798538208,0.0010919703636318445,0.5138647556304932
3651,0.5127711892127991,0.0010919558117166162,0.5138631463050842
3652,0.5127695798873901,0.0010919416090473533,0.5138615369796753
3653,0.5127680897712708,0.0010919278720393777,0.5138600468635559
3654,0.5127664804458618,0.001091913552954793,0.5138583779335022
3655,0.5127649307250977,0.001091900048777461,0.513856828212738
3656,0.5127633810043335,0.0010918851476162672,0.5138552784919739
3657,0.5127618312835693,0.0010918716434389353,0.5138537287712097
3658,0.5127602219581604,0.001091857091523707,0.513852059841156
3659,0.5127586722373962,0.0010918438201770186,0.5138505101203918
3660,0.5127571225166321,0.001091828104108572,0.5138489603996277
3661,0.5127555727958679,0.001091815298423171,0.5138474106788635
3662,0.5127540230751038,0.0010918017942458391,0.5138458013534546
3663,0.5127524733543396,0.001091787125915289,0.5138442516326904
3664,0.5127509236335754,0.0010917737381532788,0.5138427019119263
3665,0.5127493739128113,0.0010917604668065906,0.5138411521911621
3666,0.5127478241920471,0.0010917457984760404,0.5138395428657532
3667,0.512746274471283,0.001091731945052743,0.513837993144989
3668,0.5127447843551636,0.0010917190229520202,0.5138365030288696
3669,0.5127432346343994,0.00109170435462147,0.5138349533081055
3670,0.5127416849136353,0.0010916907340288162,0.5138334035873413
3671,0.5127401351928711,0.0010916778119280934,0.5138317942619324
3672,0.5127385854721069,0.0010916645405814052,0.5138302445411682
3673,0.5127370953559875,0.0010916510364040732,0.5138287544250488
3674,0.5127356052398682,0.001091637066565454,0.5138272643089294
3675,0.5127339959144592,0.0010916239116340876,0.5138255953788757
3676,0.5127325057983398,0.001091610873118043,0.5138241052627563
3677,0.5127309560775757,0.001091598067432642,0.5138225555419922
3678,0.5127294659614563,0.0010915846796706319,0.5138210654258728
3679,0.5127279758453369,0.001091571873985231,0.5138195753097534
3680,0.5127264261245728,0.0010915580205619335,0.5138179659843445
3681,0.5127249360084534,0.0010915454477071762,0.5138164758682251
3682,0.5127233862876892,0.001091533456929028,0.5138149261474609
3683,0.512721836566925,0.0010915197199210525,0.5138133764266968
3684,0.5127203464508057,0.0010915063321590424,0.5138118267059326
3685,0.5127188563346863,0.0010914938757196069,0.5138103365898132
3686,0.5127173662185669,0.0010914807207882404,0.5138088464736938
3687,0.5127158761024475,0.0010914671001955867,0.5138073563575745
3688,0.5127143263816833,0.001091454178094864,0.5138058066368103
3689,0.512712836265564,0.0010914416052401066,0.5138042569160461
3690,0.5127113461494446,0.001091429148800671,0.5138027667999268
3691,0.5127098560333252,0.0010914168087765574,0.5138012766838074
3692,0.512708306312561,0.0010914030717685819,0.5137997269630432
3693,0.5127068758010864,0.0010913903824985027,0.5137982368469238
3694,0.5127053260803223,0.00109137746039778,0.5137966871261597
3695,0.5127038955688477,0.0010913651203736663,0.5137952566146851
3696,0.5127024054527283,0.0010913524311035872,0.5137937664985657
3697,0.5127009153366089,0.0010913395090028644,0.5137922763824463
3698,0.5126994252204895,0.0010913285659626126,0.5137907266616821
3699,0.5126979351043701,0.0010913152946159244,0.5137892365455627
3700,0.5126964449882507,0.0010913026053458452,0.5137877464294434
3701,0.5126950144767761,0.001091290614567697,0.5137863159179688
3702,0.5126935243606567,0.0010912782745435834,0.5137848258018494
3703,0.5126919746398926,0.001091266400180757,0.5137832164764404
3704,0.512690544128418,0.0010912541765719652,0.5137817859649658
3705,0.5126891136169434,0.001091241487301886,0.5137803554534912
3706,0.5126875638961792,0.0010912291472777724,0.513778805732727
3707,0.5126861929893494,0.0010912169236689806,0.5137774348258972
3708,0.51268470287323,0.0010912043508142233,0.5137758851051331
3709,0.5126832127571106,0.001091193058528006,0.5137743949890137
3710,0.512681782245636,0.0010911807185038924,0.5137729644775391
3711,0.5126802921295166,0.0010911683784797788,0.5137714743614197
3712,0.512678861618042,0.0010911570861935616,0.5137700438499451
3713,0.5126773715019226,0.0010911449790000916,0.5137684941291809
3714,0.512675940990448,0.001091133221052587,0.5137670636177063
3715,0.5126744508743286,0.0010911213466897607,0.5137655735015869
3716,0.512673020362854,0.0010911093559116125,0.5137641429901123
3717,0.5126715302467346,0.0010910980636253953,0.5137626528739929
3718,0.51267009973526,0.0010910853743553162,0.5137611627578735
3719,0.5126686692237854,0.0010910743148997426,0.5137597322463989
3720,0.5126672387123108,0.0010910631390288472,0.5137583017349243
3721,0.5126657485961914,0.001091051148250699,0.5137568116188049
3722,0.5126643180847168,0.0010910392738878727,0.5137553811073303
3723,0.512662947177887,0.0010910280980169773,0.5137539505958557
3724,0.5126614570617676,0.0010910163400694728,0.5137524604797363
3725,0.512660026550293,0.0010910043492913246,0.5137510299682617
3726,0.5126585960388184,0.001090993289835751,0.5137495994567871
3727,0.5126571655273438,0.0010909821139648557,0.5137481689453125
3728,0.5126557350158691,0.0010909707052633166,0.5137466788291931
3729,0.5126543045043945,0.001090959645807743,0.5137452483177185
3730,0.5126529335975647,0.001090948237106204,0.5137438774108887
3731,0.5126515030860901,0.001090936828404665,0.5137424468994141
3732,0.5126500725746155,0.0010909255361184478,0.5137410163879395
3733,0.5126485824584961,0.0010909141274169087,0.5137395262718201
3734,0.5126472115516663,0.001090903184376657,0.5137380957603455
3735,0.5126457810401917,0.0010908914264291525,0.5137366652488708
3736,0.512644350528717,0.0010908801341429353,0.5137352347373962
3737,0.5126429796218872,0.001090870937332511,0.5137338638305664
3738,0.5126415491104126,0.0010908592958003283,0.5137324333190918
3739,0.512640118598938,0.0010908475378528237,0.5137309432029724
3740,0.5126386880874634,0.0010908355470746756,0.5137295126914978
3741,0.5126372575759888,0.0010908254189416766,0.5137280821800232
3742,0.5126359462738037,0.0010908149415627122,0.5137267708778381
3743,0.5126344561576843,0.0010908048134297132,0.5137252807617188
3744,0.5126330852508545,0.0010907934047281742,0.5137238502502441
3745,0.5126317143440247,0.0010907824616879225,0.5137224793434143
3746,0.51263028383255,0.0010907718678936362,0.5137210488319397
3747,0.5126289129257202,0.00109076127409935,0.5137196779251099
3748,0.5126274824142456,0.0010907509131357074,0.5137182474136353
3749,0.5126261711120605,0.0010907395044341683,0.5137169361114502
3750,0.5126247406005859,0.0010907298419624567,0.5137154459953308
3751,0.5126233696937561,0.001090719480998814,0.513714075088501
3752,0.5126219391822815,0.001090708188712597,0.5137126445770264
3753,0.5126205682754517,0.0010906975949183106,0.5137112736701965
3754,0.5126191973686218,0.0010906873503699899,0.5137099027633667
3755,0.512617826461792,0.001090677105821669,0.5137085318565369
3756,0.5126164555549622,0.0010906666284427047,0.5137071013450623
3757,0.5126150250434875,0.0010906566167250276,0.5137056708335876
3758,0.5126136541366577,0.001090646255761385,0.5137042999267578
3759,0.5126123428344727,0.0010906356619670987,0.5137029886245728
3760,0.512610912322998,0.0010906244860962033,0.5137015581130981
3761,0.5126095414161682,0.0010906150564551353,0.5137001276016235
3762,0.5126082301139832,0.001090604579076171,0.5136988162994385
3763,0.5126067996025085,0.0010905941016972065,0.5136973857879639
3764,0.5126054286956787,0.0010905844392254949,0.513696014881134
3765,0.5126041173934937,0.0010905740782618523,0.513694703578949
3766,0.5126027464866638,0.0010905638337135315,0.5136933326721191
3767,0.512601375579834,0.0010905538219958544,0.5136919021606445
3768,0.5126000642776489,0.0010905434610322118,0.5136905908584595
3769,0.5125986337661743,0.001090533216483891,0.5136891603469849
3770,0.5125973224639893,0.0010905235540121794,0.5136878490447998
3771,0.5125959515571594,0.0010905147064477205,0.51368647813797
3772,0.5125945806503296,0.0010905034141615033,0.5136851072311401
3773,0.5125932693481445,0.001090494217351079,0.5136837363243103
3774,0.5125918984413147,0.00109048408921808,0.5136823654174805
3775,0.5125905871391296,0.0010904750088229775,0.5136810541152954
3776,0.5125892162322998,0.0010904642986133695,0.5136796832084656
3777,0.5125879049301147,0.0010904547525569797,0.5136783719062805
3778,0.5125865936279297,0.001090445788577199,0.5136770606040955
3779,0.5125852227210999,0.001090434961952269,0.5136756300926208
3780,0.51258385181427,0.0010904257651418447,0.513674259185791
3781,0.512582540512085,0.0010904163355007768,0.513672947883606
3782,0.5125812292098999,0.0010904063237830997,0.5136716365814209
3783,0.5125798583030701,0.0010903965448960662,0.5136702656745911
3784,0.512578547000885,0.0010903874645009637,0.513668954372406
3785,0.5125771760940552,0.0010903782676905394,0.5136675834655762
3786,0.5125759243965149,0.0010903682559728622,0.5136662721633911
3787,0.5125745534896851,0.0010903591755777597,0.5136649012565613
3788,0.5125732421875,0.001090349513106048,0.5136635899543762
3789,0.5125719308853149,0.0010903405491262674,0.5136622786521912
3790,0.5125706195831299,0.0010903305374085903,0.5136609673500061
3791,0.5125692486763,0.0010903215734288096,0.5136595964431763
3792,0.5125679969787598,0.0010903124930337071,0.5136582851409912
3793,0.5125666856765747,0.00109030248131603,0.5136569738388062
3794,0.5125653743743896,0.0010902934009209275,0.5136556625366211
3795,0.5125640034675598,0.0010902846697717905,0.5136542916297913
3796,0.5125627517700195,0.0010902747744694352,0.513653039932251
3797,0.5125614404678345,0.0010902666253969073,0.5136517286300659
3798,0.5125601291656494,0.0010902569629251957,0.5136503577232361
3799,0.5125588178634644,0.001090247300453484,0.513649046421051
3800,0.5125575065612793,0.0010902381036430597,0.513647735118866
3801,0.512556254863739,0.0010902293724939227,0.5136464834213257
3802,0.512554943561554,0.001090219710022211,0.5136451721191406
3803,0.5125536322593689,0.0010902115609496832,0.5136438608169556
3804,0.5125523805618286,0.0010902024805545807,0.5136426091194153
3805,0.5125510096549988,0.0010901935165748,0.5136411786079407
3806,0.5125497579574585,0.0010901844361796975,0.5136399269104004
3807,0.5125485062599182,0.0010901754721999168,0.5136386752128601
3808,0.5125471949577332,0.0010901665082201362,0.513637363910675
3809,0.5125458836555481,0.0010901573114097118,0.51363605260849
3810,0.5125446319580078,0.001090148463845253,0.5136348009109497
3811,0.5125433206558228,0.0010901398491114378,0.5136334896087646
3812,0.5125420689582825,0.0010901311179623008,0.5136321783065796
3813,0.5125407576560974,0.001090122852474451,0.5136308670043945
3814,0.5125395059585571,0.0010901149362325668,0.5136296153068542
3815,0.5125382542610168,0.0010901058558374643,0.513628363609314
3816,0.5125370025634766,0.0010900965426117182,0.5136271119117737
3817,0.5125356912612915,0.0010900887427851558,0.5136258006095886
3818,0.5125344395637512,0.001090079196728766,0.5136244893074036
3819,0.5125331878662109,0.0010900716297328472,0.5136232376098633
3820,0.5125318765640259,0.00109006161801517,0.5136219263076782
3821,0.5125306248664856,0.0010900540510192513,0.5136206746101379
3822,0.5125293731689453,0.0010900452034547925,0.5136194229125977
3823,0.512528121471405,0.0010900377528741956,0.5136181712150574
3824,0.5125268697738647,0.0010900294873863459,0.5136169195175171
3825,0.5125255584716797,0.0010900205234065652,0.513615608215332
3826,0.5125243663787842,0.00109001190867275,0.5136143565177917
3827,0.5125230550765991,0.0010900042252615094,0.5136130452156067
3828,0.5125218629837036,0.0010899961926043034,0.5136118531227112
3829,0.5125206112861633,0.0010899868793785572,0.5136106014251709
3830,0.512519359588623,0.001089979545213282,0.5136093497276306
3831,0.5125181078910828,0.0010899705812335014,0.5136080980300903
3832,0.5125168561935425,0.0010899626649916172,0.51360684633255
3833,0.5125156044960022,0.0010899550979956985,0.513605535030365
3834,0.5125144124031067,0.001089946017600596,0.5136043429374695
3835,0.5125131011009216,0.0010899376356974244,0.5136030316352844
3836,0.5125119090080261,0.0010899304179474711,0.5136018395423889
3837,0.5125106573104858,0.001089921803213656,0.5136005878448486
3838,0.5125094056129456,0.0010899147018790245,0.5135993361473083
3839,0.51250821352005,0.0010899062035605311,0.5135981440544128
3840,0.5125070214271545,0.0010898984037339687,0.5135968923568726
3841,0.5125057101249695,0.001089890138246119,0.5135955810546875
3842,0.512504518032074,0.0010898816399276257,0.513594388961792
3843,0.5125033259391785,0.001089874072931707,0.5135931968688965
3844,0.5125020742416382,0.00108986662235111,0.5135919451713562
3845,0.5125008821487427,0.0010898580076172948,0.5135907530784607
3846,0.5124995708465576,0.0010898499749600887,0.5135894417762756
3847,0.5124983787536621,0.0010898427572101355,0.5135882496833801
3848,0.5124971866607666,0.001089834957383573,0.5135869979858398
3849,0.5124959945678711,0.0010898265754804015,0.5135858058929443
3850,0.5124948024749756,0.0010898205218836665,0.5135846138000488
3851,0.5124935507774353,0.001089812139980495,0.5135833621025085
3852,0.5124923586845398,0.0010898042237386107,0.513582170009613
3853,0.5124911665916443,0.0010897961910814047,0.5135809779167175
3854,0.5124899744987488,0.0010897889733314514,0.513579785823822
3855,0.5124887228012085,0.0010897805914282799,0.513578474521637
3856,0.512487530708313,0.001089773839339614,0.5135772824287415
3857,0.5124863386154175,0.0010897668544203043,0.513576090335846
3858,0.5124850869178772,0.001089758239686489,0.5135748386383057
3859,0.5124839544296265,0.0010897513711825013,0.5135737061500549
3860,0.512482762336731,0.0010897439206019044,0.5135725140571594
3861,0.5124815702438354,0.001089736819267273,0.5135713219642639
3862,0.5124803781509399,0.001089728670194745,0.5135701298713684
3863,0.5124791264533997,0.0010897222673520446,0.5135688781738281
3864,0.5124779343605042,0.001089714583940804,0.5135676264762878
3865,0.5124768018722534,0.0010897067841142416,0.5135664939880371
3866,0.5124756097793579,0.0010896994499489665,0.5135653018951416
3867,0.5124744176864624,0.0010896924650296569,0.5135641098022461
3868,0.5124732255935669,0.00108968501444906,0.5135629177093506
3869,0.5124720335006714,0.0010896779131144285,0.5135617256164551
3870,0.5124708414077759,0.0010896697640419006,0.5135605335235596
3871,0.5124697089195251,0.0010896628955379128,0.5135594010353088
3872,0.5124685168266296,0.0010896550957113504,0.5135581493377686
3873,0.5124673843383789,0.0010896481107920408,0.5135570168495178
3874,0.5124661922454834,0.001089641940779984,0.5135558247566223
3875,0.5124650001525879,0.0010896341409534216,0.5135546326637268
3876,0.5124638676643372,0.0010896276216953993,0.5135535001754761
3877,0.5124626755714417,0.001089620403945446,0.5135523080825806
3878,0.5124615430831909,0.0010896122548729181,0.5135511755943298
3879,0.5124603509902954,0.0010896057356148958,0.5135499835014343
3880,0.5124592185020447,0.0010895985178649426,0.5135487914085388
3881,0.5124580264091492,0.0010895918821915984,0.5135475993156433
3882,0.5124568939208984,0.0010895843151956797,0.5135464668273926
3883,0.5124557018280029,0.0010895779123529792,0.5135452747344971
3884,0.5124545097351074,0.0010895717423409224,0.5135440826416016
3885,0.5124533772468567,0.0010895649902522564,0.5135429501533508
3886,0.5124523043632507,0.0010895575396716595,0.5135418772697449
3887,0.5124511122703552,0.0010895507875829935,0.5135406851768494
3888,0.5124499797821045,0.0010895439190790057,0.5135395526885986
3889,0.512448787689209,0.0010895372834056616,0.5135383009910583
3890,0.512447714805603,0.0010895305313169956,0.5135372281074524
3891,0.5124465227127075,0.0010895236628130078,0.5135360360145569
3892,0.5124453902244568,0.0010895169107243419,0.5135349035263062
3893,0.512444257736206,0.001089510042220354,0.5135337710380554
3894,0.5124431252479553,0.00108950340654701,0.5135326385498047
3895,0.5124419927597046,0.0010894967708736658,0.513531506061554
3896,0.5124408602714539,0.0010894903680309653,0.5135303735733032
3897,0.5124397277832031,0.0010894841980189085,0.5135292410850525
3898,0.5124385952949524,0.001089476398192346,0.513528048992157
3899,0.5124374628067017,0.001089471043087542,0.5135269165039062
3900,0.5124363899230957,0.001089464407414198,0.5135258436203003
3901,0.5124351978302002,0.0010894577717408538,0.5135246515274048
3902,0.5124340653419495,0.0010894507868215442,0.513523519039154
3903,0.5124329328536987,0.0010894440347328782,0.5135223865509033
3904,0.5124318599700928,0.0010894377483054996,0.5135213136672974
3905,0.512430727481842,0.0010894309962168336,0.5135201811790466
3906,0.5124296545982361,0.0010894242441281676,0.5135191082954407
3907,0.5124285221099854,0.0010894181905314326,0.5135179162025452
3908,0.5124273896217346,0.0010894117876887321,0.5135167837142944
3909,0.5124262571334839,0.0010894055012613535,0.5135156512260437
3910,0.5124251246452332,0.0010893985163420439,0.513514518737793
3911,0.5124240517616272,0.0010893925791606307,0.513513445854187
3912,0.5124229192733765,0.0010893861763179302,0.5135123133659363
3913,0.5124218463897705,0.0010893801227211952,0.5135112404823303
3914,0.5124207139015198,0.0010893743019551039,0.5135101079940796
3915,0.5124196410179138,0.0010893673170357943,0.5135090351104736
3916,0.5124185681343079,0.001089361496269703,0.5135079026222229
3917,0.5124174356460571,0.001089355442672968,0.5135067701339722
3918,0.5124163627624512,0.001089349272660911,0.5135056972503662
3919,0.5124152898788452,0.0010893427534028888,0.5135046243667603
3920,0.5124141573905945,0.0010893360013142228,0.5135034918785095
3921,0.5124130845069885,0.0010893302969634533,0.5135024189949036
3922,0.5124120116233826,0.001089324476197362,0.5135013461112976
3923,0.5124108791351318,0.001089318422600627,0.5135002136230469
3924,0.5124098062515259,0.0010893120197579265,0.5134991407394409
3925,0.5124087333679199,0.0010893064318224788,0.513498067855835
3926,0.512407660484314,0.001089300960302353,0.5134969353675842
3927,0.5124065279960632,0.0010892945574596524,0.5134958028793335
3928,0.512405514717102,0.0010892880382016301,0.5134947896003723
3929,0.5124044418334961,0.0010892816353589296,0.5134937167167664
3930,0.5124033689498901,0.001089276047423482,0.5134926438331604
3931,0.5124022960662842,0.0010892702266573906,0.5134915709495544
3932,0.5124011635780334,0.0010892644058912992,0.5134904384613037
3933,0.5124000906944275,0.0010892587015405297,0.5134893655776978
3934,0.5123990774154663,0.001089253113605082,0.5134883522987366
3935,0.5123980045318604,0.0010892479913309216,0.5134872794151306
3936,0.5123969316482544,0.001089241704903543,0.5134861469268799
3937,0.5123958587646484,0.0010892360005527735,0.5134850740432739
3938,0.5123947858810425,0.0010892304126173258,0.513484001159668
3939,0.5123937726020813,0.0010892238933593035,0.5134829878807068
3940,0.5123926401138306,0.001089218189008534,0.513481855392456
3941,0.5123915672302246,0.0010892124846577644,0.5134807825088501
3942,0.5123905539512634,0.0010892075952142477,0.5134797692298889
3943,0.5123894810676575,0.0010892014252021909,0.513478696346283
3944,0.5123884677886963,0.0010891960700973868,0.5134776830673218
3945,0.5123873949050903,0.0010891890851780772,0.5134766101837158
3946,0.5123863816261292,0.0010891837300732732,0.5134755373001099
3947,0.5123852491378784,0.0010891780257225037,0.5134744048118591
3948,0.5123842358589172,0.0010891726706176996,0.513473391532898
3949,0.512383222579956,0.00108916696626693,0.5134723782539368
3950,0.5123821496963501,0.0010891611455008388,0.5134713053703308
3951,0.5123811364173889,0.0010891561396420002,0.5134702920913696
3952,0.5123801231384277,0.0010891507845371962,0.5134692788124084
3953,0.5123790502548218,0.0010891457786783576,0.5134682059288025
3954,0.5123780369758606,0.001089140074327588,0.5134671926498413
3955,0.5123770236968994,0.0010891346028074622,0.5134661793708801
3956,0.5123759508132935,0.0010891284327954054,0.5134651064872742
3957,0.5123749375343323,0.0010891234269365668,0.5134640336036682
3958,0.5123739242553711,0.0010891187703236938,0.513463020324707
3959,0.5123728513717651,0.0010891123674809933,0.5134619474411011
3960,0.512371838092804,0.0010891070123761892,0.5134609341621399
3961,0.5123708248138428,0.0010891021229326725,0.5134599208831787
3962,0.5123698115348816,0.0010890963021665812,0.5134589076042175
3963,0.5123687982559204,0.001089091645553708,0.5134578943252563
3964,0.5123677253723145,0.0010890859412029386,0.5134568214416504
3965,0.512366771697998,0.0010890797711908817,0.513455867767334
3966,0.5123656988143921,0.0010890756966546178,0.513454794883728
3967,0.5123647451400757,0.0010890696430578828,0.5134538412094116
3968,0.5123637318611145,0.0010890651028603315,0.5134527683258057
3969,0.5123627185821533,0.0010890597477555275,0.5134517550468445
3970,0.5123617053031921,0.0010890548583120108,0.5134507417678833
3971,0.512360692024231,0.0010890478733927011,0.5134497284889221
3972,0.5123596787452698,0.0010890443809330463,0.5134487152099609
3973,0.5123587250709534,0.0010890386765822768,0.5134477615356445
3974,0.5123576521873474,0.00108903378713876,0.5134466886520386
3975,0.512356698513031,0.0010890283156186342,0.5134457349777222
3976,0.5123556852340698,0.0010890242410823703,0.513444721698761
3977,0.5123546719551086,0.001089017721824348,0.5134437084197998
3978,0.5123536586761475,0.0010890135308727622,0.5134426951408386
3979,0.512352705001831,0.0010890087578445673,0.5134417414665222
3980,0.5123516917228699,0.001089002937078476,0.5134406685829163
3981,0.5123506784439087,0.0010889979312196374,0.5134396553039551
3982,0.5123497247695923,0.0010889933910220861,0.5134387016296387
3983,0.5123487114906311,0.0010889886179938912,0.5134376883506775
3984,0.5123476982116699,0.0010889831464737654,0.5134366750717163
3985,0.5123467445373535,0.0010889786062762141,0.5134357213973999
3986,0.5123457908630371,0.0010889742989093065,0.5134347677230835
3987,0.5123447775840759,0.0010889687109738588,0.5134337544441223
3988,0.5123438239097595,0.0010889637051150203,0.5134328007698059
3989,0.5123428106307983,0.0010889590485021472,0.5134317874908447
3990,0.5123418569564819,0.0010889543918892741,0.5134308338165283
3991,0.5123409032821655,0.0010889493860304356,0.5134298801422119
3992,0.5123398900032043,0.0010889453114941716,0.513428807258606
3993,0.5123389363288879,0.001088939723558724,0.5134278535842896
3994,0.5123379826545715,0.001088934252038598,0.5134268999099731
3995,0.5123369693756104,0.0010889297118410468,0.513425886631012
3996,0.5123360753059387,0.0010889251716434956,0.5134249925613403
3997,0.5123350620269775,0.001088920165784657,0.5134239792823792
3998,0.5123341083526611,0.0010889152763411403,0.5134230256080627
3999,0.5123331546783447,0.0010889109689742327,0.5134220719337463
4000,0.5123321413993835,0.0010889061959460378,0.5134210586547852
4001,0.5123312473297119,0.0010889016557484865,0.5134201645851135
4002,0.5123302936553955,0.0010888968827202916,0.5134192109107971
4003,0.5123292803764343,0.001088891876861453,0.5134181976318359
4004,0.5123283267021179,0.0010888874530792236,0.5134172439575195
4005,0.5123274326324463,0.0010888826800510287,0.5134162902832031
4006,0.5123264193534851,0.0010888782562687993,0.5134152770042419
4007,0.5123255252838135,0.0010888739489018917,0.5134143829345703
4008,0.5123245120048523,0.001088869757950306,0.5134133696556091
4009,0.5123236179351807,0.0010888641700148582,0.5134124755859375
4010,0.5123226642608643,0.0010888598626479506,0.5134115219116211
4011,0.5123217105865479,0.0010888554388657212,0.5134105682373047
4012,0.5123208165168762,0.0010888513643294573,0.5134096741676331
4013,0.5123198628425598,0.0010888467077165842,0.5134087204933167
4014,0.5123189091682434,0.0010888420511037111,0.5134077668190002
4015,0.512317955493927,0.0010888378601521254,0.5134068131446838
4016,0.5123170018196106,0.001088833436369896,0.5134058594703674
4017,0.512316107749939,0.0010888288961723447,0.5134049654006958
4018,0.5123152136802673,0.0010888248216360807,0.5134040117263794
4019,0.5123142600059509,0.001088819932192564,0.513403058052063
4020,0.5123133063316345,0.0010888169053941965,0.5134021043777466
4021,0.5123124122619629,0.001088811899535358,0.513401210308075
4022,0.5123114585876465,0.001088807126507163,0.5134002566337585
4023,0.5123105049133301,0.0010888027027249336,0.5133993029594421
4024,0.5123096704483032,0.001088799093849957,0.5133984684944153
4025,0.5123087167739868,0.0010887940879911184,0.5133975148200989
4026,0.5123077630996704,0.0010887895477935672,0.5133965611457825
4027,0.5123068690299988,0.0010887859389185905,0.5133956670761108
4028,0.5123059153556824,0.0010887812823057175,0.5133947134017944
4029,0.5123050212860107,0.0010887774406000972,0.5133938193321228
4030,0.5123041272163391,0.0010887726675719023,0.5133929252624512
4031,0.5123032331466675,0.0010887684766203165,0.5133920311927795
4032,0.5123023390769958,0.0010887637035921216,0.5133910775184631
4033,0.5123014450073242,0.0010887598618865013,0.5133901834487915
4034,0.5123004913330078,0.0010887561365962029,0.5133892297744751
4035,0.5122995972633362,0.001088751363568008,0.5133883357048035
4036,0.5122986435890198,0.0010887477546930313,0.5133873820304871
4037,0.5122978091239929,0.0010887428652495146,0.5133865475654602
4038,0.5122969150543213,0.001088739256374538,0.5133856534957886
4039,0.5122959613800049,0.0010887352982535958,0.5133846998214722
4040,0.5122950673103333,0.0010887314565479755,0.5133838057518005
4041,0.5122941732406616,0.0010887266835197806,0.5133829116821289
4042,0.5122933387756348,0.001088721794076264,0.513382077217102
4043,0.5122924447059631,0.0010887188836932182,0.5133811831474304
4044,0.5122915506362915,0.0010887151584029198,0.5133802890777588
4045,0.5122906565666199,0.0010887108510360122,0.5133793950080872
4046,0.5122897624969482,0.00108870689291507,0.5133784413337708
4047,0.5122888684272766,0.0010887028183788061,0.5133775472640991
4048,0.512287974357605,0.0010886987438425422,0.5133766531944275
4049,0.5122871398925781,0.0010886952513828874,0.5133758187294006
4050,0.5122862458229065,0.0010886909440159798,0.513374924659729
4051,0.5122853517532349,0.0010886875679716468,0.5133740305900574
4052,0.5122844576835632,0.001088684075511992,0.5133731365203857
4053,0.5122836232185364,0.001088679418899119,0.5133723020553589
4054,0.5122827291488647,0.0010886756936088204,0.5133714079856873
4055,0.5122818946838379,0.0010886720847338438,0.5133705735206604
4056,0.5122810006141663,0.001088667195290327,0.5133696794509888
4057,0.5122801065444946,0.0010886637028306723,0.5133687853813171
4058,0.512279212474823,0.0010886606760323048,0.5133678913116455
4059,0.5122784376144409,0.0010886574164032936,0.5133671164512634
4060,0.5122775435447693,0.0010886527597904205,0.5133662223815918
4061,0.5122767090797424,0.0010886493837460876,0.5133653879165649
4062,0.5122758150100708,0.00108864507637918,0.5133644342422485
4063,0.5122749209403992,0.001088641700334847,0.5133635401725769
4064,0.5122740864753723,0.001088637625798583,0.51336270570755
4065,0.5122732520103455,0.0010886339005082846,0.5133618712425232
4066,0.5122723579406738,0.001088630175217986,0.5133609771728516
4067,0.512271523475647,0.0010886261006817222,0.5133601427078247
4068,0.5122706294059753,0.0010886223753914237,0.5133592486381531
4069,0.5122697949409485,0.0010886189993470907,0.5133584141731262
4070,0.5122689604759216,0.0010886143427342176,0.5133575797080994
4071,0.5122681260108948,0.0010886110831052065,0.5133567452430725
4072,0.5122672915458679,0.0010886071249842644,0.5133559107780457
4073,0.5122664570808411,0.0010886038653552532,0.5133550763130188
4074,0.5122656226158142,0.001088600722141564,0.5133542418479919
4075,0.5122647285461426,0.0010885968804359436,0.5133533477783203
4076,0.5122638940811157,0.0010885929223150015,0.5133525133132935
4077,0.5122631192207336,0.0010885902447625995,0.5133517384529114
4078,0.5122622847557068,0.0010885855881497264,0.5133508443832397
4079,0.5122614502906799,0.0010885825613513589,0.5133500099182129
4080,0.5122606158256531,0.0010885789524763823,0.513349175453186
4081,0.5122597813606262,0.001088575692847371,0.5133483409881592
4082,0.5122588872909546,0.0010885719675570726,0.5133474469184875
4083,0.5122581124305725,0.001088568358682096,0.5133466720581055
4084,0.5122572779655457,0.0010885650990530849,0.5133458375930786
4085,0.5122564435005188,0.0010885613737627864,0.5133450031280518
4086,0.5122556090354919,0.0010885574156418443,0.5133441686630249
4087,0.5122547745704651,0.001088554272428155,0.513343334197998
4088,0.512253999710083,0.0010885506635531783,0.513342559337616
4089,0.5122531652450562,0.0010885486844927073,0.5133417248725891
4090,0.5122523307800293,0.0010885444935411215,0.5133408904075623
4091,0.5122514963150024,0.0010885403025895357,0.5133400559425354
4092,0.5122506618499756,0.0010885376250371337,0.5133392214775085
4093,0.5122498869895935,0.001088534714654088,0.5133384466171265
4094,0.5122490525245667,0.001088530756533146,0.5133376121520996
4095,0.5122482776641846,0.0010885278461501002,0.5133367776870728
4096,0.5122474431991577,0.0010885238880291581,0.5133359432220459
4097,0.5122466683387756,0.0010885205119848251,0.5133351683616638
4098,0.5122458338737488,0.001088516553863883,0.513334333896637
4099,0.5122450590133667,0.0010885130614042282,0.5133335590362549
4100,0.5122442841529846,0.0010885094525292516,0.5133327841758728
4101,0.5122434496879578,0.0010885063093155622,0.513331949710846
4102,0.5122426152229309,0.0010885036317631602,0.5133311152458191
4103,0.5122418403625488,0.0010884993243962526,0.513330340385437
4104,0.5122410655021667,0.0010884974617511034,0.5133295655250549
4105,0.5122402310371399,0.0010884932707995176,0.5133287310600281
4106,0.5122394561767578,0.0010884890798479319,0.513327956199646
4107,0.512238621711731,0.0010884867515414953,0.5133271217346191
4108,0.5122379064559937,0.0010884837247431278,0.5133264064788818
4109,0.5122370719909668,0.0010884808143600821,0.513325572013855
4110,0.5122362971305847,0.001088477554731071,0.5133247971534729
4111,0.5122355222702026,0.0010884740622714162,0.5133240222930908
4112,0.5122347474098206,0.001088471501134336,0.5133232474327087
4113,0.5122339129447937,0.0010884676594287157,0.5133223533630371
4114,0.5122331976890564,0.0010884646326303482,0.5133216381072998
4115,0.5122323632240295,0.0010884611401706934,0.513320803642273
4116,0.5122316479682922,0.0010884584626182914,0.5133200883865356
4117,0.5122308731079102,0.0010884556686505675,0.5133193135261536
4118,0.5122300386428833,0.0010884525254368782,0.5133184790611267
4119,0.512229323387146,0.001088449265807867,0.5133177638053894
4120,0.5122285485267639,0.001088445889763534,0.5133169889450073
4121,0.5122277140617371,0.0010884429793804884,0.5133161544799805
4122,0.5122269988059998,0.001088439952582121,0.5133154392242432
4123,0.5122262239456177,0.0010884375078603625,0.5133146643638611
4124,0.5122254490852356,0.0010884334333240986,0.513313889503479
4125,0.5122246742248535,0.001088430406525731,0.5133131146430969
4126,0.5122238993644714,0.0010884276125580072,0.5133123397827148
4127,0.5122231841087341,0.0010884247021749616,0.5133116245269775
4128,0.512222409248352,0.0010884213261306286,0.5133108496665955
4129,0.5122216939926147,0.0010884186485782266,0.5133101344108582
4130,0.5122209191322327,0.0010884155053645372,0.5133093595504761
4131,0.5122200846672058,0.001088412362150848,0.5133085250854492
4132,0.5122193694114685,0.0010884093353524804,0.5133077502250671
4133,0.5122185945510864,0.0010884070070460439,0.5133069753646851
4134,0.5122178792953491,0.00108840421307832,0.5133062601089478
4135,0.512217104434967,0.0010884010698646307,0.5133054852485657
4136,0.5122163891792297,0.0010883980430662632,0.5133047699928284
4137,0.5122156143188477,0.0010883955983445048,0.5133039951324463
4138,0.5122148990631104,0.0010883924551308155,0.513303279876709
4139,0.512214183807373,0.0010883893119171262,0.5133025646209717
4140,0.512213408946991,0.0010883868671953678,0.5133017897605896
4141,0.5122126936912537,0.0010883838403970003,0.5133010745048523
4142,0.5122119784355164,0.0010883810464292765,0.513300359249115
4143,0.5122112035751343,0.0010883781360462308,0.5132995843887329
4144,0.512210488319397,0.0010883758077397943,0.5132988691329956
4145,0.5122097134590149,0.001088372548110783,0.5132980942726135
4146,0.5122089982032776,0.0010883701033890247,0.5132973790168762
4147,0.5122082829475403,0.0010883670765906572,0.5132966637611389
4148,0.512207567691803,0.0010883643990382552,0.5132959485054016
4149,0.5122067928314209,0.0010883623035624623,0.5132951736450195
4150,0.5122060775756836,0.0010883596260100603,0.5132944583892822
4151,0.5122053623199463,0.0010883560171350837,0.5132937431335449
4152,0.512204647064209,0.0010883528739213943,0.5132930278778076
4153,0.5122038722038269,0.0010883496142923832,0.5132921934127808
4154,0.5122032165527344,0.0010883479844778776,0.5132915377616882
4155,0.5122024416923523,0.0010883453069254756,0.5132907629013062
4156,0.512201726436615,0.00108834239654243,0.5132900476455688
4157,0.5122010707855225,0.0010883401846513152,0.5132893919944763
4158,0.5122002959251404,0.0010883370414376259,0.5132886171340942
4159,0.5121996402740479,0.0010883350623771548,0.5132879614830017
4160,0.5121988654136658,0.0010883314535021782,0.5132871866226196
4161,0.5121981501579285,0.0010883304057642817,0.5132864713668823
4162,0.5121974349021912,0.0010883265640586615,0.513285756111145
4163,0.5121967792510986,0.0010883238865062594,0.5132851004600525
4164,0.5121960639953613,0.001088321441784501,0.5132843852043152
4165,0.512195348739624,0.0010883189970627427,0.5132836699485779
4166,0.5121946334838867,0.0010883171344175935,0.5132829546928406
4167,0.5121939778327942,0.0010883138747885823,0.513282299041748
4168,0.5121932625770569,0.001088311430066824,0.5132815837860107
4169,0.5121925473213196,0.0010883088689297438,0.5132808685302734
4170,0.5121918320655823,0.001088306657038629,0.5132801532745361
4171,0.512191116809845,0.001088303397409618,0.5132794380187988
4172,0.5121904611587524,0.0010883011855185032,0.5132787823677063
4173,0.5121897459030151,0.0010882987407967448,0.513278067111969
4174,0.5121890306472778,0.0010882962960749865,0.5132773518562317
4175,0.5121884346008301,0.0010882936185225844,0.5132767558097839
4176,0.512187659740448,0.0010882917558774352,0.5132759809494019
4177,0.5121870040893555,0.0010882888454943895,0.5132752656936646
4178,0.5121863484382629,0.0010882864007726312,0.513274610042572
4179,0.5121856331825256,0.0010882844217121601,0.5132738947868347
4180,0.5121849775314331,0.0010882825590670109,0.5132732391357422
4181,0.5121842622756958,0.0010882795322686434,0.5132725238800049
4182,0.5121836066246033,0.0010882775532081723,0.5132718682289124
4183,0.5121829509735107,0.0010882741771638393,0.5132712125778198
4184,0.5121822357177734,0.0010882720816880465,0.5132704973220825
4185,0.5121815204620361,0.001088270335458219,0.5132697820663452
4186,0.5121809244155884,0.001088267657905817,0.5132691860198975
4187,0.5121802091598511,0.0010882648639380932,0.5132684707641602
4188,0.5121794939041138,0.001088263001292944,0.5132677555084229
4189,0.5121788382530212,0.0010882595088332891,0.5132670998573303
4190,0.5121782422065735,0.0010882579954341054,0.5132665038108826
4191,0.5121775269508362,0.0010882563656195998,0.5132657885551453
4192,0.5121769309043884,0.0010882532224059105,0.5132651925086975
4193,0.5121762156486511,0.0010882503120228648,0.5132644772529602
4194,0.5121755599975586,0.0010882490314543247,0.5132638216018677
4195,0.5121749043464661,0.0010882463539019227,0.5132631659507751
4196,0.5121741890907288,0.0010882442584261298,0.5132624506950378
4197,0.512173593044281,0.0010882416972890496,0.5132618546485901
4198,0.5121728777885437,0.001088239368982613,0.5132611393928528
4199,0.5121722221374512,0.0010882372735068202,0.5132604837417603
4200,0.5121716260910034,0.0010882352944463491,0.5132598876953125
4201,0.5121709704399109,0.0010882335482165217,0.51325923204422
4202,0.5121703147888184,0.001088230754248798,0.5132585167884827
4203,0.5121696591377258,0.0010882285423576832,0.5132578611373901
4204,0.5121690034866333,0.0010882260976359248,0.5132572054862976
4205,0.5121683478355408,0.00108822388574481,0.5132565498352051
4206,0.5121676921844482,0.0010882220230996609,0.5132558941841125
4207,0.5121670365333557,0.0010882195783779025,0.51325523853302
4208,0.512166440486908,0.0010882167844101787,0.5132546424865723
4209,0.5121657848358154,0.0010882146889343858,0.5132539868354797
4210,0.5121651291847229,0.001088212477043271,0.5132533311843872
4211,0.5121645331382751,0.0010882102651521564,0.5132527351379395
4212,0.5121638178825378,0.0010882089845836163,0.5132520198822021
4213,0.5121632218360901,0.0010882072383537889,0.5132514238357544
4214,0.5121626257896423,0.0010882039787247777,0.5132508277893066
4215,0.5121619701385498,0.0010882021160796285,0.5132501721382141
4216,0.512161374092102,0.0010882002534344792,0.5132495760917664
4217,0.5121606588363647,0.0010881973430514336,0.513248860836029
4218,0.512160062789917,0.0010881954804062843,0.5132482647895813
4219,0.5121594667434692,0.0010881932685151696,0.5132476687431335
4220,0.5121588110923767,0.0010881911730393767,0.513247013092041
4221,0.512158215045929,0.0010881894268095493,0.5132464170455933
4222,0.5121575593948364,0.0010881868656724691,0.5132457613945007
4223,0.5121569633483887,0.0010881851194426417,0.513245165348053
4224,0.5121563673019409,0.0010881831403821707,0.5132445693016052
4225,0.5121556520462036,0.0010881804628297687,0.5132438540458679
4226,0.5121550559997559,0.0010881781345233321,0.5132432579994202
4227,0.5121544599533081,0.0010881767375394702,0.5132426619529724
4228,0.5121538639068604,0.0010881749913096428,0.5132420659065247
4229,0.5121532678604126,0.0010881730122491717,0.5132414698600769
4230,0.5121526718139648,0.0010881703346967697,0.5132408142089844
4231,0.5121520161628723,0.0010881683556362987,0.5132401585578918
4232,0.5121514201164246,0.0010881669586524367,0.5132395625114441
4233,0.5121508240699768,0.001088164048269391,0.5132389664649963
4234,0.5121501684188843,0.0010881628841161728,0.5132383108139038
4235,0.5121495723724365,0.0010881602065637708,0.513237714767456
4236,0.5121489763259888,0.001088158693164587,0.5132371187210083
4237,0.5121484398841858,0.0010881571797654033,0.5132365822792053
4238,0.5121477842330933,0.001088154618628323,0.5132359266281128
4239,0.5121472477912903,0.0010881521739065647,0.5132353901863098
4240,0.5121465921401978,0.001088150660507381,0.5132347345352173
4241,0.51214599609375,0.0010881490306928754,0.5132341384887695
4242,0.5121454000473022,0.0010881476337090135,0.5132335424423218
4243,0.5121447443962097,0.0010881448397412896,0.5132328867912292
4244,0.5121442675590515,0.001088142627850175,0.513232409954071
4245,0.512143611907959,0.0010881416965276003,0.5132317543029785
4246,0.5121430158615112,0.0010881394846364856,0.5132311582565308
4247,0.5121424198150635,0.0010881382040679455,0.513230562210083
4248,0.5121418237686157,0.001088135875761509,0.5132299661636353
4249,0.5121412873268127,0.0010881338967010379,0.5132294297218323
4250,0.512140691280365,0.0010881319176405668,0.5132288336753845
4251,0.512140154838562,0.001088129822164774,0.5132282972335815
4252,0.5121395587921143,0.0010881281923502684,0.5132277011871338
4253,0.5121389627456665,0.001088126446120441,0.513227105140686
4254,0.5121384263038635,0.0010881255147978663,0.5132265686988831
4255,0.5121378302574158,0.0010881224879994988,0.5132259726524353
4256,0.512137234210968,0.001088121091015637,0.5132253766059875
4257,0.5121366381645203,0.0010881198104470968,0.5132247805595398
4258,0.5121360421180725,0.0010881169000640512,0.513224184513092
4259,0.5121355056762695,0.0010881155030801892,0.5132236480712891
4260,0.5121349096298218,0.0010881137568503618,0.5132230520248413
4261,0.5121343731880188,0.0010881118942052126,0.5132224559783936
4262,0.512133777141571,0.0010881100315600634,0.5132218599319458
4263,0.5121332406997681,0.0010881086345762014,0.5132213234901428
4264,0.5121326446533203,0.0010881060734391212,0.5132207274436951
4265,0.5121320486068726,0.0010881053749471903,0.5132201313972473
4266,0.5121315121650696,0.0010881038615480065,0.5132195949554443
4267,0.5121309757232666,0.00108810153324157,0.5132190585136414
4268,0.5121304392814636,0.0010881009511649609,0.5132185220718384
4269,0.5121298432350159,0.0010880982736125588,0.5132179260253906
4270,0.5121293067932129,0.0010880962945520878,0.5132173895835876
4271,0.5121287703514099,0.0010880958288908005,0.5132168531417847
4272,0.5121281743049622,0.0010880929185077548,0.5132162570953369
4273,0.5121276378631592,0.001088092103600502,0.5132157206535339
4274,0.5121270418167114,0.0010880900081247091,0.5132151246070862
4275,0.5121265053749084,0.0010880882618948817,0.5132145881652832
4276,0.5121259093284607,0.0010880876798182726,0.5132139921188354
4277,0.5121254324913025,0.0010880857007578015,0.5132135152816772
4278,0.5121248960494995,0.001088082673959434,0.5132129788398743
4279,0.5121243596076965,0.0010880816262215376,0.5132124423980713
4280,0.5121237635612488,0.0010880805784836411,0.5132118463516235
4281,0.5121232271194458,0.0010880788322538137,0.5132113099098206
4282,0.5121226906776428,0.0010880770860239863,0.5132107734680176
4283,0.5121221542358398,0.0010880749905481935,0.5132102370262146
4284,0.5121216177940369,0.0010880735935643315,0.5132097005844116
4285,0.5121210813522339,0.0010880723129957914,0.5132091641426086
4286,0.5121205449104309,0.0010880706831812859,0.5132086277008057
4287,0.5121200084686279,0.001088069286197424,0.5132080912590027
4288,0.512119472026825,0.0010880673071369529,0.5132075548171997
4289,0.5121189951896667,0.0010880663758143783,0.5132070779800415
4290,0.512118399143219,0.0010880643967539072,0.5132064819335938
4291,0.512117862701416,0.0010880628833547235,0.5132059454917908
4292,0.5121173858642578,0.001088060438632965,0.5132054686546326
4293,0.5121167898178101,0.001088059158064425,0.5132048726081848
4294,0.5121163129806519,0.001088057877495885,0.5132043957710266
4295,0.5121157765388489,0.0010880563640967011,0.5132038593292236
4296,0.5121152400970459,0.0010880548506975174,0.5132033228874207
4297,0.5121147632598877,0.0010880534537136555,0.5132028460502625
4298,0.5121142268180847,0.001088051707483828,0.5132022500038147
4299,0.5121136903762817,0.0010880503104999661,0.5132017135620117
4300,0.5121132135391235,0.0010880480986088514,0.5132012367248535
4301,0.5121126770973206,0.0010880468180403113,0.5132007002830505
4302,0.5121122002601624,0.0010880455374717712,0.5132002234458923
4303,0.5121116638183594,0.0010880441404879093,0.5131996870040894
4304,0.5121111273765564,0.0010880432091653347,0.5131991505622864
4305,0.5121105909347534,0.001088041695766151,0.5131986141204834
4306,0.5121101140975952,0.0010880401823669672,0.5131981372833252
4307,0.512109637260437,0.0010880394838750362,0.513197660446167
4308,0.512109100818634,0.0010880368063226342,0.513197124004364
4309,0.512108564376831,0.0010880364570766687,0.513196587562561
4310,0.5121080875396729,0.001088035642169416,0.5131961107254028
4311,0.5121075510978699,0.0010880333138629794,0.5131955742835999
4312,0.5121070742607117,0.0010880327317863703,0.5131950974464417
4313,0.5121065378189087,0.0010880299378186464,0.5131945610046387
4314,0.5121060609817505,0.0010880285408347845,0.5131940841674805
4315,0.5121055841445923,0.0010880283080041409,0.5131936073303223
4316,0.5121050477027893,0.0010880263289436698,0.5131930708885193
4317,0.5121045708656311,0.0010880251647904515,0.5131925940513611
4318,0.5121040940284729,0.0010880236513912678,0.5131921172142029
4319,0.5121036171913147,0.0010880224872380495,0.5131916403770447
4320,0.5121031403541565,0.0010880209738388658,0.5131911635398865
4321,0.5121026039123535,0.0010880198096856475,0.5131906270980835
4322,0.5121021270751953,0.001088018179871142,0.5131901502609253
4323,0.5121016502380371,0.0010880175977945328,0.5131896734237671
4324,0.5121011734008789,0.0010880164336413145,0.5131891965866089
4325,0.5121006369590759,0.0010880149202421308,0.5131886601448059
4326,0.5121001601219177,0.0010880138725042343,0.5131881833076477
4327,0.5120996832847595,0.0010880132904276252,0.5131877064704895
4328,0.5120992660522461,0.0010880108457058668,0.5131872892379761
4329,0.5120987296104431,0.0010880095651373267,0.5131867527961731
4330,0.5120982527732849,0.0010880085173994303,0.5131862759590149
4331,0.5120977759361267,0.0010880077024921775,0.5131857991218567
4332,0.5120972990989685,0.0010880057234317064,0.5131853222846985
4333,0.5120968222618103,0.0010880044428631663,0.5131848454475403
4334,0.5120964050292969,0.0010880037443712354,0.5131844282150269
4335,0.5120959281921387,0.001088002580218017,0.5131839513778687
4336,0.5120954513549805,0.0010880009504035115,0.5131834745407104
4337,0.5120949745178223,0.0010879996698349714,0.5131829977035522
4338,0.5120944380760193,0.0010879982728511095,0.5131824612617493
4339,0.5120940208435059,0.0010879975743591785,0.5131820440292358
4340,0.5120935440063477,0.001087996526621282,0.5131815671920776
4341,0.5120930671691895,0.0010879953624680638,0.5131810903549194
4342,0.512092649936676,0.0010879948968067765,0.513180673122406
4343,0.512092113494873,0.0010879929177463055,0.5131800770759583
4344,0.5120916962623596,0.0010879922192543745,0.5131796598434448
4345,0.5120912194252014,0.0010879909386858344,0.5131791830062866
4346,0.512090802192688,0.0010879900073632598,0.5131787657737732
4347,0.5120903253555298,0.0010879880283027887,0.513178288936615
4348,0.5120899081230164,0.0010879868641495705,0.5131778717041016
4349,0.5120894312858582,0.0010879867477342486,0.5131773948669434
4350,0.5120889544487,0.0010879852343350649,0.5131769180297852
4351,0.5120884776115417,0.0010879847686737776,0.513176441192627
4352,0.5120880007743835,0.00108798174187541,0.5131759643554688
4353,0.5120876431465149,0.0010879809269681573,0.5131756067276001
4354,0.5120871067047119,0.00108798046130687,0.5131750702857971
4355,0.5120867490768433,0.001087979064323008,0.5131747126579285
4356,0.5120862722396851,0.0010879782494157553,0.5131742358207703
4357,0.5120857954025269,0.0010879769688472152,0.5131737589836121
4358,0.5120853781700134,0.0010879761539399624,0.5131733417510986
4359,0.5120849013328552,0.001087975804693997,0.5131728649139404
4360,0.5120844841003418,0.001087975106202066,0.513172447681427
4361,0.5120840072631836,0.0010879734763875604,0.5131719708442688
4362,0.5120835900306702,0.001087972312234342,0.5131715536117554
4363,0.5120831727981567,0.0010879704495891929,0.5131711363792419
4364,0.5120826959609985,0.0010879702167585492,0.5131706595420837
4365,0.5120822787284851,0.0010879684705287218,0.5131702423095703
4366,0.5120818614959717,0.0010879681212827563,0.5131698250770569
4367,0.5120814442634583,0.001087966957129538,0.5131694078445435
4368,0.5120810270309448,0.0010879647452384233,0.51316899061203
4369,0.5120805501937866,0.0010879640467464924,0.5131685137748718
4370,0.5120801329612732,0.001087963697500527,0.5131680965423584
4371,0.5120797157287598,0.0010879626497626305,0.513167679309845
4372,0.5120792984962463,0.0010879610199481249,0.5131672620773315
4373,0.5120788216590881,0.001087960321456194,0.5131667852401733
4374,0.5120784044265747,0.0010879595065489411,0.5131663680076599
4375,0.5120779871940613,0.0010879586916416883,0.5131659507751465
4376,0.5120776295661926,0.0010879572946578264,0.5131655931472778
4377,0.5120772123336792,0.0010879563633352518,0.5131651759147644
4378,0.512076735496521,0.0010879546171054244,0.5131646990776062
4379,0.5120763182640076,0.0010879534529522061,0.5131642818450928
4380,0.5120759010314941,0.0010879529872909188,0.5131638646125793
4381,0.5120754837989807,0.0010879518231377006,0.5131634473800659
4382,0.5120751261711121,0.0010879506589844823,0.5131630897521973
4383,0.5120746493339539,0.001087950193323195,0.5131626129150391
4384,0.5120742321014404,0.0010879489127546549,0.5131621956825256
4385,0.512073814868927,0.0010879486799240112,0.5131617784500122
4386,0.5120733976364136,0.0010879479814320803,0.5131613612174988
4387,0.5120729804039001,0.0010879470501095057,0.5131609439849854
4388,0.5120726227760315,0.0010879460023716092,0.5131605863571167
4389,0.5120722055435181,0.0010879446053877473,0.5131601691246033
4390,0.5120717883110046,0.0010879443725571036,0.5131597518920898
4391,0.5120713710784912,0.00108794413972646,0.5131593346595764
4392,0.5120710134506226,0.0010879422770813107,0.5131589770317078
4393,0.5120705962181091,0.0010879412293434143,0.5131585597991943
4394,0.5120702385902405,0.0010879402980208397,0.5131582021713257
4395,0.5120697617530823,0.0010879390174522996,0.5131577253341675
4396,0.5120694041252136,0.0010879392502829432,0.5131573677062988
4397,0.5120689868927002,0.0010879384353756905,0.5131569504737854
4398,0.5120686292648315,0.0010879370383918285,0.5131565928459167
4399,0.5120682120323181,0.001087936107069254,0.5131561756134033
4400,0.5120677947998047,0.0010879352921620011,0.5131557583808899
4401,0.5120673775672913,0.001087934011593461,0.5131553411483765
4402,0.5120670199394226,0.0010879328474402428,0.513154923915863
4403,0.5120666027069092,0.0010879328474402428,0.5131545066833496
4404,0.5120663046836853,0.0010879311012104154,0.5131542086601257
4405,0.5120658874511719,0.0010879302863031626,0.5131537914276123
4406,0.5120654702186584,0.001087929354980588,0.5131533741950989
4407,0.5120651125907898,0.0010879281908273697,0.5131530165672302
4408,0.5120646953582764,0.0010879276087507606,0.5131525993347168
4409,0.5120643377304077,0.0010879271430894732,0.5131522417068481
4410,0.5120639801025391,0.0010879271430894732,0.5131518840789795
4411,0.5120635628700256,0.0010879267938435078,0.5131514668464661
4412,0.5120631456375122,0.001087925280444324,0.5131510496139526
4413,0.5120628476142883,0.0010879242327064276,0.5131507515907288
4414,0.5120624899864197,0.001087923301383853,0.5131503939628601
4415,0.5120620727539062,0.0010879227193072438,0.5131499767303467
4416,0.5120617151260376,0.0010879216715693474,0.513149619102478
4417,0.5120612978935242,0.0010879208566620946,0.5131492018699646
4418,0.5120609402656555,0.0010879202745854855,0.513148844242096
4419,0.5120605826377869,0.0010879193432629108,0.5131484866142273
4420,0.5120602250099182,0.001087917946279049,0.5131481289863586
4421,0.5120598673820496,0.001087917829863727,0.51314777135849
4422,0.5120594501495361,0.0010879173642024398,0.5131473541259766
4423,0.5120590925216675,0.001087917247787118,0.5131469964981079
4424,0.5120587348937988,0.001087915850803256,0.5131466388702393
4425,0.5120583772659302,0.0010879153851419687,0.5131462812423706
4426,0.5120579600334167,0.0010879153851419687,0.5131458640098572
4427,0.5120576024055481,0.0010879146866500378,0.5131455063819885
4428,0.5120572447776794,0.001087913173250854,0.5131451487541199
4429,0.5120569467544556,0.0010879127075895667,0.513144850730896
4430,0.5120565295219421,0.0010879120090976357,0.5131444334983826
4431,0.5120561718940735,0.0010879110777750611,0.5131440758705139
4432,0.5120558738708496,0.0010879115434363484,0.51314377784729
4433,0.512055516242981,0.0010879099136218429,0.5131434202194214
4434,0.5120551586151123,0.00108790909871459,0.5131430625915527
4435,0.5120547413825989,0.0010879087494686246,0.5131426453590393
4436,0.512054443359375,0.0010879081673920155,0.5131423473358154
4437,0.5120540857315063,0.0010879072360694408,0.5131419897079468
4438,0.5120537281036377,0.0010879066539928317,0.5131416320800781
4439,0.512053370475769,0.001087906421162188,0.5131412744522095
4440,0.5120530724525452,0.0010879056062549353,0.5131409764289856
4441,0.5120526552200317,0.0010879046749323606,0.5131405591964722
4442,0.5120523571968079,0.0010879045585170388,0.5131402611732483
4443,0.5120519995689392,0.0010879038600251079,0.5131399035453796
4444,0.5120516419410706,0.0010879033943638206,0.513139545917511
4445,0.5120513439178467,0.0010879026958718896,0.5131392478942871
4446,0.5120509266853333,0.0010879022302106023,0.5131388306617737
4447,0.5120506286621094,0.0010879011824727058,0.5131385326385498
4448,0.5120502710342407,0.0010879011824727058,0.5131381750106812
4449,0.5120499730110168,0.0010879006003960967,0.5131378769874573
4450,0.5120496153831482,0.001087899785488844,0.5131375193595886
4451,0.5120493173599243,0.0010878992034122348,0.5131372213363647
4452,0.5120489597320557,0.0010878989705815911,0.5131368637084961
4453,0.5120486617088318,0.0010878988541662693,0.5131365656852722
4454,0.5120483040809631,0.0010878973407670856,0.5131362080574036
4455,0.5120479464530945,0.0010878965258598328,0.5131358504295349
4456,0.5120476484298706,0.0010878962930291891,0.513135552406311
4457,0.512047290802002,0.0010878965258598328,0.5131351947784424
4458,0.5120469927787781,0.0010878954781219363,0.5131348967552185
4459,0.5120466351509094,0.0010878946632146835,0.5131345391273499
4460,0.5120463371276855,0.0010878945467993617,0.513134241104126
4461,0.5120459794998169,0.0010878934990614653,0.5131338834762573
4462,0.5120456218719482,0.0010878933826461434,0.5131335258483887
4463,0.5120453238487244,0.0010878933826461434,0.5131332278251648
4464,0.5120450258255005,0.0010878921020776033,0.5131329298019409
4465,0.5120447278022766,0.0010878911707550287,0.513132631778717
4466,0.512044370174408,0.0010878911707550287,0.5131322741508484
4467,0.5120440721511841,0.0010878914035856724,0.5131319761276245
4468,0.5120437741279602,0.001087890355847776,0.5131316781044006
4469,0.5120434165000916,0.0010878891916945577,0.513131320476532
4470,0.5120431184768677,0.0010878883767873049,0.5131310224533081
4471,0.5120428204536438,0.0010878877947106957,0.5131307244300842
4472,0.5120425224304199,0.001087887678295374,0.5131304264068604
4473,0.512042224407196,0.0010878883767873049,0.5131301283836365
4474,0.5120419263839722,0.0010878872126340866,0.5131298303604126
4475,0.5120415687561035,0.0010878866305574775,0.513129472732544
4476,0.5120412707328796,0.0010878860484808683,0.5131291747093201
4477,0.512040913105011,0.0010878859320655465,0.5131288170814514
4478,0.5120406150817871,0.0010878851171582937,0.5131285190582275
4479,0.5120403170585632,0.001087884302251041,0.5131282210350037
4480,0.5120400190353394,0.0010878838365897536,0.5131279230117798
4481,0.5120397210121155,0.0010878831380978227,0.5131276249885559
4482,0.5120394229888916,0.00108788360375911,0.513127326965332
4483,0.5120391249656677,0.0010878833709284663,0.5131270289421082
4484,0.5120388269424438,0.0010878832545131445,0.5131267309188843
4485,0.51203852891922,0.0010878827888518572,0.5131264328956604
4486,0.5120382308959961,0.0010878820903599262,0.5131261348724365
4487,0.5120379328727722,0.0010878805769607425,0.5131258368492126
4488,0.5120376348495483,0.0010878808097913861,0.5131255388259888
4489,0.5120373368263245,0.0010878811590373516,0.5131252408027649
4490,0.5120370388031006,0.0010878799948841333,0.513124942779541
4491,0.5120367407798767,0.0010878796456381679,0.5131246447563171
4492,0.5120364427566528,0.0010878791799768806,0.5131243467330933
4493,0.512036144733429,0.001087878830730915,0.5131240487098694
4494,0.5120359063148499,0.0010878784814849496,0.5131238102912903
4495,0.512035608291626,0.0010878785979002714,0.5131235122680664
4496,0.5120353102684021,0.0010878776665776968,0.5131232142448425
4497,0.5120350122451782,0.0010878778994083405,0.5131229162216187
4498,0.5120347142219543,0.0010878776665776968,0.5131226181983948
4499,0.5120344758033752,0.0010878765024244785,0.5131223797798157
4500,0.5120341777801514,0.001087876851670444,0.5131220817565918
4501,0.5120339393615723,0.0010878759203478694,0.5131218433380127
4502,0.5120335817337036,0.0010878759203478694,0.513121485710144
4503,0.5120332837104797,0.0010878753382712603,0.5131211876869202
4504,0.5120330452919006,0.001087875454686582,0.5131209492683411
4505,0.5120328068733215,0.0010878751054406166,0.513120710849762
4506,0.5120325088500977,0.001087874174118042,0.5131204128265381
4507,0.5120322108268738,0.0010878756875172257,0.5131201148033142
4508,0.5120319724082947,0.0010878735920414329,0.5131198167800903
4509,0.5120316743850708,0.0010878737084567547,0.5131195187568665
4510,0.5120313763618469,0.0010878725443035364,0.5131192207336426
4511,0.5120311379432678,0.0010878737084567547,0.5131189823150635
4512,0.5120308995246887,0.001087872893549502,0.5131187438964844
4513,0.5120306015014648,0.00108787277713418,0.5131184458732605
4514,0.512030303478241,0.0010878725443035364,0.5131181478500366
4515,0.5120300054550171,0.0010878724278882146,0.5131178498268127
4516,0.5120298266410828,0.0010878723114728928,0.5131176710128784
4517,0.5120295286178589,0.0010878712637349963,0.5131173729896545
4518,0.5120292901992798,0.0010878712637349963,0.5131171345710754
4519,0.5120289921760559,0.0010878704488277435,0.5131168365478516
4520,0.512028694152832,0.0010878705652430654,0.5131165385246277
4521,0.5120284557342529,0.001087870798073709,0.5131163001060486
4522,0.5120282173156738,0.001087870798073709,0.5131160616874695
4523,0.51202791929245,0.0010878699831664562,0.5131157636642456
4524,0.5120276808738708,0.0010878698667511344,0.5131155252456665
4525,0.512027382850647,0.0010878696339204907,0.5131152272224426
4526,0.5120272040367126,0.0010878696339204907,0.5131150484085083
4527,0.5120269060134888,0.001087868819013238,0.5131147503852844
4528,0.5120266675949097,0.001087868819013238,0.5131145119667053
4529,0.5120264291763306,0.001087868120521307,0.5131142735481262
4530,0.5120261311531067,0.0010878684697672725,0.5131139755249023
4531,0.5120258927345276,0.0010878676548600197,0.5131137371063232
4532,0.5120256543159485,0.0010878673056140542,0.5131134986877441
4533,0.5120254158973694,0.0010878675384446979,0.513113260269165
4534,0.5120251774787903,0.0010878670727834105,0.5131130218505859
4535,0.5120248794555664,0.001087866723537445,0.5131127238273621
4536,0.5120246410369873,0.0010878675384446979,0.513112485408783
4537,0.5120244026184082,0.0010878662578761578,0.5131122469902039
4538,0.5120241641998291,0.001087866723537445,0.5131120085716248
4539,0.51202392578125,0.001087866141460836,0.5131117701530457
4540,0.5120236873626709,0.001087866025045514,0.5131115317344666
4541,0.5120234489440918,0.0010878650937229395,0.5131112933158875
4542,0.5120232105255127,0.0010878650937229395,0.5131110548973083
4543,0.5120229125022888,0.001087866141460836,0.5131107568740845
4544,0.5120226740837097,0.0010878655593842268,0.5131105184555054
4545,0.5120224952697754,0.001087865442968905,0.513110339641571
4546,0.5120222568511963,0.001087864744476974,0.5131101012229919
4547,0.5120219588279724,0.0010878648608922958,0.5131098031997681
4548,0.5120217800140381,0.001087864744476974,0.5131096243858337
4549,0.5120214819908142,0.001087864744476974,0.5131093263626099
4550,0.5120213031768799,0.001087864045985043,0.5131091475486755
4551,0.5120210647583008,0.0010878641624003649,0.5131089091300964
4552,0.5120208263397217,0.0010878642788156867,0.5131086707115173
4553,0.5120205879211426,0.001087862765416503,0.5131084322929382
4554,0.5120204091072083,0.0010878621833398938,0.5131082534790039
4555,0.5120201706886292,0.001087862066924572,0.5131080150604248
4556,0.51201993227005,0.001087862765416503,0.5131077766418457
4557,0.512019693851471,0.0010878626490011811,0.5131075382232666
4558,0.5120194554328918,0.0010878624161705375,0.5131072998046875
4559,0.5120192766189575,0.0010878619505092502,0.5131071209907532
4560,0.5120190382003784,0.0010878618340939283,0.5131068825721741
4561,0.5120187997817993,0.0010878618340939283,0.513106644153595
4562,0.5120185613632202,0.0010878616012632847,0.5131064057350159
4563,0.5120183825492859,0.0010878610191866755,0.5131062269210815
4564,0.5120181441307068,0.00108786066994071,0.5131059885025024
4565,0.5120179057121277,0.0010878604371100664,0.5131057500839233
4566,0.5120176672935486,0.0010878604371100664,0.5131055116653442
4567,0.5120174884796143,0.0010878612520173192,0.5131053328514099
4568,0.5120172500610352,0.0010878602042794228,0.5131050944328308
4569,0.5120170712471008,0.00108786066994071,0.5131049156188965
4570,0.512016773223877,0.001087860786356032,0.5131046175956726
4571,0.5120165944099426,0.001087860087864101,0.5131044387817383
4572,0.5120163559913635,0.001087859971448779,0.5131042003631592
4573,0.5120161771774292,0.0010878598550334573,0.5131040215492249
4574,0.5120159983634949,0.0010878598550334573,0.5131038427352905
4575,0.5120157599449158,0.0010878597386181355,0.5131036043167114
4576,0.5120155811309814,0.0010878596222028136,0.5131034255027771
4577,0.5120153427124023,0.001087860087864101,0.513103187084198
4578,0.512015163898468,0.0010878598550334573,0.5131030082702637
4579,0.5120149850845337,0.0010878603206947446,0.5131028294563293
4580,0.5120146870613098,0.0010878603206947446,0.5131025314331055
4581,0.5120145678520203,0.0010878596222028136,0.5131024122238159
4582,0.5120143294334412,0.0010878596222028136,0.5131021738052368
4583,0.5120140910148621,0.0010878597386181355,0.5131019353866577
4584,0.512013852596283,0.0010878596222028136,0.5131016969680786
4585,0.5120137333869934,0.0010878597386181355,0.5131015777587891
4586,0.5120134949684143,0.00108785938937217,0.51310133934021
4587,0.5120133757591248,0.0010878590401262045,0.5131012201309204
4588,0.5120131373405457,0.0010878592729568481,0.5131009817123413
4589,0.5120129585266113,0.0010878592729568481,0.513100802898407
4590,0.5120127201080322,0.0010878602042794228,0.5131005644798279
4591,0.5120125412940979,0.0010878596222028136,0.5131003856658936
4592,0.5120123028755188,0.0010878584580495954,0.5131001472473145
4593,0.5120121240615845,0.0010878590401262045,0.5130999684333801
4594,0.5120119452476501,0.0010878592729568481,0.5130997896194458
4595,0.5120117664337158,0.0010878596222028136,0.5130996108055115
4596,0.5120115876197815,0.0010878596222028136,0.5130994319915771
4597,0.5120113492012024,0.00108785938937217,0.513099193572998
4598,0.5120111703872681,0.0010878590401262045,0.5130990147590637
4599,0.5120109915733337,0.0010878590401262045,0.5130988359451294
4600,0.5120108127593994,0.0010878584580495954,0.5130986571311951
4601,0.5120106339454651,0.0010878589237108827,0.5130984783172607
4602,0.5120104551315308,0.001087858690880239,0.5130982995033264
4603,0.5120102763175964,0.0010878589237108827,0.5130981206893921
4604,0.5120100378990173,0.001087857992388308,0.513097882270813
4605,0.512009859085083,0.0010878596222028136,0.5130977034568787
4606,0.5120096802711487,0.001087858690880239,0.5130975246429443
4607,0.5120095014572144,0.0010878589237108827,0.51309734582901
4608,0.51200932264328,0.0010878592729568481,0.5130971670150757
4609,0.5120091438293457,0.0010878588072955608,0.5130969882011414
4610,0.5120089650154114,0.0010878589237108827,0.513096809387207
4611,0.512008786201477,0.0010878591565415263,0.5130966305732727
4612,0.5120086073875427,0.0010878589237108827,0.5130964517593384
4613,0.5120084285736084,0.001087858690880239,0.513096272945404
4614,0.5120082497596741,0.0010878589237108827,0.5130960941314697
4615,0.5120080709457397,0.0010878588072955608,0.5130959153175354
4616,0.5120078921318054,0.0010878589237108827,0.5130957365036011
4617,0.5120077729225159,0.0010878577595576644,0.5130956172943115
4618,0.5120075345039368,0.0010878585744649172,0.5130953788757324
4619,0.5120074152946472,0.0010878583416342735,0.5130952596664429
4620,0.5120072364807129,0.0010878583416342735,0.5130950808525085
4621,0.5120070576667786,0.001087858690880239,0.5130949020385742
4622,0.5120068788528442,0.0010878584580495954,0.5130947232246399
4623,0.5120067000389099,0.0010878581088036299,0.5130945444107056
4624,0.5120065808296204,0.0010878578759729862,0.513094425201416
4625,0.5120063424110413,0.0010878582252189517,0.5130941867828369
4626,0.5120062232017517,0.0010878590401262045,0.5130940675735474
4627,0.5120060443878174,0.0010878592729568481,0.513093888759613
4628,0.5120059251785278,0.0010878585744649172,0.5130937695503235
4629,0.5120057463645935,0.0010878588072955608,0.5130935907363892
4630,0.5120055675506592,0.0010878591565415263,0.5130934119224548
4631,0.5120053887367249,0.0010878595057874918,0.5130932331085205
4632,0.5120052099227905,0.0010878592729568481,0.5130930542945862
4633,0.5120050311088562,0.0010878592729568481,0.5130928754806519
4634,0.5120049118995667,0.0010878591565415263,0.5130927562713623
4635,0.5120047330856323,0.0010878591565415263,0.513092577457428
4636,0.5120046138763428,0.0010878591565415263,0.5130924582481384
4637,0.5120044350624084,0.0010878590401262045,0.5130922794342041
4638,0.5120043158531189,0.0010878591565415263,0.5130921602249146
4639,0.5120041370391846,0.001087860087864101,0.5130919814109802
4640,0.5120039582252502,0.001087861368432641,0.5130918025970459
4641,0.5120038390159607,0.0010878603206947446,0.5130916833877563
4642,0.5120036602020264,0.0010878603206947446,0.513091504573822
4643,0.512003481388092,0.0010878597386181355,0.5130913257598877
4644,0.5120033621788025,0.0010878603206947446,0.5130912065505981
4645,0.5120031833648682,0.0010878603206947446,0.5130910277366638
4646,0.5120030641555786,0.001087860087864101,0.5130909085273743
4647,0.5120028853416443,0.0010878603206947446,0.5130907297134399
4648,0.5120027661323547,0.0010878609027713537,0.5130906105041504
4649,0.5120026469230652,0.0010878616012632847,0.5130904912948608
4650,0.5120024681091309,0.001087862066924572,0.5130903124809265
4651,0.5120023488998413,0.0010878609027713537,0.513090193271637
4652,0.5120022296905518,0.0010878616012632847,0.5130900740623474
4653,0.5120020508766174,0.001087861368432641,0.5130898952484131
4654,0.5120018720626831,0.0010878616012632847,0.5130897164344788
4655,0.5120017528533936,0.0010878614848479629,0.5130895972251892
4656,0.512001633644104,0.0010878618340939283,0.5130894780158997
4657,0.5120014548301697,0.001087862066924572,0.5130892992019653
4658,0.5120013356208801,0.0010878612520173192,0.5130891799926758
4659,0.5120011568069458,0.0010878621833398938,0.5130890011787415
4660,0.5120010375976562,0.001087862765416503,0.5130888819694519
4661,0.5120008587837219,0.0010878625325858593,0.5130887031555176
4662,0.5120007991790771,0.001087863347493112,0.5130886435508728
4663,0.5120006203651428,0.0010878635803237557,0.5130884647369385
4664,0.5120005011558533,0.0010878629982471466,0.5130883455276489
4665,0.5120003819465637,0.0010878638131543994,0.5130882263183594
4666,0.5120002031326294,0.0010878639295697212,0.513088047504425
4667,0.5120001435279846,0.001087863347493112,0.5130879878997803
4668,0.5119999647140503,0.001087864744476974,0.513087809085846
4669,0.5119998455047607,0.001087863347493112,0.5130876898765564
4670,0.5119996666908264,0.0010878639295697212,0.5130875110626221
4671,0.5119995474815369,0.0010878645116463304,0.5130873918533325
4672,0.5119994282722473,0.0010878655593842268,0.513087272644043
4673,0.5119993090629578,0.0010878649773076177,0.5130871534347534
4674,0.5119991302490234,0.0010878655593842268,0.5130869746208191
4675,0.5119990110397339,0.0010878650937229395,0.5130868554115295
4676,0.5119989514350891,0.0010878649773076177,0.5130867958068848
4677,0.5119987726211548,0.0010878663742914796,0.5130866169929504
4678,0.51199871301651,0.0010878649773076177,0.5130865573883057
4679,0.5119985342025757,0.001087865442968905,0.5130863785743713
4680,0.5119984149932861,0.0010878659086301923,0.5130862593650818
4681,0.5119982957839966,0.0010878675384446979,0.5130861401557922
4682,0.511998176574707,0.0010878675384446979,0.5130860209465027
4683,0.5119980573654175,0.0010878670727834105,0.5130859017372131
4684,0.5119979381561279,0.0010878677712753415,0.5130857825279236
4685,0.5119978189468384,0.0010878670727834105,0.513085663318634
4686,0.5119976997375488,0.0010878671891987324,0.5130855441093445
4687,0.5119975805282593,0.0010878677712753415,0.5130854249000549
4688,0.5119974613189697,0.0010878676548600197,0.5130853056907654
4689,0.5119973421096802,0.0010878678876906633,0.5130851864814758
4690,0.5119972229003906,0.001087868120521307,0.5130850672721863
4691,0.5119971036911011,0.0010878684697672725,0.5130849480628967
4692,0.5119969844818115,0.001087868819013238,0.5130848288536072
4693,0.511996865272522,0.0010878683533519506,0.5130847096443176
4694,0.5119967460632324,0.0010878696339204907,0.5130845904350281
4695,0.5119966268539429,0.0010878690518438816,0.5130844712257385
4696,0.5119965076446533,0.0010878692846745253,0.513084352016449
4697,0.5119963884353638,0.001087869517505169,0.5130842328071594
4698,0.511996328830719,0.0010878697503358126,0.5130841732025146
4699,0.5119961500167847,0.0010878691682592034,0.5130839943885803
4700,0.5119960904121399,0.0010878703324124217,0.5130839347839355
4701,0.5119959115982056,0.0010878704488277435,0.5130837559700012
4702,0.5119958519935608,0.0010878704488277435,0.5130836963653564
4703,0.511995792388916,0.0010878712637349963,0.5130836367607117
4704,0.5119956135749817,0.0010878711473196745,0.5130834579467773
4705,0.5119955539703369,0.0010878710309043527,0.5130833983421326
4706,0.5119954347610474,0.0010878716129809618,0.513083279132843
4707,0.5119953155517578,0.0010878723114728928,0.5130831599235535
4708,0.511995255947113,0.001087872893549502,0.5130831003189087
4709,0.5119951367378235,0.0010878723114728928,0.5130829811096191
4710,0.5119950175285339,0.001087872078642249,0.5130828619003296
4711,0.5119949579238892,0.001087872078642249,0.5130828022956848
4712,0.5119948387145996,0.0010878731263801455,0.5130826830863953
4713,0.5119946599006653,0.0010878731263801455,0.5130825042724609
4714,0.5119946002960205,0.0010878737084567547,0.5130824446678162
4715,0.5119945406913757,0.001087874174118042,0.5130823850631714
4716,0.5119944214820862,0.0010878735920414329,0.5130822658538818
4717,0.5119943022727966,0.0010878735920414329,0.5130821466445923
4718,0.5119942426681519,0.0010878742905333638,0.5130821466445923
4719,0.5119941234588623,0.0010878745233640075,0.5130820274353027
4720,0.5119940042495728,0.0010878753382712603,0.5130819082260132
4721,0.511993944644928,0.0010878759203478694,0.5130818486213684
4722,0.5119938254356384,0.0010878759203478694,0.5130817294120789
4723,0.5119937062263489,0.001087876153178513,0.5130816102027893
4724,0.5119936466217041,0.0010878758039325476,0.5130815505981445
4725,0.5119935274124146,0.0010878770845010877,0.513081431388855
4726,0.5119934678077698,0.0010878765024244785,0.5130813717842102
4727,0.511993408203125,0.0010878773173317313,0.5130813121795654
4728,0.5119932293891907,0.0010878766188398004,0.5130811333656311
4729,0.5119931697845459,0.0010878769680857658,0.5130810737609863
4730,0.5119931101799011,0.0010878773173317313,0.5130810141563416
4731,0.5119930505752563,0.0010878776665776968,0.5130809545516968
4732,0.5119929313659668,0.0010878773173317313,0.5130808353424072
4733,0.5119928121566772,0.0010878777829930186,0.5130807161331177
4734,0.5119927525520325,0.001087878248654306,0.5130806565284729
4735,0.5119926333427429,0.001087878132238984,0.5130805373191833
4736,0.5119925737380981,0.0010878784814849496,0.5130804777145386
4737,0.5119925141334534,0.0010878791799768806,0.5130804181098938
4738,0.5119923949241638,0.0010878792963922024,0.5130802989006042
4739,0.511992335319519,0.0010878791799768806,0.5130802392959595
4740,0.5119922161102295,0.001087880227714777,0.5130801200866699
4741,0.5119921565055847,0.0010878799948841333,0.5130800604820251
4742,0.5119920372962952,0.0010878799948841333,0.5130799412727356
4743,0.5119919776916504,0.0010878803441300988,0.5130798816680908
4744,0.5119919180870056,0.0010878805769607425,0.513079822063446
4745,0.5119917988777161,0.0010878801112994552,0.5130797028541565
4746,0.5119917392730713,0.0010878813918679953,0.5130796432495117
4747,0.5119916200637817,0.0010878808097913861,0.5130795240402222
4748,0.511991560459137,0.0010878811590373516,0.5130794644355774
4749,0.5119915008544922,0.0010878813918679953,0.5130794048309326
4750,0.5119914412498474,0.001087881624698639,0.5130793452262878
4751,0.5119913220405579,0.001087882206775248,0.5130792260169983
4752,0.5119912624359131,0.0010878811590373516,0.5130791664123535
4753,0.5119912028312683,0.0010878825560212135,0.5130791068077087
4754,0.5119910836219788,0.0010878824396058917,0.5130789875984192
4755,0.511991024017334,0.0010878845350816846,0.5130789279937744
4756,0.5119909048080444,0.0010878837201744318,0.5130788087844849
4757,0.5119909048080444,0.0010878839530050755,0.5130788087844849
4758,0.5119908452033997,0.0010878844186663628,0.5130787491798401
4759,0.5119907259941101,0.0010878847679123282,0.5130786299705505
4760,0.5119907259941101,0.001087885000742972,0.5130786299705505
4761,0.5119906067848206,0.0010878845350816846,0.513078510761261
4762,0.5119905471801758,0.0010878845350816846,0.5130784511566162
4763,0.5119904279708862,0.0010878845350816846,0.5130783319473267
4764,0.5119904279708862,0.0010878851171582937,0.5130783319473267
4765,0.5119903087615967,0.001087885582819581,0.5130782127380371
4766,0.5119902491569519,0.001087885000742972,0.5130781531333923
4767,0.5119901895523071,0.0010878865141421556,0.5130780935287476
4768,0.5119901299476624,0.0010878856992349029,0.5130780339241028
4769,0.5119900703430176,0.0010878870962187648,0.513077974319458
4770,0.511989951133728,0.0010878868633881211,0.5130778551101685
4771,0.5119898915290833,0.001087886281311512,0.5130777955055237
4772,0.5119898319244385,0.0010878872126340866,0.5130777359008789
4773,0.5119898319244385,0.0010878877947106957,0.5130777359008789
4774,0.5119897127151489,0.0010878879111260176,0.5130776166915894
4775,0.5119896531105042,0.0010878877947106957,0.5130775570869446
4776,0.5119895935058594,0.0010878886096179485,0.5130774974822998
4777,0.5119895339012146,0.001087889657355845,0.513077437877655
4778,0.5119894742965698,0.0010878890752792358,0.5130773782730103
4779,0.511989414691925,0.0010878894245252013,0.5130773186683655
4780,0.5119893550872803,0.0010878893081098795,0.5130772590637207
4781,0.5119892954826355,0.0010878900066018105,0.5130771994590759
4782,0.5119892358779907,0.0010878905886784196,0.5130771398544312
4783,0.5119891166687012,0.0010878904722630978,0.5130770206451416
4784,0.5119891166687012,0.0010878904722630978,0.5130770206451416
4785,0.5119890570640564,0.0010878912871703506,0.5130769610404968
4786,0.5119889974594116,0.0010878912871703506,0.513076901435852
4787,0.5119889378547668,0.0010878911707550287,0.5130768418312073
4788,0.5119888782501221,0.0010878917528316379,0.5130767822265625
4789,0.5119888186454773,0.0010878914035856724,0.5130767226219177
4790,0.5119886994361877,0.0010878929169848561,0.5130766034126282
4791,0.5119886994361877,0.0010878925677388906,0.5130766034126282
4792,0.511988639831543,0.0010878921020776033,0.5130765438079834
4793,0.511988639831543,0.0010878929169848561,0.5130765438079834
4794,0.5119885206222534,0.001087893033400178,0.5130764245986938
4795,0.5119884610176086,0.001087893731892109,0.5130763649940491
4796,0.5119884014129639,0.0010878941975533962,0.5130763053894043
4797,0.5119884014129639,0.001087894313968718,0.5130763053894043
4798,0.5119883418083191,0.001087894313968718,0.5130762457847595
4799,0.5119882822036743,0.001087894313968718,0.5130761861801147
4800,0.5119882225990295,0.0010878951288759708,0.51307612657547
4801,0.5119881629943848,0.0010878952452912927,0.5130760669708252
4802,0.51198810338974,0.0010878958273679018,0.5130760073661804
4803,0.5119880437850952,0.0010878948960453272,0.5130759477615356
4804,0.5119880437850952,0.0010878968751057982,0.5130759477615356
4805,0.5119879841804504,0.0010878968751057982,0.5130758881568909
4806,0.5119879245758057,0.0010878965258598328,0.5130758285522461
4807,0.5119878649711609,0.0010878966422751546,0.5130757689476013
4808,0.5119878649711609,0.00108789699152112,0.5130757689476013
4809,0.5119878053665161,0.00108789699152112,0.5130757093429565
4810,0.5119876861572266,0.001087897690013051,0.513075590133667
4811,0.5119876861572266,0.0010878974571824074,0.513075590133667
4812,0.5119876265525818,0.0010878975735977292,0.5130755305290222
4813,0.5119876265525818,0.0010878980392590165,0.5130755305290222
4814,0.511987566947937,0.0010878985049203038,0.5130754709243774
4815,0.5119875073432922,0.0010878982720896602,0.5130754113197327
4816,0.5119874477386475,0.001087898388504982,0.5130753517150879
4817,0.5119873881340027,0.0010878987377509475,0.5130752921104431
4818,0.5119873881340027,0.0010878993198275566,0.5130752921104431
4819,0.5119873285293579,0.0010878993198275566,0.5130752325057983
4820,0.5119873285293579,0.0010878995526582003,0.5130752325057983
4821,0.5119872093200684,0.0010878992034122348,0.5130751132965088
4822,0.5119872093200684,0.001087900367565453,0.5130751132965088
4823,0.5119872093200684,0.0010879007168114185,0.5130751132965088
4824,0.5119870901107788,0.0010879001347348094,0.5130749940872192
4825,0.5119870901107788,0.0010879004839807749,0.5130749940872192
4826,0.511987030506134,0.0010879008332267404,0.5130749344825745
4827,0.511987030506134,0.001087901066057384,0.5130749344825745
4828,0.5119869709014893,0.0010879011824727058,0.5130748748779297
4829,0.5119869112968445,0.001087901066057384,0.5130748152732849
4830,0.5119869112968445,0.0010879019973799586,0.5130748152732849
4831,0.5119869112968445,0.0010879022302106023,0.5130748152732849
4832,0.5119867920875549,0.0010879025794565678,0.5130746960639954
4833,0.5119867920875549,0.0010879025794565678,0.5130746960639954
4834,0.5119867324829102,0.001087903161533177,0.5130746364593506
4835,0.5119867324829102,0.0010879029287025332,0.5130746364593506
4836,0.5119866728782654,0.0010879029287025332,0.5130745768547058
4837,0.5119866728782654,0.001087903743609786,0.5130745768547058
4838,0.5119866132736206,0.0010879036271944642,0.513074517250061
4839,0.5119866132736206,0.0010879032779484987,0.513074517250061
4840,0.511986494064331,0.0010879042092710733,0.5130743980407715
4841,0.511986494064331,0.001087903743609786,0.5130743980407715
4842,0.5119864344596863,0.0010879039764404297,0.5130743384361267
4843,0.5119864344596863,0.001087904442101717,0.5130743384361267
4844,0.5119863748550415,0.0010879050241783261,0.5130742788314819
4845,0.5119863748550415,0.0010879053734242916,0.5130742788314819
4846,0.5119863748550415,0.0010879054898396134,0.5130742788314819
4847,0.5119863152503967,0.0010879060719162226,0.5130742192268372
4848,0.5119863152503967,0.001087906421162188,0.5130742192268372
4849,0.5119861960411072,0.0010879067704081535,0.5130741000175476
4850,0.5119861960411072,0.0010879060719162226,0.5130741000175476
4851,0.5119861960411072,0.0010879070032387972,0.5130741000175476
4852,0.5119861364364624,0.0010879075853154063,0.5130740404129028
4853,0.5119861364364624,0.0010879089822992682,0.5130740404129028
4854,0.5119861364364624,0.0010879086330533028,0.5130740404129028
4855,0.5119861364364624,0.0010879082838073373,0.5130740404129028
4856,0.5119860768318176,0.0010879086330533028,0.5130739808082581
4857,0.5119860172271729,0.001087909215129912,0.5130739212036133
4858,0.5119860172271729,0.0010879095643758774,0.5130739212036133
4859,0.5119860172271729,0.0010879099136218429,0.5130739212036133
4860,0.5119858980178833,0.0010879096807911992,0.5130738019943237
4861,0.5119858980178833,0.0010879099136218429,0.5130738019943237
4862,0.5119858980178833,0.0010879109613597393,0.5130738019943237
4863,0.5119858980178833,0.0010879109613597393,0.5130738019943237
4864,0.5119858384132385,0.001087911194190383,0.513073742389679
4865,0.5119858384132385,0.0010879107285290956,0.513073742389679
4866,0.5119858384132385,0.0010879109613597393,0.513073742389679
4867,0.5119857788085938,0.0010879115434363484,0.5130736827850342
4868,0.5119857788085938,0.0010879114270210266,0.5130736827850342
4869,0.511985719203949,0.0010879107285290956,0.5130736231803894
4870,0.511985719203949,0.0010879114270210266,0.5130736231803894
4871,0.511985719203949,0.0010879116598516703,0.5130736231803894
4872,0.511985719203949,0.001087911892682314,0.5130736231803894
4873,0.5119856595993042,0.001087911776266992,0.5130735635757446
4874,0.5119855999946594,0.0010879121255129576,0.5130735039710999
4875,0.5119855999946594,0.0010879123583436012,0.5130735039710999
4876,0.5119855999946594,0.0010879122419282794,0.5130735039710999
4877,0.5119855403900146,0.0010879132896661758,0.5130734443664551
4878,0.5119855403900146,0.0010879125911742449,0.5130734443664551
4879,0.5119855403900146,0.0010879136389121413,0.5130734443664551
4880,0.5119854807853699,0.0010879137553274632,0.5130733847618103
4881,0.5119854807853699,0.0010879132896661758,0.5130733847618103
4882,0.5119854807853699,0.0010879141045734286,0.5130733847618103
4883,0.5119854211807251,0.0010879142209887505,0.5130733251571655
4884,0.5119854211807251,0.0010879135224968195,0.5130733251571655
4885,0.5119854211807251,0.0010879139881581068,0.5130733251571655
4886,0.5119854211807251,0.0010879149194806814,0.5130733251571655
4887,0.5119854211807251,0.0010879153851419687,0.5130733251571655
4888,0.5119853615760803,0.0010879155015572906,0.5130732655525208
4889,0.5119853615760803,0.0010879153851419687,0.5130732655525208
4890,0.5119853019714355,0.0010879155015572906,0.513073205947876
4891,0.5119853019714355,0.001087916549295187,0.513073205947876
4892,0.5119853019714355,0.0010879160836338997,0.513073205947876
4893,0.5119853019714355,0.0010879159672185779,0.513073205947876
4894,0.5119853019714355,0.0010879168985411525,0.513073205947876
4895,0.5119852423667908,0.001087917247787118,0.5130731463432312
4896,0.5119852423667908,0.0010879167821258307,0.5130731463432312
4897,0.511985182762146,0.0010879167821258307,0.5130730867385864
4898,0.511985182762146,0.0010879159672185779,0.5130730867385864
4899,0.511985182762146,0.0010879164328798652,0.5130730867385864
4900,0.511985182762146,0.0010879164328798652,0.5130730867385864
4901,0.511985182762146,0.0010879166657105088,0.5130730867385864
4902,0.5119851231575012,0.001087916549295187,0.5130730271339417
4903,0.5119851231575012,0.0010879167821258307,0.5130730271339417
4904,0.5119851231575012,0.001087916549295187,0.5130730271339417
4905,0.5119851231575012,0.001087917247787118,0.5130730271339417
4906,0.5119851231575012,0.0010879167821258307,0.5130730271339417
4907,0.5119851231575012,0.0010879166657105088,0.5130730271339417
4908,0.5119851231575012,0.0010879164328798652,0.5130730271339417
4909,0.5119850635528564,0.0010879170149564743,0.5130729675292969
4910,0.5119850039482117,0.0010879167821258307,0.5130729079246521
4911,0.5119850039482117,0.0010879175970330834,0.5130729079246521
4912,0.5119850039482117,0.0010879166657105088,0.5130729079246521
4913,0.5119850039482117,0.0010879177134484053,0.5130729079246521
4914,0.5119850039482117,0.0010879173642024398,0.5130729079246521
4915,0.5119850039482117,0.0010879182955250144,0.5130729079246521
4916,0.5119850039482117,0.0010879187611863017,0.5130729079246521
4917,0.5119849443435669,0.0010879186447709799,0.5130728483200073
4918,0.5119849443435669,0.001087919226847589,0.5130728483200073
4919,0.5119849443435669,0.0010879196925088763,0.5130728483200073
4920,0.5119849443435669,0.0010879195760935545,0.5130728483200073
4921,0.5119849443435669,0.00108791992533952,0.5130728483200073
4922,0.5119849443435669,0.0010879194596782327,0.5130728483200073
4923,0.5119849443435669,0.0010879198089241982,0.5130728483200073
4924,0.5119849443435669,0.0010879205074161291,0.5130728483200073
4925,0.5119849443435669,0.0010879196925088763,0.5130728483200073
4926,0.5119848847389221,0.0010879203910008073,0.5130727887153625
4927,0.5119848847389221,0.0010879209730774164,0.5130727887153625
4928,0.5119848847389221,0.0010879207402467728,0.5130727887153625
4929,0.5119848847389221,0.0010879210894927382,0.5130727887153625
4930,0.5119848847389221,0.001087920623831451,0.5130727887153625
4931,0.5119848847389221,0.0010879215551540256,0.5130727887153625
4932,0.5119848847389221,0.001087921904399991,0.5130727887153625
4933,0.5119848847389221,0.0010879214387387037,0.5130727887153625
4934,0.5119848847389221,0.0010879215551540256,0.5130727887153625
4935,0.5119848847389221,0.001087921904399991,0.5130727887153625
4936,0.5119848847389221,0.0010879217879846692,0.5130727887153625
4937,0.5119848847389221,0.0010879223700612783,0.5130727887153625
4938,0.5119848847389221,0.001087922602891922,0.5130727887153625
4939,0.5119848251342773,0.0010879222536459565,0.5130727291107178
4940,0.5119848251342773,0.0010879227193072438,0.5130727291107178
4941,0.5119848251342773,0.0010879228357225657,0.5130727291107178
4942,0.5119848251342773,0.0010879230685532093,0.5130727291107178
4943,0.5119848251342773,0.0010879222536459565,0.5130727291107178
4944,0.5119848251342773,0.0010879220208153129,0.5130727291107178
4945,0.5119848251342773,0.0010879220208153129,0.5130727291107178
4946,0.5119848251342773,0.0010879227193072438,0.5130727291107178
4947,0.5119848251342773,0.0010879220208153129,0.5130727291107178
4948,0.5119848251342773,0.001087921904399991,0.5130727291107178
4949,0.5119848251342773,0.0010879210894927382,0.5130727291107178
4950,0.5119848251342773,0.0010879221372306347,0.5130727291107178
4951,0.5119848251342773,0.0010879215551540256,0.5130727291107178
4952,0.5119848251342773,0.0010879224864766002,0.5130727291107178
4953,0.5119848251342773,0.0010879217879846692,0.5130727291107178
4954,0.5119848251342773,0.0010879216715693474,0.5130727291107178
4955,0.5119848251342773,0.0010879224864766002,0.5130727291107178
4956,0.5119847655296326,0.001087921904399991,0.513072669506073
4957,0.5119847059249878,0.0010879227193072438,0.5130726099014282
4958,0.5119848251342773,0.0010879221372306347,0.5130727291107178
4959,0.5119848251342773,0.0010879220208153129,0.5130727291107178
4960,0.5119847059249878,0.001087921904399991,0.5130726099014282
4961,0.5119848251342773,0.0010879220208153129,0.5130727291107178
4962,0.5119847059249878,0.0010879216715693474,0.5130726099014282
4963,0.5119847059249878,0.001087921322323382,0.5130726099014282
4964,0.5119847655296326,0.0010879210894927382,0.513072669506073
4965,0.5119847655296326,0.0010879205074161291,0.513072669506073
4966,0.5119847059249878,0.0010879203910008073,0.5130726099014282
4967,0.5119847059249878,0.0010879189940169454,0.5130726099014282
4968,0.5119847059249878,0.0010879193432629108,0.5130726099014282
4969,0.5119847059249878,0.00108791992533952,0.5130726099014282
4970,0.5119847059249878,0.0010879198089241982,0.5130726099014282
4971,0.5119847059249878,0.0010879187611863017,0.5130726099014282
4972,0.5119847059249878,0.001087919226847589,0.5130726099014282
4973,0.5119847059249878,0.0010879193432629108,0.5130726099014282
4974,0.5119847059249878,0.0010879189940169454,0.5130726099014282
4975,0.5119847059249878,0.0010879188776016235,0.5130726099014282
4976,0.5119847059249878,0.0010879187611863017,0.5130726099014282
4977,0.5119847059249878,0.0010879188776016235,0.5130726099014282
4978,0.5119847059249878,0.0010879182955250144,0.5130726099014282
4979,0.5119847059249878,0.0010879184119403362,0.5130726099014282
4980,0.5119847059249878,0.0010879181791096926,0.5130726099014282
4981,0.5119847059249878,0.0010879180626943707,0.5130726099014282
4982,0.5119847059249878,0.001087917829863727,0.5130726099014282
4983,0.5119847059249878,0.001087917829863727,0.5130726099014282
4984,0.5119847059249878,0.0010879173642024398,0.5130726099014282
4985,0.5119847059249878,0.0010879173642024398,0.5130726099014282
4986,0.5119847059249878,0.0010879173642024398,0.5130726099014282
4987,0.5119847059249878,0.001087917247787118,0.5130726099014282
4988,0.5119847059249878,0.001087917247787118,0.5130726099014282
4989,0.5119847059249878,0.001087917247787118,0.5130726099014282
4990,0.5119847059249878,0.001087917247787118,0.5130726099014282
4991,0.5119847059249878,0.001087917247787118,0.5130726099014282
4992,0.5119847059249878,0.0010879173642024398,0.5130726099014282
4993,0.5119847059249878,0.001087917247787118,0.5130726099014282
4994,0.5119847059249878,0.001087917247787118,0.5130726099014282
4995,0.5119847059249878,0.001087917247787118,0.5130726099014282
4996,0.5119847059249878,0.001087917247787118,0.5130726099014282
4997,0.5119847059249878,0.001087917247787118,0.5130726099014282
4998,0.5119847059249878,0.001087917247787118,0.5130726099014282
4999,0.5119847059249878,0.001087917247787118,0.5130726099014282
5000,0.5119847059249878,0.001087917247787118,0.5130726099014282
