KRT17_x,KRT17_v,EMP1_x,EMP1_v,SLC4A4_x,SLC4A4_v,FAM3B_x,FAM3B_v,KRT17_orbit_x,KRT17_orbit_v,EMP1_orbit_x,EMP1_orbit_v,SLC4A4_orbit_x,SLC4A4_orbit_v,FAM3B_orbit_x,FAM3B_orbit_v
3.076072,-1.2717114686965942,0.0,0.6429916024208069,0.0,0.002164641860872507,0.0,0.0007333449902944267,0.14087657630443573,0.15258359909057617,0.11163704097270966,0.2747049331665039,0.6180842518806458,-0.363839328289032,0.4542863368988037,-0.15632599592208862
3.0161572,-1.2239426374435425,0.0,0.7487964034080505,0.0,0.0027541108429431915,0.0,0.0011077941162511706,0.14138981699943542,0.15427148342132568,0.11256205290555954,0.2784592807292938,0.6168570518493652,-0.3700563907623291,0.4537573754787445,-0.16006940603256226
2.4233491,-1.0016449689865112,1.3483952,0.25404810905456543,0.0,0.0020800638012588024,0.0,0.0006972504197619855,0.14190860092639923,0.155950129032135,0.113499715924263,0.2822307348251343,0.6156086921691895,-0.3764537572860718,0.4532155692577362,-0.1639094054698944
2.738161,-1.1362594366073608,2.7508337,-0.1622418761253357,0.0,0.0019269485492259264,0.0,0.000617551791947335,0.14243288338184357,0.157619446516037,0.11445001512765884,0.2860179543495178,0.614338755607605,-0.3830322027206421,0.4526609480381012,-0.1678464412689209
2.6557724,-1.100442886352539,0.0,0.5985767841339111,0.0,0.0019375376868993044,0.0,0.0006414977833628654,0.14296279847621918,0.15927812457084656,0.1154128909111023,0.2898196280002594,0.613046407699585,-0.38979169726371765,0.45209282636642456,-0.1718807816505432
0.0,0.10143405199050903,0.0,0.38506633043289185,2.6992671,-3.028066635131836,1.5910316,-1.2325873374938965,0.14349821209907532,0.16092589497566223,0.11638853698968887,0.29363441467285156,0.6117311716079712,-0.39673271775245667,0.451511025428772,-0.17601250112056732
2.777491,-1.1476961374282837,2.0950282,0.0702318549156189,0.0,0.00219818577170372,0.0,0.0007381098694168031,0.1440393179655075,0.16256223618984222,0.1173769012093544,0.29746100306510925,0.6103924512863159,-0.40385526418685913,0.4509153366088867,-0.18024137616157532
2.512067,-1.036955714225769,1.8787796,0.12727665901184082,0.0,0.0021244355011731386,0.0,0.0007227431051433086,0.1445857137441635,0.1641865372657776,0.11837826669216156,0.3012988567352295,0.6090296506881714,-0.4111585021018982,0.45030534267425537,-0.1845674216747284
0.0,0.09329472482204437,0.0,0.37845802307128906,0.0,0.0012842511059716344,0.0,0.0018500846344977617,0.1451374739408493,0.16579842567443848,0.11939238756895065,0.30514588952064514,0.6076421141624451,-0.4186416566371918,0.4496806859970093,-0.1889895647764206
2.4513526,-0.9261140823364258,0.0,0.9113695025444031,0.0,0.0028758379630744457,0.0,0.0012011463986709714,0.14569470286369324,0.1673971563577652,0.12041933089494705,0.3090011477470398,0.6062291264533997,-0.4263038635253906,0.44904109835624695,-0.1935076266527176
2.2996733,-0.945982038974762,1.5918143,0.21874967217445374,0.0,0.0021276473999023438,0.0,0.000742398202419281,0.1462571769952774,0.1689823865890503,0.12145914882421494,0.3128630816936493,0.6047903299331665,-0.43414413928985596,0.44838619232177734,-0.1981208324432373
2.5386224,-1.0515691041946411,2.3114629,-0.027804076671600342,0.84298617,-0.9440849423408508,0.0,0.0006482883472926915,0.1468248963356018,0.17055369913578033,0.12251202017068863,0.31673091650009155,0.6033250093460083,-0.4421602785587311,0.4477158188819885,-0.20282793045043945
2.3125715,-0.9492919445037842,1.959333,0.14721274375915527,0.0,0.002209128811955452,0.0,0.000814582861494273,0.1473979502916336,0.17211103439331055,0.12357790768146515,0.3206031918525696,0.6018325090408325,-0.45035064220428467,0.44702932238578796,-0.20762771368026733
2.5960248,-1.074660062789917,1.2150339,0.2762902081012726,0.0,0.0019713270012289286,0.0,0.0006547214579768479,0.14797623455524445,0.17365379631519318,0.12465664744377136,0.3244786560535431,0.6003124117851257,-0.45871272683143616,0.4463268518447876,-0.2125188708305359
2.4307115,-0.9930872321128845,0.0,0.7038606405258179,0.0,0.002533561550080776,0.0,0.0008958140970207751,0.14855952560901642,0.17518176138401031,0.12574832141399384,0.3283557891845703,0.5987640023231506,-0.46724432706832886,0.44560784101486206,-0.21749956905841827
0.0,0.16481424868106842,0.0,0.4161014258861542,2.5834944,-2.8981032371520996,0.0,0.0018141493201255798,0.1491479128599167,0.17669472098350525,0.12685297429561615,0.3322334885597229,0.5971868634223938,-0.47594183683395386,0.4448719024658203,-0.22256788611412048
2.6248734,-1.0683797597885132,0.0,0.702629029750824,0.0,0.002566617215052247,0.0,0.0009434539824724197,0.14974139630794525,0.17819270491600037,0.12797056138515472,0.3361107409000397,0.5955802798271179,-0.48480215668678284,0.44411900639533997,-0.22772206366062164
2.6474504,-1.0949093103408813,1.6196526,0.18595397472381592,0.0,0.002148345345631242,0.0,0.0007281036232598126,0.15033987164497375,0.1796751469373703,0.12910115718841553,0.3399861752986908,0.5939438939094543,-0.493821382522583,0.4433485269546509,-0.23295937478542328
0.0,0.22689931094646454,0.0,0.48388877511024475,0.0,0.0010064542293548584,0.0,0.0016337393317371607,0.1509433090686798,0.1811426877975464,0.13024471700191498,0.3438583016395569,0.592276930809021,-0.502995491027832,0.442560613155365,-0.2382773756980896
0.0,0.4743567109107971,1.4431757,0.37303590774536133,2.0197842,-2.2661609649658203,0.0,0.0009848987683653831,0.1515514999628067,0.18259480595588684,0.1314011812210083,0.34772634506225586,0.5905791521072388,-0.5123199224472046,0.44175460934638977,-0.24367347359657288
2.511881,-1.0409126281738281,2.1495888,0.008758127689361572,0.0,0.001883281976915896,0.0,0.0006162413046695292,0.1521645486354828,0.18403160572052002,0.13257081806659698,0.35158926248550415,0.5888499617576599,-0.52178955078125,0.4409305155277252,-0.24914458394050598
2.1375358,-0.8811566829681396,0.0,0.628661036491394,0.0,0.002356016542762518,0.0,0.0007951673469506204,0.15278244018554688,0.18545326590538025,0.13375306129455566,0.355444997549057,0.5870888233184814,-0.5313993692398071,0.4400881230831146,-0.2546873390674591
1.9621345,-0.8057442903518677,1.5523108,0.237677663564682,0.0,0.002087796339765191,0.0,0.0007273888913914561,0.1534050703048706,0.18686021864414215,0.13494819402694702,0.35929304361343384,0.5852953195571899,-0.5411437153816223,0.4392269551753998,-0.26029831171035767
2.5892186,-1.0684059858322144,0.0,0.6410118341445923,0.0,0.0021912867669016123,0.0,0.0007532381569035351,0.15403242409229279,0.1882522702217102,0.13615624606609344,0.36313241720199585,0.5834689736366272,-0.5510159134864807,0.43834689259529114,-0.26597386598587036
2.2724814,-0.9359615445137024,1.5142384,0.2247128188610077,0.0,0.0021779644303023815,0.0,0.0007653883076272905,0.1546642780303955,0.18963003158569336,0.137377068400383,0.3669615089893341,0.5816093683242798,-0.5610100030899048,0.43744778633117676,-0.2717098593711853
2.0948281,-0.8556477427482605,0.0,0.6895970106124878,0.0,0.0023070168681442738,0.0,0.0008376903715543449,0.1553008258342743,0.1909938007593155,0.13861083984375,0.370779812335968,0.5797162652015686,-0.5711186528205872,0.4365294277667999,-0.27750226855278015
2.5309796,-1.0438971519470215,1.6592441,0.1935913860797882,0.0,0.0021808191668242216,0.0,0.0007540719816461205,0.15594178438186646,0.19234371185302734,0.13985729217529297,0.37458568811416626,0.5777891278266907,-0.5813347101211548,0.435591459274292,-0.28334635496139526
2.6562943,-1.0831453800201416,0.0,0.7342061400413513,0.0,0.002554608043283224,0.0,0.0009434539824724197,0.1565874069929123,0.1936807781457901,0.14111636579036713,0.3783782720565796,0.5758275985717773,-0.5916503667831421,0.43463394045829773,-0.289237916469574
2.8667269,-1.1899007558822632,2.7756004,-0.1690964698791504,0.0,0.00194193993229419,0.0,0.0006262486567720771,0.15723732113838196,0.19500520825386047,0.1423882246017456,0.38215702772140503,0.5738314986228943,-0.6020569205284119,0.4336567223072052,-0.295171856880188
2.2435098,-0.9265412092208862,1.4809347,0.2153547704219818,0.0,0.0020113016944378614,0.0,0.0006771179032512009,0.1578916758298874,0.1963176131248474,0.1436726152896881,0.38592004776000977,0.5718003511428833,-0.6125463247299194,0.4326595962047577,-0.30114293098449707
2.1941452,-0.9046966433525085,0.91218865,0.38106685876846313,0.0,0.002079706871882081,0.0,0.0007122601964510977,0.15855050086975098,0.19761888682842255,0.14496959745883942,0.38966691493988037,0.5697341561317444,-0.6231095194816589,0.4316423535346985,-0.3071460723876953
1.857784,-0.754914402961731,0.0,0.6995832920074463,0.0,0.002333182143047452,0.0,0.0008490057080052793,0.1592135727405548,0.19890929758548737,0.1462792158126831,0.3933964669704437,0.5676323771476746,-0.6337368488311768,0.43060502409935,-0.31317535042762756
2.758736,8.265132904052734,1.491412,5.923284530639648,1.491412,-1.6735999584197998,0.0,0.0001401803019689396,0.15988107025623322,0.20019036531448364,0.14760109782218933,0.39710748195648193,0.5654950141906738,-0.6444181203842163,0.42954757809638977,-0.31922510266304016
1.740932,-0.7118684649467468,1.8245019,0.1664676070213318,0.0,0.002193189924582839,0.0,0.0007819455349817872,0.16055259108543396,0.20146265625953674,0.14893531799316406,0.4007992744445801,0.5633218288421631,-0.6551436185836792,0.428469717502594,-0.3252895474433899
2.7520895,-1.1414331197738647,1.577036,0.16163799166679382,0.0,0.0018908970523625612,0.0,0.0006140968762338161,0.16122853755950928,0.2027273029088974,0.15028192102909088,0.4044709801673889,0.5611127018928528,-0.6659024953842163,0.42737168073654175,-0.331362247467041
0.0,0.3815121352672577,0.0,0.6718167066574097,2.2525256,-2.526475429534912,0.0,0.002249212935566902,0.1619085818529129,0.20398494601249695,0.15164093673229218,0.40812185406684875,0.5588676333427429,-0.6766836643218994,0.4262533187866211,-0.3374366760253906
2.8569674,-1.1854745149612427,1.8221881,0.09145662188529968,0.0,0.0018920868169516325,0.0,0.0006140968762338161,0.1625930368900299,0.20523741841316223,0.15301182866096497,0.41175007820129395,0.5565863847732544,-0.6874760389328003,0.42511460185050964,-0.3435065746307373
1.8995299,-0.772156298160553,1.7827603,0.2122793197631836,0.0,0.002506688004359603,0.0,0.0009478605352342129,0.16328147053718567,0.20648539066314697,0.15439492464065552,0.4153558313846588,0.5542691349983215,-0.6982669830322266,0.42395561933517456,-0.34956473112106323
2.6956518,-1.1147446632385254,0.0,0.626521646976471,0.0,0.0020712607074528933,0.0,0.0007039214833639562,0.16397419571876526,0.2077304720878601,0.15579009056091309,0.4189373850822449,0.5519157648086548,-0.7090453505516052,0.42277640104293823,-0.35560449957847595
2.3580222,-0.9762779474258423,1.7938398,0.11226823925971985,0.0,0.0019417019793763757,0.0,0.000636255950666964,0.16467098891735077,0.2089737504720688,0.15719717741012573,0.4224945902824402,0.5495263934135437,-0.7197977304458618,0.4215770363807678,-0.36161839962005615
2.971363,-1.2235928773880005,2.4441535,0.008682429790496826,0.0,0.0023449561558663845,0.0,0.000802075956016779,0.16537193953990936,0.2102169692516327,0.15861612558364868,0.4260261356830597,0.5471010804176331,-0.7305117845535278,0.42035749554634094,-0.36759915947914124
2.1895201,-0.8983766436576843,0.0,0.6614556312561035,0.0,0.0022715735249221325,0.0,0.0007996936910785735,0.1660771518945694,0.21146199107170105,0.16004686057567596,0.42953139543533325,0.5446399450302124,-0.7411743998527527,0.41911813616752625,-0.37353941798210144
2.1052852,-0.870447039604187,1.6753234,0.14862704277038574,0.0,0.0019370617810636759,0.6252101,-0.484373539686203,0.16678640246391296,0.21270987391471863,0.16148924827575684,0.4330093264579773,0.5421434640884399,-0.7517722249031067,0.4178590178489685,-0.3794316053390503
1.0078983,1.9103144407272339,0.0,1.7382253408432007,1.5228245,-1.7085466384887695,1.3376472,-1.0368168354034424,0.16749988496303558,0.21396292746067047,0.16294313967227936,0.436459481716156,0.5396115183830261,-0.7622910737991333,0.4165801703929901,-0.38526755571365356
0.0,9.602249145507812,1.6046702,5.342654705047607,1.6046702,-1.800658106803894,0.0,0.0003251500893384218,0.1682177037000656,0.215223029255867,0.16440866887569427,0.4398810863494873,0.5370446443557739,-0.7727171778678894,0.4152820408344269,-0.3910396993160248
3.0540497,-1.263682246208191,0.0,0.6368626952171326,0.0,0.002205798402428627,0.0,0.0007314390386454761,0.16893942654132843,0.2164919674396515,0.16588549315929413,0.4432733952999115,0.5344430208206177,-0.7830361127853394,0.4139645993709564,-0.3967399001121521
2.128235,-0.8779842853546143,1.7295572,0.15364497900009155,0.0,0.002014275873079896,0.0,0.0006759266252629459,0.16966576874256134,0.21777260303497314,0.1673736423254013,0.4466359615325928,0.531807005405426,-0.7932341694831848,0.4126283526420593,-0.40236008167266846
2.452956,-1.011636734008789,1.7592179,0.16168370842933655,0.0,0.0021437061950564384,0.0,0.000746448349673301,0.17039620876312256,0.21906673908233643,0.16887298226356506,0.44996803998947144,0.5291372537612915,-0.8032957315444946,0.411273330450058,-0.40789175033569336
2.8370275,-1.170237421989441,0.0,0.6427818536758423,0.0,0.0023142718710005283,0.0,0.0007956438348628581,0.17113113403320312,0.22037719190120697,0.17038343846797943,0.4532695412635803,0.5264340043067932,-0.8132065534591675,0.4099001884460449,-0.4133269786834717
1.9312122,-0.7888602018356323,2.4691267,0.0017487406730651855,0.0,0.0023826563265174627,0.0,0.000856509490404278,0.17187033593654633,0.22170649468898773,0.17190486192703247,0.4565398395061493,0.5236979126930237,-0.8229515552520752,0.4085087478160858,-0.41865697503089905
0.0,0.20277346670627594,0.0,0.4502519965171814,0.0,0.0010752854868769646,0.0,0.0016146968118846416,0.17261411249637604,0.22305764257907867,0.17343711853027344,0.4597785472869873,0.5209295153617859,-0.8325158357620239,0.40709981322288513,-0.4238737225532532
2.1799266,-0.8657727241516113,1.5827253,0.3516540825366974,0.0,0.0026688692159950733,0.0,0.0010981488740071654,0.17336253821849823,0.22443436086177826,0.17498022317886353,0.46298664808273315,0.5181294679641724,-0.8418837785720825,0.405673623085022,-0.4289686381816864
2.1860445,-0.9001067876815796,0.6805842,0.4506641626358032,0.0,0.0021550068631768227,0.0,0.0007391819381155074,0.17411532998085022,0.22583895921707153,0.17653395235538483,0.4661630094051361,0.5152984857559204,-0.851040244102478,0.404230535030365,-0.4339330494403839
1.9681586,11.283805847167969,0.9051458,6.684454917907715,1.2376559,-1.3887672424316406,0.0,0.0002240883477497846,0.17487305402755737,0.22727565467357635,0.17809835076332092,0.46930867433547974,0.512437105178833,-0.8599703311920166,0.40277132391929626,-0.4387589991092682
2.2976348,-0.9396464824676514,2.5665846,0.00500798225402832,0.0,0.0022393406834453344,0.0,0.0008394769974984229,0.17563559114933014,0.22874905169010162,0.1796732395887375,0.47242414951324463,0.5095463395118713,-0.8686585426330566,0.4012959599494934,-0.4434376358985901
2.31827,-0.9424331784248352,0.0,0.7223835587501526,0.0,0.002444376703351736,0.0,0.0008815216715447605,0.1764032542705536,0.23026269674301147,0.18125827610492706,0.4755100607872009,0.5066269636154175,-0.8770895004272461,0.3998052775859833,-0.44796043634414673
1.675493,-0.6698454022407532,1.4224385,0.35277602076530457,0.0,0.002465306082740426,0.0,0.0009491706150583923,0.17717581987380981,0.23182158172130585,0.18285392224788666,0.47856831550598145,0.5036798119544983,-0.8852481842041016,0.3982996642589569,-0.4523192346096039
1.8819498,-0.7690767049789429,1.4789035,0.26745688915252686,0.0,0.0023098711390048265,0.0,0.0008273277780972421,0.17795388400554657,0.23343077301979065,0.18445941805839539,0.48159947991371155,0.500705897808075,-0.8931193351745605,0.3967798948287964,-0.4565059542655945
0.0,0.2753996253013611,1.1847911,0.20312568545341492,1.8459464,-2.0709574222564697,0.85625505,-0.6630628705024719,0.17873741686344147,0.2350957840681076,0.18607519567012787,0.4846060574054718,0.49770617485046387,-0.9006880521774292,0.3952464461326599,-0.46051204204559326
1.5462627,7.013306140899658,0.0,5.080780982971191,1.5462627,-1.7351531982421875,1.7297778,-1.3416720628738403,0.17952661216259003,0.2368229478597641,0.18770092725753784,0.4875909090042114,0.49468162655830383,-0.9079386591911316,0.3936997652053833,-0.4643293023109436
1.5996199,-0.6611694693565369,2.011412,0.03671371936798096,0.0,0.0018321170937269926,0.0,0.000587767455726862,0.18032164871692657,0.23861853778362274,0.18933673202991486,0.4905565679073334,0.4916333258152008,-0.9148572683334351,0.3921406865119934,-0.4679500460624695
1.9645677,-0.7332919836044312,0.0,0.9055382609367371,0.0,0.002804277464747429,0.0,0.0011645924532786012,0.18112272024154663,0.2404906153678894,0.19098228216171265,0.4935072064399719,0.48856252431869507,-0.9214288592338562,0.39056992530822754,-0.47136640548706055
2.4775426,-1.0271364450454712,1.849425,0.08463364839553833,0.0,0.0018563910853117704,0.0,0.0006007535266689956,0.1819303184747696,0.24244675040245056,0.19263772666454315,0.4964468777179718,0.48547041416168213,-0.9276388883590698,0.3889879286289215,-0.4745703339576721
3.0599144,-1.2702901363372803,1.857702,0.08119767904281616,0.0,0.0018730491865426302,0.0,0.0006063529872335494,0.18274450302124023,0.2444961667060852,0.1943029761314392,0.49938127398490906,0.48235809803009033,-0.9334729909896851,0.3873957693576813,-0.4775545299053192
2.3743477,-0.9307341575622559,0.0,0.8191969394683838,0.0,0.0030556675046682358,0.0,0.0012288884026929736,0.1835656613111496,0.24664855003356934,0.19597801566123962,0.5023163557052612,0.47922682762145996,-0.9389176368713379,0.38579392433166504,-0.4803115725517273
2.7897108,-1.1527646780014038,2.5603733,-0.060498833656311035,0.0,0.0020843464881181717,0.0,0.0007095203618519008,0.1843944787979126,0.2489154040813446,0.19766296446323395,0.5052598714828491,0.4760780334472656,-0.943958044052124,0.38418319821357727,-0.48283421993255615
0.0,0.3217167258262634,2.9328446,-0.19575554132461548,3.266421,-3.665147304534912,0.0,0.0011525661684572697,0.18523094058036804,0.25130826234817505,0.19935768842697144,0.5082200169563293,0.4729132652282715,-0.948581337928772,0.3825644850730896,-0.4851156175136566
2.5248754,-1.0420098304748535,0.9991963,0.35632795095443726,0.0,0.002099454402923584,0.0,0.0007101159426383674,0.1860755980014801,0.25384047627449036,0.20106250047683716,0.5112067461013794,0.4697335362434387,-0.9527730941772461,0.3809385895729065,-0.4871487319469452
3.021227,11.654773712158203,2.1391017,6.721744060516357,0.0,0.00029738296871073544,0.0,0.00026651646476238966,0.18692903220653534,0.25652799010276794,0.20277716219425201,0.5142316818237305,0.466540664434433,-0.9565209150314331,0.3793063163757324,-0.48892757296562195
1.5748816,-0.34716272354125977,1.2374412,0.18364766240119934,2.214754,-2.484915018081665,1.5748816,-1.2205815315246582,0.1877916306257248,0.2593867778778076,0.20450231432914734,0.5173080563545227,0.46333593130111694,-0.9598109722137451,0.37766849994659424,-0.49044522643089294
2.4649208,-1.0179387331008911,0.7557182,0.4218432903289795,0.0,0.0020226037595421076,0.0,0.0006937957368791103,0.18866422772407532,0.2624357342720032,0.20623767375946045,0.5204505324363708,0.46012094616889954,-0.9626309275627136,0.3760260343551636,-0.49169620871543884
0.0,0.20241104066371918,0.0,0.44459593296051025,2.1140978,-2.371283531188965,0.0,0.0019080305937677622,0.1895473301410675,0.26569539308547974,0.2079835683107376,0.5236763954162598,0.456897497177124,-0.9649672508239746,0.37437987327575684,-0.49267441034317017
2.4482672,-1.001266598701477,1.7429775,0.21315452456474304,0.0,0.002372785471379757,0.0,0.0008557948167435825,0.19044175744056702,0.26918986439704895,0.209740549325943,0.527005672454834,0.4536670446395874,-0.9668074250221252,0.3727308213710785,-0.4933745265007019
2.011015,-0.8274871110916138,1.8236128,0.14111757278442383,0.0,0.002082205144688487,0.0,0.0007329876534640789,0.19134828448295593,0.27294468879699707,0.2115088254213333,0.5304604768753052,0.45043110847473145,-0.968138575553894,0.37108007073402405,-0.4937911033630371
2.8134131,-1.1644269227981567,2.374029,-0.02203512191772461,0.0,0.002140970202162862,0.0,0.0007159530650824308,0.19226786494255066,0.2769891619682312,0.21328890323638916,0.5340661406517029,0.4471917152404785,-0.968948483467102,0.36942821741104126,-0.493919312953949
2.139353,-0.8844211101531982,0.0,0.6059536933898926,0.0,0.0020273623522371054,0.0,0.000666277133859694,0.1932014375925064,0.2813560366630554,0.21508139371871948,0.5378514528274536,0.4439503848552704,-0.9692234992980957,0.36777642369270325,-0.49375444650650024
2.961552,-1.2167983055114746,0.0,0.68672114610672,0.0,0.002491943072527647,0.0,0.0009031984372995794,0.19415023922920227,0.28608232736587524,0.2168866991996765,0.5418485999107361,0.4407091438770294,-0.9689518213272095,0.3661258816719055,-0.4932919144630432
0.0,1.1906585693359375,0.0,2.1034770011901855,0.0,0.002471251878887415,0.0,0.0013962768716737628,0.19511549174785614,0.29120945930480957,0.21870610117912292,0.5460946559906006,0.43746981024742126,-0.9681196212768555,0.3644772469997406,-0.49252748489379883
2.275773,-0.9329419732093811,0.0,0.665566623210907,0.0,0.0023277110885828733,0.0,0.0008117241668514907,0.19609853625297546,0.2967838943004608,0.2205398678779602,0.550629734992981,0.4342341721057892,-0.9667137861251831,0.3628317713737488,-0.491457462310791
0.0,0.9586082696914673,3.6812563,1.208479642868042,3.6812563,-4.127823352813721,0.0,0.0021394239738583565,0.1971011757850647,0.30285876989364624,0.2223895788192749,0.5555019378662109,0.431004136800766,-0.9647209644317627,0.36119022965431213,-0.49007803201675415
2.3449042,-0.9659469723701477,2.1331103,0.060707688331604004,0.0,0.0021271714940667152,0.0,0.0007219092221930623,0.19812500476837158,0.30949220061302185,0.22425605356693268,0.5607616305351257,0.42778173089027405,-0.9621270298957825,0.35955390334129333,-0.4883856177330017
2.413589,-0.9974662661552429,1.3325021,0.2622298002243042,0.0,0.002060435013845563,0.0,0.0006989181856624782,0.19917210936546326,0.3167514204978943,0.2261410355567932,0.5664685964584351,0.42456918954849243,-0.9589179754257202,0.3579237163066864,-0.48637738823890686
2.911387,-1.2079169750213623,2.0298405,0.03951060771942139,0.0,0.0018856617389246821,0.0,0.0006076634745113552,0.20024456083774567,0.32471156120300293,0.22804570198059082,0.5726879835128784,0.4213683009147644,-0.9550784826278687,0.35630089044570923,-0.484049916267395
2.012087,-0.8251978158950806,1.5618311,0.22602498531341553,0.0,0.0021823656279593706,0.0,0.0007843278581276536,0.20134490728378296,0.33345675468444824,0.22997242212295532,0.5794939994812012,0.4181814193725586,-0.9505933523178101,0.35468629002571106,-0.48140057921409607
2.0761628,-0.85514235496521,1.5801345,0.20265060663223267,0.0,0.002054724609479308,0.0,0.0007097586058080196,0.20247608423233032,0.34308356046676636,0.23192276060581207,0.586967945098877,0.4150106608867645,-0.9454467296600342,0.3530811667442322,-0.47842729091644287
2.546764,-1.0529307126998901,0.0,0.6214002370834351,0.0,0.002071141730993986,0.0,0.0007001094636507332,0.20364098250865936,0.35369932651519775,0.23389939963817596,0.5952033996582031,0.41185808181762695,-0.939621090888977,0.3514865040779114,-0.4751274585723877
2.750432,-1.136268138885498,0.0,0.6380830407142639,0.0,0.0021506056655198336,0.0,0.000734178873244673,0.20484299957752228,0.36542582511901855,0.2359050065279007,0.6043026447296143,0.4087262749671936,-0.933099627494812,0.3499034345149994,-0.471498966217041
3.0041914,-1.243704915046692,2.457382,-0.042627811431884766,0.0,0.002063527936115861,0.0,0.0007121411035768688,0.2060866355895996,0.37840208411216736,0.23794257640838623,0.6143812537193298,0.40561753511428833,-0.9258638620376587,0.3483330011367798,-0.4675402045249939
1.939062,-0.8014322519302368,1.6187916,0.16287338733673096,0.0,0.0019312318181619048,0.0,0.0006389960180968046,0.20737582445144653,0.3927825093269348,0.2400156855583191,0.6255677938461304,0.40253397822380066,-0.917894721031189,0.34677645564079285,-0.463250070810318
2.309514,-0.9374152421951294,0.0,0.7178835868835449,0.0,0.0024263011291623116,0.0,0.0008978387922979891,0.20871558785438538,0.4087441563606262,0.2421283721923828,0.6380063891410828,0.3994784951210022,-0.9091729521751404,0.34523478150367737,-0.45862704515457153
0.0,0.09921577572822571,0.0,0.3824026584625244,3.3641179,-3.774071216583252,0.0,0.0018278334755450487,0.21011191606521606,0.4264867901802063,0.244284987449646,0.6518568992614746,0.39645349979400635,-0.8996783494949341,0.3437090516090393,-0.453670471906662
2.6475394,-1.0861008167266846,0.0,0.6815219521522522,0.0,0.0023243811447173357,0.0,0.0008179179858416319,0.21157076954841614,0.4462355971336365,0.2464904487133026,0.6672978401184082,0.39346152544021606,-0.8893903493881226,0.3422005772590637,-0.44838041067123413
0.0,0.12968561053276062,0.0,0.4158323109149933,0.0,0.0008476955117657781,0.0,0.0013612775364890695,0.21309934556484222,0.4682455062866211,0.24875053763389587,0.6845284104347229,0.39050522446632385,-0.8782873749732971,0.34071022272109985,-0.4427564740180969
2.5116153,-1.0368247032165527,0.0,0.6352653503417969,0.0,0.0019658540841192007,0.0,0.0006490031373687088,0.21470561623573303,0.49280470609664917,0.2510714530944824,0.7037697434425354,0.38758763670921326,-0.8663496971130371,0.33923932909965515,-0.43680059909820557
2.318546,-0.9467005133628845,1.5029795,0.28888607025146484,0.0,0.0023277110885828733,0.0,0.0008480527903884649,0.21639887988567352,0.5202407836914062,0.25346049666404724,0.7252678871154785,0.38471123576164246,-0.8535563349723816,0.3377888798713684,-0.4305141568183899
3.170015,-1.3127198219299316,2.9168863,-0.14734017848968506,0.0,0.002423090161755681,0.0,0.0008015995263122022,0.21818907558918,0.5509225130081177,0.25592559576034546,0.7492963671684265,0.38187912106513977,-0.8398885130882263,0.33636006712913513,-0.4239005148410797
2.697901,-1.1187546253204346,2.026815,0.042901694774627686,0.0,0.001903747208416462,0.0,0.0006223172531463206,0.22008799016475677,0.5852687358856201,0.25847578048706055,0.7761588096618652,0.37909427285194397,-0.8253275156021118,0.33495378494262695,-0.4169633984565735
2.3439462,-0.9499752521514893,1.8354819,0.23009604215621948,0.0,0.0026188145857304335,0.0,0.0009950215462595224,0.22210846841335297,0.6237528324127197,0.2611207365989685,0.8061918616294861,0.37635958194732666,-0.8098583817481995,0.33357131481170654,-0.40970900654792786
0.0,0.12671245634555817,0.0,0.40474259853363037,0.0,0.0013061572099104524,0.0,0.001934444298967719,0.22426539659500122,0.666909396648407,0.2638722062110901,0.8397681713104248,0.3736780285835266,-0.7934685945510864,0.3322136104106903,-0.4021448493003845
1.7103894,1.252824068069458,0.0,1.4583995342254639,2.0663512,-2.318422555923462,1.3945724,-1.080721139907837,0.22657527029514313,0.7153428792953491,0.2667422592639923,0.877299427986145,0.3710530698299408,-0.7761505842208862,0.3308817148208618,-0.3942815661430359
2.7651122,-1.144363522529602,0.9919867,0.3496502637863159,0.0,0.0020247451029717922,0.0,0.0006805725861340761,0.22905711829662323,0.7697378993034363,0.2697453200817108,0.9192413091659546,0.36848753690719604,-0.7579013109207153,0.32957667112350464,-0.3861316442489624
1.7200578,7.544811248779297,0.0,5.427969455718994,1.7200578,-1.9301966428756714,0.0,0.0002227773511549458,0.2317315936088562,0.8308639526367188,0.27289655804634094,0.9660924673080444,0.3659845292568207,-0.7387264966964722,0.32829922437667847,-0.3777121603488922
2.9018612,0.31308722496032715,0.0,2.0517890453338623,0.0,0.0022975020110607147,0.0,0.0013908008113503456,0.23462305963039398,0.8995943069458008,0.2762134373188019,1.0184054374694824,0.3635472357273102,-0.7186395525932312,0.3270503580570221,-0.3690427541732788
2.7098308,-1.1229610443115234,1.7401663,0.1367236077785492,0.0,0.002031288342550397,0.0,0.0006648475537076592,0.23775848746299744,0.9769085645675659,0.27971550822257996,1.0767828226089478,0.36117851734161377,-0.6976659297943115,0.32583096623420715,-0.36014920473098755
2.4058993,-0.9943048357963562,1.7383232,0.14470219612121582,0.0,0.002004520269110799,0.0,0.0006764031131751835,0.24116840958595276,1.063908576965332,0.28342363238334656,1.1418794393539429,0.35888153314590454,-0.6758445501327515,0.3246415853500366,-0.3510618209838867
2.4087484,-0.9963030219078064,1.16323,0.295418918132782,0.0,0.002007494680583477,0.0,0.0006756883230991662,0.24488714337348938,1.1618332862854004,0.2873617112636566,1.214411973953247,0.35665878653526306,-0.6532309055328369,0.323482871055603,-0.3418179750442505
2.3968198,-0.9876160025596619,0.0,0.6536295413970947,0.0,0.0022898900788277388,0.0,0.0007936188485473394,0.24895352125167847,1.272066354751587,0.2915559411048889,1.2951507568359375,0.35451287031173706,-0.6298983693122864,0.3223552107810974,-0.3324615955352783
0.0,0.12765133380889893,2.5037348,-0.2673335373401642,2.8418612,-3.188241720199585,0.0,0.0014678190927952528,0.25341126322746277,1.3961536884307861,0.29603511095046997,1.384924054145813,0.35244613885879517,-0.6059436202049255,0.32125914096832275,-0.3230449855327606
2.5637233,-1.061303973197937,2.0290596,0.0640174150466919,0.0,0.0021241975482553244,0.0,0.0006961782928556204,0.25830987095832825,1.535813331604004,0.30083081126213074,1.4846152067184448,0.3504602909088135,-0.5814877152442932,0.3201944828033447,-0.31362849473953247
2.4270303,-1.005216121673584,1.9835311,0.057563602924346924,0.0,0.0019051750423386693,0.0,0.0006267252028919756,0.26370397210121155,1.692934274673462,0.30597758293151855,1.5951482057571411,0.34855687618255615,-0.5566818118095398,0.31916117668151855,-0.3042830228805542
2.484274,-1.0268173217773438,1.5817841,0.19088834524154663,0.0,0.0020443748217076063,0.0,0.0007035640883259475,0.2696555554866791,1.869596004486084,0.311513751745224,1.717491626739502,0.3467368483543396,-0.5317060947418213,0.31815892457962036,-0.2950887084007263
2.1923437,-0.8981519937515259,1.331517,0.3089958429336548,0.0,0.002286797622218728,0.0,0.0008119623525999486,0.2762337923049927,2.068052291870117,0.3174801766872406,1.8526287078857422,0.3450004458427429,-0.5067762136459351,0.3171871304512024,-0.28613531589508057
3.0086727,-1.2482120990753174,2.2874444,-0.028158366680145264,0.0,0.001904937089420855,0.0,0.0006353028584271669,0.2835155725479126,2.290726661682129,0.32392117381095886,2.0015439987182617,0.3433467447757721,-0.4821415841579437,0.3162446618080139,-0.2775231897830963
3.037856,-1.261271357536316,2.0551958,0.026868224143981934,0.0,0.0018701935186982155,0.0,0.0005996812833473086,0.2915862202644348,2.5401830673217773,0.33088478446006775,2.1651902198791504,0.3417746126651764,-0.45808693766593933,0.31533026695251465,-0.26936081051826477
0.0,0.7235863208770752,0.0,0.9002057313919067,0.0,0.0005453529884107411,2.0023384,-1.5522282123565674,0.30053967237472534,2.8190760612487793,0.33842161297798157,2.3444485664367676,0.34028160572052,-0.4349306523799896,0.31444215774536133,-0.2617633640766144
2.7401903,-0.7303894758224487,0.0,1.3797438144683838,0.0,0.002584690460935235,0.0,0.0011938833631575108,0.31047868728637695,3.130079507827759,0.3465850353240967,2.5400712490081787,0.3388640284538269,-0.41302022337913513,0.3135784864425659,-0.2548513412475586
0.0,1.190056324005127,0.0,0.8400852680206299,1.9248657,-2.1594347953796387,2.2309299,-1.7292224168777466,0.32151520252227783,3.475790023803711,0.3554310202598572,2.752629280090332,0.3375171422958374,-0.3927239179611206,0.3127366900444031,-0.24874477088451385
0.0,0.11860688030719757,0.0,0.4027695059776306,1.5688071,-1.759422779083252,1.5688071,-1.215349793434143,0.33376941084861755,3.8585846424102783,0.3650164306163788,2.982426166534424,0.3362348675727844,-0.37442079186439514,0.3119136691093445,-0.2435588240623474
1.7739301,0.49932724237442017,0.0,0.7817102670669556,0.0,0.0006765222642570734,2.2659192,-1.7563339471817017,0.34736865758895874,4.280422210693359,0.3753994405269623,3.2294154167175293,0.33500999212265015,-0.35848480463027954,0.311106413602829,-0.2393985092639923
0.9751304,3.2321479320526123,0.0,3.1628265380859375,1.6645098,-1.8677619695663452,0.0,0.0003800861886702478,0.362446129322052,4.7426228523254395,0.3866364359855652,3.4930927753448486,0.3338339626789093,-0.34526538848876953,0.31031113862991333,-0.23634909093379974
0.0,0.09326312690973282,0.0,0.39304134249687195,0.0,0.0009464313625358045,0.0,0.0013611585600301623,0.3791375160217285,5.245567321777344,0.39878204464912415,3.772401809692383,0.3326972424983978,-0.33506542444229126,0.30952417850494385,-0.23446965217590332
2.255789,-0.9211692810058594,1.1341379,0.38812345266342163,0.0,0.0022908414248377085,0.0,0.0008264940115623176,0.3975781202316284,5.788360118865967,0.4118855595588684,4.065611839294434,0.3315891623497009,-0.3281131684780121,0.30874139070510864,-0.23378276824951172
2.8387158,-1.176559567451477,2.2493696,-0.013884484767913818,0.0,0.0020295039284974337,0.0,0.0006816447712481022,0.4178973436355591,6.368478298187256,0.42598941922187805,4.370236873626709,0.3304986357688904,-0.3245365023612976,0.30795907974243164,-0.23426680266857147
0.0,0.17299501597881317,0.0,0.4214995503425598,0.0,0.0018800693796947598,0.0,0.002812479855492711,0.44021308422088623,6.9814043045043945,0.44112688302993774,4.682956218719482,0.32941460609436035,-0.3243374824523926,0.30717331171035767,-0.2358493208885193
2.4022958,-0.9926899075508118,1.5631435,0.1972920298576355,0.0,0.0020361661445349455,0.0,0.0006912940880283713,0.46462464332580566,7.620286464691162,0.45731794834136963,4.99957275390625,0.32832565903663635,-0.32737159729003906,0.3063804507255554,-0.23840244114398956
2.321094,-0.9584892988204956,0.0,0.6248664259910583,0.0,0.002107186708599329,0.0,0.0007082099909894168,0.491203635931015,8.27570629119873,0.4745676517486572,5.315035343170166,0.32722148299217224,-0.3333350419998169,0.3055776357650757,-0.24174267053604126
1.951761,-0.8070889711380005,1.2607065,0.25406959652900696,0.0,0.0019151695305481553,0.0,0.0006329201860353351,0.5199856758117676,8.93558120727539,0.4928622841835022,5.623502254486084,0.32609322667121887,-0.3417660593986511,0.3047627806663513,-0.24563559889793396
0.0,8.339773178100586,0.0,5.537576675415039,2.0209887,-2.2678840160369873,0.0,0.0002522150462027639,0.5509620904922485,9.585319519042969,0.5121681690216064,5.918513298034668,0.3249332904815674,-0.35205960273742676,0.3039343059062958,-0.24980700016021729
0.0,0.5074373483657837,0.0,0.6477804183959961,0.0,0.0007552632014267147,0.0,0.0013808010844513774,0.5840715169906616,10.208187103271484,0.5324283838272095,6.193216800689697,0.3237369656562805,-0.3634965121746063,0.30309176445007324,-0.2539568245410919
0.0,3.9522972106933594,0.0,2.949246883392334,0.0,0.00024375328212045133,0.0,0.0005485698929987848,0.6191940307617188,10.786005973815918,0.5535638928413391,6.440670013427734,0.3225015103816986,-0.37528884410858154,0.30223602056503296,-0.2577805519104004
2.170866,-0.8913014531135559,0.88066757,0.4173583686351776,0.0,0.0022325608879327774,0.0,0.0007884969236329198,0.6561474800109863,11.300087928771973,0.5754719972610474,6.654201507568359,0.32122716307640076,-0.3866342306137085,0.30136823654174805,-0.2609911262989044
1.338237,6.167376518249512,0.0,4.263749599456787,1.338237,-1.501609444618225,1.527385,-1.1844273805618286,0.6946887969970703,11.732393264770508,0.5980290770530701,6.827793598175049,0.31991663575172424,-0.3967764377593994,0.3004911243915558,-0.26334163546562195
1.9345939,-0.7728934288024902,1.4806734,0.3431169390678406,0.0,0.0025269025936722755,0.0,0.0009889479260891676,0.7345160245895386,12.066742897033691,0.6210927367210388,6.956453323364258,0.31857526302337646,-0.40506377816200256,0.29960787296295166,-0.2646455466747284
2.58021,-1.0683003664016724,1.697951,0.15520921349525452,0.0,0.0020148707553744316,0.0,0.0006669919239357114,0.7752788066864014,12.290030479431152,0.6445061564445496,7.036534309387207,0.3172098994255066,-0.4109961986541748,0.2987223267555237,-0.26479142904281616
2.7484431,-1.1375007629394531,0.0,0.6197965145111084,0.0,0.0020292659755796194,0.0,0.0006765222642570734,0.81658935546875,12.393173217773438,0.6681032776832581,7.065976142883301,0.3158290684223175,-0.41426020860671997,0.297838032245636,-0.2637501060962677
2.0671422,4.135668754577637,0.0,3.8645694255828857,0.0,0.0015185264637693763,0.0,0.0009515525307506323,0.8580371141433716,12.371785163879395,0.691713273525238,7.044419288635254,0.31444209814071655,-0.41474151611328125,0.29695925116539,-0.26157528162002563
1.8553399,3.801365852355957,0.0,3.5440094470977783,2.1416693,-2.4032773971557617,1.8553399,-1.4389742612838745,0.8992055058479309,12.226408004760742,0.715167760848999,6.973204612731934,0.3130577802658081,-0.41252022981643677,0.29608961939811707,-0.2583940625190735
2.201682,-0.9052815437316895,1.6312541,0.19660502672195435,0.0,0.0021506056655198336,0.0,0.0007541911327280104,0.9396867752075195,11.962352752685547,0.7383047938346863,6.855253219604492,0.31168538331985474,-0.40784749388694763,0.2952318489551544,-0.25439274311065674
2.6229105,-1.087489366531372,0.0,0.5875511765480042,0.0,0.0018870895728468895,0.0,0.0006167178507894278,0.979099452495575,11.589156150817871,0.7609748840332031,6.694826126098633,0.3103322982788086,-0.4011079668998718,0.2943885028362274,-0.249798983335495
2.7348788,6.565447807312012,2.2044952,4.452875137329102,0.0,0.00013612773909699172,1.9024347,-1.475555658340454,1.0170989036560059,11.119747161865234,0.7830446362495422,6.497224807739258,0.3090040981769562,-0.3927742838859558,0.29356127977371216,-0.2448594868183136
2.401249,-0.995341420173645,1.6905806,0.13148748874664307,0.0,0.0018743580440059304,0.0,0.0006027788622304797,1.0533885955810547,10.569452285766602,0.8043997883796692,6.268450736999512,0.3077060878276825,-0.3833644390106201,0.2927507758140564,-0.23982203006744385
2.444903,-1.0095906257629395,0.0,0.6348538398742676,0.0,0.002116941148415208,0.0,0.0007097586058080196,1.0877257585525513,9.954954147338867,0.8249463438987732,6.014850616455078,0.3064405620098114,-0.37339410185813904,0.29195696115493774,-0.23491787910461426
2.1214242,-0.8713054060935974,0.0,0.6411296129226685,0.0,0.002230538986623287,0.0,0.0007753941463306546,1.1199246644973755,9.293292999267578,0.8446124196052551,5.742788314819336,0.30520865321159363,-0.363344669342041,0.29117903113365173,-0.2303476333618164
0.0,0.017527097836136818,0.0,0.6890275478363037,0.0,0.0025197681970894337,0.0,0.0009039129945449531,1.1498545408248901,8.601048469543457,0.8633460998535156,5.458388328552246,0.3040096163749695,-0.35363608598709106,0.2904157340526581,-0.226274773478508
0.0,0.3020443320274353,0.0,1.4235504865646362,0.0,0.0022188823204487562,0.0,0.001122440560720861,1.1774396896362305,7.89362907409668,0.8811158537864685,5.167295932769775,0.30284222960472107,-0.3446110188961029,0.28966498374938965,-0.22281986474990845
0.0,0.1405305713415146,1.8002646,-0.0735802948474884,2.3510587,-2.6375513076782227,1.8002646,-1.395205020904541,1.2026530504226685,7.184813976287842,0.8979079723358154,4.874538421630859,0.30170366168022156,-0.33652782440185547,0.2889244556427002,-0.22006213665008545
2.8625062,-1.1808542013168335,2.4387197,-0.011062026023864746,0.0,0.002227684250101447,0.0,0.0007990981102921069,1.2255104780197144,6.4864702224731445,0.9137243628501892,4.584438323974609,0.3005901575088501,-0.3295610249042511,0.2881920337677002,-0.21804024279117584
2.9908593,-1.222532033920288,2.3220913,0.08932739496231079,0.0,0.002675289288163185,0.0,0.000977038755081594,1.2460635900497437,5.808417320251465,0.9285802841186523,4.300579071044922,0.2994978725910187,-0.3238102197647095,0.28746509552001953,-0.21676014363765717
1.8415649,-0.7466471791267395,1.6288303,0.25417962670326233,0.0,0.0024272524751722813,0.0,0.0008984343148767948,1.2643942832946777,5.158469200134277,0.9425010681152344,4.025819301605225,0.2984226942062378,-0.31930696964263916,0.28674137592315674,-0.2161988615989685
2.6809564,-1.1121253967285156,2.182535,-0.0027641654014587402,0.0,0.0019319456769153476,0.0,0.0006260104128159583,1.2806063890457153,4.5424957275390625,0.9555213451385498,3.762328863143921,0.2973606288433075,-0.3160296082496643,0.2860182821750641,-0.2163112312555313
2.699535,-1.1188240051269531,2.874756,-0.18006682395935059,0.0,0.0019207615405321121,0.0,0.0006376855308189988,1.2948212623596191,3.96462082862854,0.9676816463470459,3.5116567611694336,0.2963075339794159,-0.3139144778251648,0.2852937877178192,-0.2170381098985672
2.303588,-0.9454628229141235,1.4278963,0.2820550203323364,0.0,0.002333657816052437,0.0,0.0008070787298493087,1.3071712255477905,3.4274673461914062,0.979026198387146,3.274824619293213,0.2952597141265869,-0.31286752223968506,0.2845659852027893,-0.21830891072750092
2.169689,-0.8978733420372009,2.3286233,-0.023765981197357178,0.0,0.0019665679428726435,0.0,0.0006457865820266306,1.3177943229675293,2.932318687438965,0.98960280418396,3.0523855686187744,0.2942136228084564,-0.31277626752853394,0.28383296728134155,-0.22004976868629456
1.8896948,-0.7718685269355774,0.0,0.6599514484405518,0.0,0.002217930741608143,0.0,0.0007755132392048836,1.3268325328826904,2.479391574859619,0.9994598627090454,2.8445191383361816,0.29316672682762146,-0.31351667642593384,0.28309351205825806,-0.22218433022499084
1.7398505,7.315433979034424,0.0,5.384666442871094,0.0,0.00012015574611723423,1.7398505,-1.3495056629180908,1.3344253301620483,2.0680348873138428,1.00864577293396,2.651109218597412,0.2921156883239746,-0.31496158242225647,0.2823463976383209,-0.224638894200325
2.579649,-1.0661386251449585,1.8561096,0.12462073564529419,0.0,0.0020095170475542545,0.207166,-0.16002798080444336,1.3407100439071655,1.696929931640625,1.0172085762023926,2.4718077182769775,0.291059285402298,-0.31698504090309143,0.28159061074256897,-0.22734281420707703
2.6336994,-1.089806079864502,2.1586092,0.023172974586486816,0.0,0.0020261728204786777,0.0,0.0006831934442743659,1.3458186388015747,1.3642522096633911,1.0251946449279785,2.3060953617095947,0.28999507427215576,-0.3194667100906372,0.28082555532455444,-0.2302311211824417
2.836001,-1.1746522188186646,2.210501,0.011780500411987305,0.0,0.0020493713673204184,0.0,0.0006810491322539747,1.3498759269714355,1.067825198173523,1.0326483249664307,2.1533350944519043,0.28892186284065247,-0.32229480147361755,0.28005051612854004,-0.2332451045513153
2.2584872,-0.9329842329025269,1.3509122,0.2522277534008026,0.0,0.0020732830744236708,0.0,0.0006885541952215135,1.352998971939087,0.8052445650100708,1.03961181640625,2.0128116607666016,0.2878389060497284,-0.3253670036792755,0.27926531434059143,-0.23633189499378204
2.6764965,-0.9052993059158325,0.0,1.136552333831787,0.0,0.002636530203744769,0.0,0.0011717366287484765,1.355297327041626,0.5739752054214478,1.0461246967315674,1.8837662935256958,0.2867453992366791,-0.3285912871360779,0.27846959233283997,-0.23944494128227234
2.2602262,-0.9311214685440063,1.7255791,0.16695305705070496,0.0,0.0021513192914426327,0.0,0.0007605044520460069,1.3568707704544067,0.37143275141716003,1.0522241592407227,1.7654223442077637,0.2856409251689911,-0.33188652992248535,0.2776637375354767,-0.24254462122917175
2.2120805,-0.906477689743042,1.6293316,0.22499486804008484,0.0,0.0022356535773724318,0.0,0.0008013612823560834,1.3578108549118042,0.1950484812259674,1.0579447746276855,1.6570050716400146,0.28452545404434204,-0.33518266677856445,0.27684739232063293,-0.24559669196605682
2.2968652,-0.9465824365615845,1.9110848,0.11978435516357422,0.0,0.002126338891685009,0.0,0.0007319155265577137,1.3582016229629517,0.042326971888542175,1.0633182525634766,1.5577642917633057,0.28339892625808716,-0.33841848373413086,0.2760210633277893,-0.2485719919204712
0.0,0.1952977031469345,0.0,0.4366571307182312,1.3266553,-1.487835168838501,1.5681633,-1.2150012254714966,1.3581174612045288,-0.08913370966911316,1.0683739185333252,1.466970682144165,0.2822617292404175,-0.341543585062027,0.2751848101615906,-0.251446932554245
2.4463944,-1.0009692907333374,1.1008443,0.3831833600997925,0.0,0.0023055896162986755,0.0,0.0008273277780972421,1.3576264381408691,-0.2016076296567917,1.0731393098831177,1.3839340209960938,0.2811145782470703,-0.3445163369178772,0.2743391692638397,-0.25420209765434265
2.4905689,-1.0168530941009521,2.24747,0.0874396562576294,0.0,0.0024257064796984196,0.0,0.000878544058650732,1.3567883968353271,-0.29722464084625244,1.077639102935791,1.308002233505249,0.27995771169662476,-0.3473019003868103,0.27348455786705017,-0.25682181119918823
2.8427348,-1.109935998916626,0.0,0.8773475289344788,0.0,0.002768852049484849,0.0,0.0011893587652593851,1.3556551933288574,-0.3779529929161072,1.0818958282470703,1.2385703325271606,0.2787915766239166,-0.349873423576355,0.27262139320373535,-0.2592942714691162
1.522022,-0.29688677191734314,1.1796423,1.1008566617965698,0.0,0.002137282630428672,0.0,0.0010518262861296535,1.3542743921279907,-0.44561153650283813,1.085930347442627,1.1750723123550415,0.27761760354042053,-0.35221073031425476,0.2717503309249878,-0.2616104483604431
1.16491,-0.47163504362106323,1.2969918,0.3285118341445923,0.0,0.002146323211491108,0.0,0.0007656264933757484,1.3526870012283325,-0.5018572211265564,1.089761734008789,1.1169860363006592,0.2764360010623932,-0.35429856181144714,0.27087175846099854,-0.2637637257575989
2.6278124,-1.0875815153121948,1.0669274,0.3276914358139038,0.0,0.0020258158911019564,0.0,0.0006759266252629459,1.350928544998169,-0.548188328742981,1.0934072732925415,1.0638322830200195,0.2752479910850525,-0.35612714290618896,0.2699861526489258,-0.26575034856796265
2.4647362,-1.014967918395996,1.7658502,0.16619938611984253,0.0,0.0021947361528873444,0.0,0.0007745603215880692,1.3490298986434937,-0.5859578847885132,1.096882700920105,1.0151686668395996,0.27405425906181335,-0.35769128799438477,0.26909446716308594,-0.26756834983825684
2.4746666,-1.0172532796859741,1.826297,0.16926854848861694,0.0,0.0023044003173708916,0.0,0.0007969540893100202,1.3470172882080078,-0.6163723468780518,1.100202202796936,0.9705942869186401,0.27285563945770264,-0.35898834466934204,0.268196702003479,-0.2692166566848755
0.0,0.4182840585708618,0.0,0.6420812010765076,1.4838965,-1.6644971370697021,0.95997524,-0.7432613372802734,1.3449140787124634,-0.6405083537101746,1.103379249572754,0.9297389388084412,0.2716532051563263,-0.3600204586982727,0.2672937512397766,-0.2706966996192932
1.9018084,-0.7837318181991577,0.406286,0.5095153450965881,0.0,0.0020306934602558613,0.0,0.0006805725861340761,1.3427389860153198,-0.6593148708343506,1.106425166130066,0.8922684192657471,0.27044761180877686,-0.36079078912734985,0.26638615131378174,-0.2720102071762085
2.4202225,-0.9990214705467224,1.3678298,0.2557710111141205,0.0,0.002108614193275571,0.0,0.0007177399238571525,1.3405088186264038,-0.6736307144165039,1.1093509197235107,0.8578762412071228,0.26924020051956177,-0.361305832862854,0.2654745876789093,-0.2731606364250183
0.0,0.123014435172081,0.0,0.3967301845550537,3.4148917,-3.831101179122925,0.0,0.0019829864613711834,1.3382371664047241,-0.6841837763786316,1.1121665239334106,0.8262856006622314,0.2680312991142273,-0.3615734875202179,0.26455920934677124,-0.2741512060165405
2.352179,-0.9734142422676086,1.3922564,0.22763845324516296,0.0,0.0019649022724479437,0.0,0.0006467396160587668,1.3359358310699463,-0.6916178464889526,1.1148806810379028,0.7972415685653687,0.26682186126708984,-0.3616027534008026,0.26364096999168396,-0.2749866843223572
1.9923798,0.19797766208648682,1.9923798,0.43685877323150635,2.2899034,-2.569338321685791,1.9923798,-1.544592022895813,1.3336138725280762,-0.696478545665741,1.1175017356872559,0.7705172300338745,0.26561281085014343,-0.361404150724411,0.26272013783454895,-0.27567148208618164
1.6363353,11.842142105102539,0.51606005,7.03272819519043,0.7942569,-0.8911119699478149,0.7942569,-0.6159350275993347,1.3312792778015137,-0.6992425918579102,1.1200370788574219,0.745903491973877,0.264404833316803,-0.3609887659549713,0.26179710030555725,-0.2762109637260437
2.0671685,-0.8560817837715149,2.018079,0.037195682525634766,0.0,0.0018805454019457102,0.0,0.0006149308173917234,1.3289384841918945,-0.7003169059753418,1.1224933862686157,0.7232107520103455,0.2631983458995819,-0.3603680729866028,0.2608725428581238,-0.27661067247390747
2.6680772,-1.1057605743408203,1.1143559,0.2927268147468567,0.0,0.001934444298967719,0.0,0.0006412595394067466,1.3265963792800903,-0.7000499963760376,1.124876618385315,0.7022668123245239,0.2619944214820862,-0.35955411195755005,0.2599470615386963,-0.27687615156173706
0.0,0.19504065811634064,0.0,0.5043615102767944,0.0,0.0006976078147999942,1.831036,-1.4193156957626343,1.3242568969726562,-0.6987318396568298,1.1271923780441284,0.6829168796539307,0.2607935667037964,-0.3585590720176697,0.25902068614959717,-0.2770126461982727
2.9107475,-1.1525682210922241,2.0316086,0.27837055921554565,0.0,0.0026112052146345377,0.0,0.0010006187949329615,1.3219236135482788,-0.6966090202331543,1.1294461488723755,0.6650198698043823,0.25959622859954834,-0.3573949933052063,0.2580942213535309,-0.2770262062549591
2.297164,-0.9428746104240417,0.44937536,0.5426045656204224,0.0,0.0022341071162372828,0.0,0.0007895689341239631,1.3195980787277222,-0.6938879489898682,1.13164222240448,0.6484459042549133,0.25840312242507935,-0.3560735881328583,0.2571678161621094,-0.2769220769405365
0.0,0.11907559633255005,0.0,0.39229997992515564,3.2305112,-3.6241567134857178,0.0,0.0019337303237989545,1.3172826766967773,-0.6907389760017395,1.1337850093841553,0.6330797076225281,0.2572147250175476,-0.3546067774295807,0.25624191761016846,-0.27670592069625854
1.8045915,-0.7407957315444946,2.096324,0.06896114349365234,0.0,0.002134546637535095,0.0,0.000750617531593889,1.314978003501892,-0.6872992515563965,1.1358782052993774,0.6188156604766846,0.2560312747955322,-0.3530055582523346,0.2553170323371887,-0.27638334035873413
2.3647997,-0.9800266623497009,2.1119478,0.015376508235931396,0.0,0.0019089824054390192,0.0,0.0006195771275088191,1.312685251235962,-0.6836849451065063,1.137925148010254,0.6055561304092407,0.25485360622406006,-0.35128116607666016,0.25439348816871643,-0.275959312915802
0.0,0.20508384704589844,0.0,0.4817110300064087,1.0579717,-1.186466097831726,1.582389,-1.226146936416626,1.3104052543640137,-0.6799836158752441,1.1399296522140503,0.5932145118713379,0.2536817789077759,-0.3494439125061035,0.2534712255001068,-0.2754388451576233
2.2869925,-0.9199735522270203,0.0,0.8181118369102478,0.0,0.0030322547536343336,0.0,0.0011041027028113604,1.308137059211731,-0.6762681007385254,1.1418942213058472,0.5817118883132935,0.2525162398815155,-0.347503662109375,0.2525510787963867,-0.27482694387435913
2.3439684,-0.9671195149421692,2.4166598,-0.019200026988983154,0.0,0.002221499104052782,0.0,0.0007640779949724674,1.3058816194534302,-0.6725923418998718,1.1438215970993042,0.5709751844406128,0.25135743618011475,-0.3454698920249939,0.2516329288482666,-0.2741280794143677
1.9924933,-0.808411717414856,0.0,0.7310431599617004,0.0,0.0022984533570706844,0.0,0.0008612737292423844,1.303637981414795,-0.6689978241920471,1.145714282989502,0.5609392523765564,0.25020554661750793,-0.3433518409729004,0.2507175803184509,-0.2733474373817444
2.3474855,8.848649978637695,0.0,5.98063850402832,1.1606187,-1.3023531436920166,1.932619,-1.4989948272705078,1.3014063835144043,-0.6655162572860718,1.147574543952942,0.5515437722206116,0.24906086921691895,-0.34115731716156006,0.24980483949184418,-0.2724885940551758
1.9705654,5.543068885803223,0.0,3.9135923385620117,1.9705654,-2.2112131118774414,0.0,0.000575376907363534,1.2991862297058105,-0.6621636748313904,1.1494041681289673,0.5427353978157043,0.24792352318763733,-0.33889445662498474,0.24889497458934784,-0.27155596017837524
0.0,0.041246213018894196,0.0,0.7216269373893738,0.0,0.18360555171966553,0.0,0.08433769643306732,1.2969772815704346,-0.6589553356170654,1.15120530128479,0.5344641804695129,0.24679401516914368,-0.3365709185600281,0.24798837304115295,-0.2705534100532532
2.4971223,-1.034895896911621,2.023114,0.044683635234832764,0.0,0.0019031523261219263,0.0,0.000621959799900651,1.2947783470153809,-0.6558964848518372,1.1529797315597534,0.5266845226287842,0.2456722855567932,-0.33419305086135864,0.2470853179693222,-0.2694844603538513
1.8327519,12.040972709655762,0.0,7.217233657836914,1.4934461,-1.6756848096847534,0.0,0.0003058442671317607,1.292589783668518,-0.652988612651825,1.154728889465332,0.5193562507629395,0.24455863237380981,-0.331767737865448,0.2461860179901123,-0.2683531641960144
1.625303,12.312847137451172,0.9570639,6.940408706665039,0.9570639,-1.073819637298584,0.49803102,-0.38607820868492126,1.2904106378555298,-0.6502273082733154,1.156454086303711,0.5124413967132568,0.24345315992832184,-0.3293003439903259,0.24529047310352325,-0.2671620547771454
1.9946816,-0.8227320313453674,0.0,0.6251139044761658,0.0,0.0020828000269830227,0.0,0.0007003477076068521,1.2882401943206787,-0.6476067304611206,1.1581569910049438,0.5059058666229248,0.2423561066389084,-0.32679682970046997,0.24439889192581177,-0.2659147381782532
2.9599154,-1.2231712341308594,1.996402,0.09913522005081177,0.0,0.002151557244360447,0.0,0.0007415643776766956,1.2860785722732544,-0.645117998123169,1.1598384380340576,0.4997192323207855,0.24126730859279633,-0.32426175475120544,0.24351166188716888,-0.2646142840385437
1.9297804,-0.7819157242774963,0.0,0.7033582925796509,0.0,0.002397997537627816,0.0,0.0008683010237291455,1.2839250564575195,-0.6427501440048218,1.1614999771118164,0.4938521087169647,0.24018707871437073,-0.3216997981071472,0.2426290512084961,-0.26326337456703186
2.2662222,-0.04444950819015503,0.0,1.936171531677246,0.0,0.00176821683999151,0.0,0.0009049849468283355,1.2817790508270264,-0.640491247177124,1.163142204284668,0.4882798492908478,0.23911544680595398,-0.31911563873291016,0.24175073206424713,-0.261864572763443
3.067419,-1.2716219425201416,2.0879397,0.040406763553619385,0.0,0.0019769188947975636,0.0,0.0006436422117985785,1.2796401977539062,-0.638329029083252,1.1647663116455078,0.48297739028930664,0.2380526065826416,-0.316512793302536,0.24087753891944885,-0.2604207396507263
2.3933876,-0.9734712243080139,2.1278515,0.13507455587387085,0.0,0.0024296308401972055,0.0,0.0008731843554414809,1.2775092124938965,-0.6362488865852356,1.1663730144500732,0.4779244065284729,0.2369985282421112,-0.31389468908309937,0.24000892043113708,-0.2589337229728699
0.0,0.007144379895180464,2.4452958,-0.06706726551055908,0.0,0.002039734972640872,0.0,0.0006634180317632854,1.275384545326233,-0.6342393159866333,1.1679632663726807,0.4731002449989319,0.2359529286623001,-0.3112644851207733,0.23914538323879242,-0.2574060559272766
2.3852775,-0.4516124725341797,0.0,1.6544092893600464,0.0,0.001960738329216838,0.0,0.000933926145080477,1.2732666730880737,-0.6322852373123169,1.1695380210876465,0.4684874713420868,0.2349163293838501,-0.3086259365081787,0.2382872849702835,-0.2558401823043823
2.3938115,-0.9881761074066162,0.0,0.6287990808486938,0.0,0.002087796339765191,0.0,0.000704278820194304,1.2711549997329712,-0.6303736567497253,1.1710971593856812,0.4640696942806244,0.233888640999794,-0.305980920791626,0.2374342828989029,-0.2542375922203064
2.3582773,-0.9740175008773804,1.8873378,0.1045616865158081,0.0,0.002033667638897896,0.0,0.0006990373367443681,1.269049882888794,-0.6284934282302856,1.1726422309875488,0.45983102917671204,0.23286963999271393,-0.30333220958709717,0.2365867644548416,-0.2526004910469055
2.2810273,-0.9435423016548157,1.903781,0.0909242033958435,0.0,0.0019891730044037104,0.0,0.0006541258189827204,1.2669514417648315,-0.6266292333602905,1.1741732358932495,0.45575931668281555,0.23185952007770538,-0.30068203806877136,0.2357446402311325,-0.2509305477142334
1.9799341,4.333600997924805,0.0,3.822406053543091,0.0,0.0001842805795604363,1.4548033,-1.1282410621643066,1.264858365058899,-0.6247734427452087,1.17569100856781,0.45183971524238586,0.23085850477218628,-0.2980327010154724,0.23490822315216064,-0.24922960996627808
2.0134852,1.2465300559997559,0.0,1.4941374063491821,0.0,0.0004888770054094493,2.0134852,-1.560974359512329,1.2627720832824707,-0.622911810874939,1.17719566822052,0.44806283712387085,0.2298661470413208,-0.2953852415084839,0.2340776026248932,-0.24749931693077087
2.315469,-0.9471762776374817,1.5649083,0.2630045413970947,0.0,0.00231879111379385,0.0,0.0008512687054462731,1.26069176197052,-0.6210355758666992,1.1786882877349854,0.4444168210029602,0.2288825660943985,-0.29274213314056396,0.23325273394584656,-0.24574123322963715
2.3799865,-0.9845028519630432,1.0610201,0.32329505681991577,0.0,0.0020216519478708506,0.0,0.0006718761869706213,1.2586182355880737,-0.6191350817680359,1.180168628692627,0.44089287519454956,0.22790800034999847,-0.29010438919067383,0.23243378102779388,-0.24395672976970673
1.7540262,-0.7177548408508301,1.5524092,0.22472652792930603,0.0,0.0021759422961622477,0.0,0.0007622911944054067,1.256550669670105,-0.6171999573707581,1.1816374063491821,0.4374823272228241,0.2269420623779297,-0.28747352957725525,0.23162096738815308,-0.24214740097522736
0.0,0.10749257355928421,0.0,0.4239758253097534,0.0,0.0009915679693222046,0.0,0.0015442363219335675,1.254489779472351,-0.6152253150939941,1.18309485912323,0.43417584896087646,0.2259850800037384,-0.2848508954048157,0.23081421852111816,-0.24031467735767365
0.0,9.517208099365234,0.0,5.837993621826172,2.2126396,-2.48295521736145,0.0,0.00028772983932867646,1.2524359226226807,-0.6132011413574219,1.1845415830612183,0.4309671223163605,0.22503671050071716,-0.28223735094070435,0.2300136238336563,-0.2384595274925232
1.6779257,12.270305633544922,0.51018035,7.044985771179199,0.7857326,-0.8815451860427856,1.1008292,-0.8537018895149231,1.2503881454467773,-0.611122727394104,1.1859779357910156,0.4278484582901001,0.22409705817699432,-0.279634028673172,0.2292192280292511,-0.23658332228660583
2.2768943,-0.9394559860229492,0.0,0.6297158002853394,0.0,0.0021259819623082876,0.0,0.0007167869480326772,1.2483479976654053,-0.6089831590652466,1.1874037981033325,0.42481446266174316,0.22316624224185944,-0.277042031288147,0.22843101620674133,-0.2346874177455902
2.371651,-0.9823219180107117,1.7242134,0.12898454070091248,0.0,0.0019367048516869545,0.0,0.0006338732782751322,1.2463146448135376,-0.6067769527435303,1.1888196468353271,0.4218599200248718,0.2222440242767334,-0.27446165680885315,0.22764942049980164,-0.23277291655540466
0.0,0.10940230637788773,0.0,0.39272135496139526,2.1959639,-2.463299512863159,0.0,0.001570183434523642,1.2442893981933594,-0.6045007705688477,1.190225601196289,0.41897833347320557,0.22133031487464905,-0.27189409732818604,0.22687403857707977,-0.2308407574892044
2.3689547,-0.9761995077133179,1.5094805,0.2348904013633728,0.0,0.002138234442099929,0.0,0.0007458527106791735,1.2422714233398438,-0.6021506190299988,1.1916221380233765,0.41616570949554443,0.2204253226518631,-0.26933982968330383,0.22610518336296082,-0.2288922369480133
1.5411172,-0.6271417737007141,2.0169556,0.14011424779891968,0.0,0.0021295505575835705,0.0,0.0007557396893389523,1.240261435508728,-0.5997223854064941,1.193009376525879,0.41341739892959595,0.2195287048816681,-0.2667994201183319,0.22534297406673431,-0.22692826390266418
2.8790722,-1.1931469440460205,1.9815581,0.0706183910369873,0.0,0.001933254417963326,0.0,0.00063744728686288,1.2382597923278809,-0.5972137451171875,1.1943875551223755,0.4107297360897064,0.21864056587219238,-0.26427337527275085,0.2245873212814331,-0.22495007514953613
0.0,0.02432756870985031,1.8070416,0.36656349897384644,0.0,0.0018749530427157879,0.0,0.0006772369961254299,1.23626708984375,-0.5946234464645386,1.1957569122314453,0.4080987572669983,0.2177610546350479,-0.2617623805999756,0.22383834421634674,-0.2229582667350769
2.103466,-0.8389778733253479,1.793234,0.32873013615608215,0.0,0.0024170251563191414,0.0,0.0009607228566892445,1.2342826128005981,-0.5919472575187683,1.1971173286437988,0.4055217206478119,0.21688967943191528,-0.25926658511161804,0.2230960577726364,-0.22095409035682678
2.4553592,-1.009772777557373,0.97936136,0.3878728449344635,0.0,0.0022339883726090193,0.0,0.0007856381707824767,1.2323074340820312,-0.5891860723495483,1.1984691619873047,0.40299493074417114,0.21602676808834076,-0.256786584854126,0.22236037254333496,-0.21893838047981262
0.0,0.14745236933231354,0.0,0.408040851354599,1.520126,-1.7048431634902954,1.520126,-1.1776885986328125,1.2303415536880493,-0.5863378047943115,1.1998131275177002,0.4005165696144104,0.21517214179039001,-0.2543226182460785,0.2216314971446991,-0.21691185235977173
0.0,0.12556013464927673,0.0,0.402577668428421,3.2133245,-3.6048319339752197,0.0,0.0020007132552564144,1.2283854484558105,-0.5834028720855713,1.2011483907699585,0.39808323979377747,0.21432563662528992,-0.25187504291534424,0.22090955078601837,-0.2148757427930832
0.0,12.87522029876709,0.0,7.26203727722168,0.0,0.00027211778797209263,0.0,0.00026472879108041525,1.226439356803894,-0.5803816318511963,1.2024757862091064,0.3956926167011261,0.21348728239536285,-0.24944403767585754,0.2201942652463913,-0.21283058822155
1.9509375,-0.8007417321205139,0.0,0.6515288949012756,0.0,0.002276450162753463,0.0,0.0007768235518597066,1.2245036363601685,-0.5772743821144104,1.2037951946258545,0.39334240555763245,0.21265709400177002,-0.24702982604503632,0.2194858193397522,-0.2107771784067154
0.9040283,12.1990966796875,1.2282054,6.830756187438965,1.4143119,-1.5869731903076172,0.0,0.00023362292267847806,1.2225780487060547,-0.5740788578987122,1.2051068544387817,0.39103245735168457,0.2118348777294159,-0.2446330487728119,0.218784362077713,-0.2087165117263794
2.353179,-0.9739189147949219,1.5056632,0.19243153929710388,0.0,0.0019657351076602936,0.0,0.0006448334897868335,1.2206635475158691,-0.5707993507385254,1.2064110040664673,0.388759046792984,0.21102069318294525,-0.24225327372550964,0.2180897742509842,-0.20664939284324646
1.7124382,-0.7007466554641724,1.7124382,0.19258400797843933,0.0,0.002413457492366433,0.0,0.0008401916129514575,1.2187600135803223,-0.5674368143081665,1.207707166671753,0.3865208923816681,0.21021433174610138,-0.23989105224609375,0.21740218997001648,-0.20457647740840912
2.1819005,-0.9018492102622986,1.8723933,0.10342127084732056,0.0,0.0020060669630765915,0.0,0.0006717570940963924,1.2168681621551514,-0.5639894008636475,1.2089965343475342,0.3843182325363159,0.20941612124443054,-0.23754680156707764,0.21672143042087555,-0.20249858498573303
1.9801227,-0.7518965601921082,1.2659061,0.6471434831619263,0.0,0.0021488212514668703,0.0,0.0008887869771569967,1.2149877548217773,-0.5604624152183533,1.2102779150009155,0.3821474611759186,0.20862551033496857,-0.2352200299501419,0.21604761481285095,-0.20041635632514954
2.5248547,-1.043060541152954,0.0,0.6255108118057251,1.7813336,-1.9969772100448608,0.0,0.0007091629668138921,1.2131192684173584,-0.5568550825119019,1.211552381515503,0.3800089657306671,0.20784258842468262,-0.23291118443012238,0.21538081765174866,-0.1983305662870407
0.0,0.008297494612634182,1.9663645,0.0881759524345398,0.0,0.0026983539573848248,0.0,0.0009016501135192811,1.2112631797790527,-0.5531710982322693,1.2128198146820068,0.37790098786354065,0.20706740021705627,-0.23062044382095337,0.21472099423408508,-0.19624187052249908
0.0,0.18268224596977234,0.0,0.43660691380500793,3.405911,-3.8209636211395264,0.0,0.0018917298875749111,1.2094193696975708,-0.549411416053772,1.2140803337097168,0.3758229911327362,0.20629984140396118,-0.2283477485179901,0.21406814455986023,-0.1941511034965515
2.180968,-0.9013142585754395,2.1044593,0.03653085231781006,0.0,0.0020179639104753733,0.0,0.0006625840906053782,1.2075878381729126,-0.5455771684646606,1.2153339385986328,0.37377452850341797,0.20554013550281525,-0.2260936200618744,0.21342238783836365,-0.19205881655216217
1.7767938,-0.7210807800292969,0.0,0.6841588020324707,0.0,0.002428203821182251,0.0,0.0008870004676282406,1.2057698965072632,-0.5416731834411621,1.2165805101394653,0.37175387144088745,0.20478762686252594,-0.2238573133945465,0.21278361976146698,-0.18996569514274597
2.3845835,-0.9836987853050232,1.867471,0.136039137840271,0.0,0.0022971450816839933,0.0,0.0007815881981514394,1.2039650678634644,-0.537700891494751,1.2178205251693726,0.3697608411312103,0.20404262840747833,-0.22163960337638855,0.21215158700942993,-0.18787223100662231
2.6322231,-1.091599941253662,1.5339665,0.1714288890361786,0.0,0.0018899451242759824,0.0,0.0006118332967162132,1.2021735906600952,-0.5336614847183228,1.2190537452697754,0.3677949607372284,0.20330514013767242,-0.2194405496120453,0.2115267664194107,-0.18577927350997925
1.3730602,-0.5585246682167053,0.47714412,0.5350437760353088,0.0,0.002214124659076333,0.0,0.0007808735244907439,1.2003953456878662,-0.529559850692749,1.2202807664871216,0.36585521697998047,0.20257480442523956,-0.21725961565971375,0.21090899407863617,-0.18368741869926453
1.648479,-0.663270115852356,1.1524676,0.39904752373695374,0.0,0.0025259514804929495,0.0,0.0009395237429998815,1.1986311674118042,-0.525397539138794,1.2215012311935425,0.363941490650177,0.20185191929340363,-0.21509738266468048,0.21029818058013916,-0.18159714341163635
1.7491759,-0.683563768863678,0.0,0.8169050216674805,0.0,0.0026154855731874704,0.0,0.0010414659045636654,1.1968810558319092,-0.5211753845214844,1.222715139389038,0.36205393075942993,0.20113611221313477,-0.21295373141765594,0.20969435572624207,-0.17950914800167084
1.9921582,-0.8241140842437744,1.5932857,0.1658172607421875,0.0,0.0019920284394174814,0.0,0.0006561510381288826,1.1951451301574707,-0.5168997645378113,1.2239229679107666,0.36019113659858704,0.20042750239372253,-0.21082854270935059,0.2090975046157837,-0.17742401361465454
2.6194737,-1.0788471698760986,1.1749293,0.3399103283882141,0.0,0.0021940225269645452,0.0,0.0007678897818550467,1.1934236288070679,-0.5125707387924194,1.2251245975494385,0.35835331678390503,0.1997259110212326,-0.20872193574905396,0.2085074484348297,-0.17534196376800537
1.3749884,-0.49367716908454895,0.9496807,0.7654101848602295,0.0,0.0022113888990134,0.0,0.0009298768127337098,1.1917166709899902,-0.5081915259361267,1.2263199090957642,0.3565402328968048,0.19903124868869781,-0.20663388073444366,0.20792460441589355,-0.17326411604881287
0.0,0.24277916550636292,0.0,0.44939732551574707,1.6830269,-1.887785792350769,0.0,0.0015666127437725663,1.1900242567062378,-0.5037648677825928,1.2275094985961914,0.3547520339488983,0.19834361970424652,-0.20456463098526,0.20734858512878418,-0.17119058966636658
2.2225604,-0.9182650446891785,0.0,0.6135143041610718,0.0,0.0020198675338178873,0.0,0.0006667536217719316,1.1883469820022583,-0.49929454922676086,1.228692889213562,0.3529878854751587,0.19766296446323395,-0.2025137096643448,0.20677942037582397,-0.16912196576595306
2.4828076,-1.0260897874832153,1.6321521,0.17527693510055542,0.0,0.002096242504194379,0.0,0.0007065422250889242,1.1866846084594727,-0.49478259682655334,1.2298705577850342,0.3512471914291382,0.19698908925056458,-0.20048166811466217,0.20621730387210846,-0.16705895960330963
2.5830107,-1.0580527782440186,0.0,0.6824270486831665,0.0,0.0023825373500585556,0.0,0.0008138681878335774,1.18503737449646,-0.49023061990737915,1.2310422658920288,0.3495315909385681,0.19632172584533691,-0.19846796989440918,0.20566204190254211,-0.16500189900398254
0.0,0.1670708805322647,0.0,0.41915977001190186,2.4971185,-2.8010330200195312,2.223515,-1.722995400428772,1.1834057569503784,-0.4856451749801636,1.232208490371704,0.34783828258514404,0.19566145539283752,-0.19647319614887238,0.20511355996131897,-0.16295111179351807
2.4682662,-1.0169565677642822,0.0,0.6581944227218628,0.0,0.0022163845133036375,0.0,0.0007601470570079982,1.1817890405654907,-0.48102355003356934,1.23336923122406,0.3461703658103943,0.19500771164894104,-0.19449664652347565,0.20457206666469574,-0.16090744733810425
2.1790628,-0.9008858799934387,0.0,0.6175585985183716,0.0,0.0020575798116624355,0.0,0.000667468411847949,1.1801879405975342,-0.4763726592063904,1.234524130821228,0.3445254862308502,0.1943604052066803,-0.1925387680530548,0.20403727889060974,-0.15887100994586945
0.0,0.13757531344890594,1.4715416,0.026703327894210815,2.116733,-2.3745644092559814,0.0,0.0014512732159346342,1.178602695465088,-0.471693754196167,1.2356736660003662,0.3429042100906372,0.19371965527534485,-0.1905992478132248,0.20350930094718933,-0.15684236586093903
0.0,0.4073569178581238,0.0,0.6586871147155762,0.0,0.0006864098832011223,0.0,0.0014304416254162788,1.1770329475402832,-0.46698856353759766,1.2368175983428955,0.3413071632385254,0.1930854767560959,-0.18867844343185425,0.2029881626367569,-0.1548222005367279
2.410134,4.100998401641846,1.4507029,3.750694990158081,1.4507029,-1.627197027206421,0.0,0.00048315772437490523,1.1754790544509888,-0.46226125955581665,1.2379565238952637,0.3397332727909088,0.1924576759338379,-0.18677599728107452,0.2024737447500229,-0.15281054377555847
0.0,12.302592277526855,2.0570283,6.493602752685547,0.0,0.00025018901214934886,0.0,0.00024184639914892614,1.1739410161972046,-0.45751363039016724,1.2390903234481812,0.3381827473640442,0.19183607399463654,-0.18489184975624084,0.20196598768234253,-0.15080785751342773
2.275447,-0.938520073890686,2.0245724,0.08081930875778198,0.0,0.0020912461914122105,0.0,0.0007320346776396036,1.1724187135696411,-0.4527483582496643,1.2402187585830688,0.33665627241134644,0.19122089445590973,-0.1830260008573532,0.20146498084068298,-0.14881476759910583
3.1847198,-1.3223540782928467,2.2853525,-0.03477960824966431,0.0,0.0018253346206620336,0.0,0.0005862186080776155,1.170912504196167,-0.44796621799468994,1.241342306137085,0.3351539969444275,0.19061191380023956,-0.18117856979370117,0.20097056031227112,-0.14683133363723755
2.6206815,-1.080557107925415,1.6686162,0.20342379808425903,0.0,0.002305827336385846,0.0,0.0007911174325272441,1.1694223880767822,-0.4431721270084381,1.2424607276916504,0.3336748778820038,0.1900089830160141,-0.17934922873973846,0.2004828155040741,-0.1448581963777542
2.3833811,-0.9870237708091736,1.6068072,0.1597600281238556,0.0,0.001921713468618691,0.0,0.0006276782951317728,1.1679483652114868,-0.4383679926395416,1.2435741424560547,0.33221888542175293,0.18941210210323334,-0.17753803730010986,0.2000015676021576,-0.14289551973342896
2.843721,-1.1716796159744263,1.8849347,0.15339088439941406,0.0,0.002221023431047797,0.0,0.0007624103454872966,1.1664901971817017,-0.4335542917251587,1.244683027267456,0.3307875394821167,0.18882137537002563,-0.17574498057365417,0.19952702522277832,-0.14094382524490356
2.5769627,-1.0324105024337769,0.0,0.7762908935546875,0.0,0.002825199393555522,0.0,0.0010995777556672692,1.1650482416152954,-0.42873433232307434,1.2457867860794067,0.32937997579574585,0.1882365196943283,-0.1739700585603714,0.19905878603458405,-0.13900332152843475
2.2810152,-0.9410287737846375,2.0037894,0.08518874645233154,0.0,0.002075067488476634,0.0,0.0007038023322820663,1.163622260093689,-0.42391061782836914,1.2468860149383545,0.3279959261417389,0.1876576542854309,-0.17221303284168243,0.19859719276428223,-0.13707435131072998
2.2600572,-0.9344960451126099,1.3695632,0.2368762195110321,0.0,0.0020019030198454857,0.0,0.0006646093097515404,1.1622127294540405,-0.41908448934555054,1.2479807138442993,0.32663634419441223,0.18708465993404388,-0.17047393321990967,0.19814182817935944,-0.13515713810920715
2.7490528,-1.134035348892212,1.7840517,0.16297075152397156,0.0,0.00219247629866004,0.0,0.0007640779949724674,1.1608190536499023,-0.4142593741416931,1.2490708827972412,0.3252996802330017,0.1865173876285553,-0.16875265538692474,0.1976930946111679,-0.13325205445289612
0.0,0.32805556058883667,0.0,0.5289877653121948,2.242087,-2.5151820182800293,0.0,0.00167598866391927,1.1594417095184326,-0.409435510635376,1.2501567602157593,0.3239879012107849,0.18595583736896515,-0.16704896092414856,0.197250634431839,-0.13135939836502075
2.428903,-1.0045044422149658,2.1375232,0.038790225982666016,0.0,0.002075186464935541,0.0,0.0007169060409069061,1.1580803394317627,-0.40461522340774536,1.2512381076812744,0.32270005345344543,0.18539990484714508,-0.16536292433738708,0.1968144327402115,-0.12947937846183777
2.0260072,-0.8285044431686401,1.5405326,0.27406156063079834,0.0,0.002148464322090149,0.0,0.0007695574313402176,1.1567353010177612,-0.39980167150497437,1.2523152828216553,0.3214356601238251,0.18484970927238464,-0.1636945605278015,0.19638460874557495,-0.12761235237121582
2.6375687,-1.0919378995895386,1.4510174,0.21171465516090393,0.0,0.001963593764230609,0.0,0.0006529344827868044,1.15540611743927,-0.3949953615665436,1.2533882856369019,0.32019561529159546,0.18430505692958832,-0.16204366087913513,0.1959608644247055,-0.12575826048851013
2.440916,-1.0073521137237549,1.9109981,0.11173862218856812,0.0,0.002086368855088949,0.0,0.0007165487040765584,1.1540932655334473,-0.39019882678985596,1.2544573545455933,0.3189794421195984,0.18376585841178894,-0.16040994226932526,0.1955433189868927,-0.12391761690378189
2.6532161,-1.1002365350723267,0.0,0.5901077389717102,0.0,0.002037117723375559,0.0,0.0006560318870469928,1.1527965068817139,-0.38541194796562195,1.2555217742919922,0.3177880346775055,0.18323203921318054,-0.15879347920417786,0.19513186812400818,-0.12209054827690125
1.8473393,-0.7266627550125122,0.7464796,0.5723896026611328,0.0,0.0026931229513138533,0.0,0.0010608765296638012,1.151515245437622,-0.3806380331516266,1.2565829753875732,0.31662046909332275,0.18270349502563477,-0.15719419717788696,0.19472673535346985,-0.12027736008167267
1.8103251,-0.7490944862365723,1.6901716,0.12648382782936096,0.0,0.001962522976100445,0.0,0.0006332775810733438,1.1502501964569092,-0.3758792281150818,1.257639765739441,0.3154766261577606,0.1821805238723755,-0.15561220049858093,0.19432741403579712,-0.11847804486751556
2.1717448,-0.8512715697288513,0.0,0.8535306453704834,0.0,0.002532015787437558,0.0,0.0010082405060529709,1.149000883102417,-0.3711351752281189,1.258692979812622,0.3143574893474579,0.18166275322437286,-0.1540469378232956,0.1939341425895691,-0.11669288575649261
1.7597734,7.384244918823242,1.7597734,5.114933013916016,0.0,0.00047886825632303953,0.0,0.0002723561483435333,1.1477677822113037,-0.3664080500602722,1.2597426176071167,0.3132625222206116,0.18115007877349854,-0.1524985134601593,0.19354687631130219,-0.1149221882224083
0.0,0.11241599917411804,0.0,0.39707744121551514,2.8456929,-3.1925456523895264,0.0,0.001470794901251793,1.1465500593185425,-0.36169975996017456,1.2607885599136353,0.3121913969516754,0.18064270913600922,-0.15096697211265564,0.19316546618938446,-0.1131659746170044
2.7300355,-1.1300619840621948,0.0,0.6112759709358215,0.0,0.0020615055691450834,0.0,0.000692842761054635,1.1453481912612915,-0.35701075196266174,1.2618309259414673,0.3111445903778076,0.18014027178287506,-0.1494518220424652,0.19278980791568756,-0.11142429709434509
2.5010529,-1.034182071685791,1.5921475,0.18970149755477905,0.0,0.002011063741520047,0.0,0.0006724718841724098,1.1441618204116821,-0.35234296321868896,1.2628698348999023,0.3101220726966858,0.1796429604291916,-0.14795321226119995,0.1924201101064682,-0.10969755798578262
2.3079143,-0.9564878940582275,1.9831724,0.047317683696746826,0.0,0.0018851857166737318,0.0,0.0006084974738769233,1.1429911851882935,-0.3476976156234741,1.26390540599823,0.3091234564781189,0.17915067076683044,-0.1464710831642151,0.1920560747385025,-0.10798565298318863
1.7452056,-0.7073730230331421,1.7452056,0.21629244089126587,0.0,0.0023662445601075888,0.0,0.0008731843554414809,1.1418362855911255,-0.34307554364204407,1.264937400817871,0.30814874172210693,0.17866313457489014,-0.14500510692596436,0.19169771671295166,-0.10628888010978699
0.0,0.1740216761827469,0.0,0.42992594838142395,0.0,0.00117649941239506,0.0,0.0017824966926127672,1.1406965255737305,-0.3384779691696167,1.2659666538238525,0.3071981966495514,0.1781805455684662,-0.14355522394180298,0.19134503602981567,-0.10460720211267471
2.808973,-1.1654369831085205,2.1238933,0.013478994369506836,0.0,0.0018399705877527595,0.0,0.0005915798828937113,1.1395719051361084,-0.333905965089798,1.266992449760437,0.30627158284187317,0.17770300805568695,-0.14212152361869812,0.19099794328212738,-0.10294078290462494
0.0,1.2274243831634521,0.0,1.0525925159454346,0.0,0.0004976941272616386,0.0,0.001122797722928226,1.138463020324707,-0.3293604254722595,1.2680150270462036,0.305368572473526,0.17723004519939423,-0.14070357382297516,0.19065645337104797,-0.10128974914550781
2.1296802,6.619577407836914,0.0,4.951446533203125,1.1240668,-1.2606592178344727,0.0,0.0005458295345306396,1.1373690366744995,-0.32484257221221924,1.2690349817276,0.30448952317237854,0.17676174640655518,-0.13930143415927887,0.19032055139541626,-0.09965422749519348
0.0,0.487338662147522,0.0,0.5022789835929871,0.0,0.0009539344464428723,2.2598224,-1.7512823343276978,1.1362899541854858,-0.3203527331352234,1.2700517177581787,0.30363425612449646,0.176298126578331,-0.13791483640670776,0.1899898648262024,-0.09803403168916702
0.0,0.6837908029556274,0.0,0.8953362703323364,0.0,0.0004478881892282516,1.1226903,-0.8700289130210876,1.1352261304855347,-0.31589269638061523,1.2710660696029663,0.3028024137020111,0.17583918571472168,-0.13654378056526184,0.1896647810935974,-0.09642955660820007
0.0,1.0473142862319946,0.0,0.679885983467102,0.0,0.0008393579046241939,0.0,0.001867456827312708,1.1341768503189087,-0.3114619255065918,1.2720775604248047,0.3019945025444031,0.17538484930992126,-0.13518811762332916,0.18934482336044312,-0.0948406308889389
0.80196035,11.62391185760498,1.1210644,6.642148494720459,0.38924807,-0.43661603331565857,0.0,0.00027056847466155887,1.1331425905227661,-0.30706313252449036,1.2730861902236938,0.30120933055877686,0.1749349981546402,-0.13384777307510376,0.18903028964996338,-0.09326744824647903
0.0,0.9383149147033691,1.3245889,0.42328596115112305,0.0,0.000658057106193155,1.3245889,-1.026078701019287,1.1321231126785278,-0.3026951551437378,1.2740923166275024,0.300447940826416,0.17448964715003967,-0.13252243399620056,0.18872100114822388,-0.09171000123023987
0.0,0.1962697058916092,0.0,0.4461055099964142,0.0,0.0013007997767999768,0.0,0.002100168028846383,1.1311180591583252,-0.298359215259552,1.275095820426941,0.2997099459171295,0.174048513174057,-0.13121190667152405,0.18841682374477386,-0.09016825258731842
0.0,8.180514335632324,0.4338743,5.363124370574951,0.0,0.00011586471373448148,0.69098353,-0.5358200073242188,1.1301273107528687,-0.2940565347671509,1.276097059249878,0.29899463057518005,0.17361189424991608,-0.12991641461849213,0.18811780214309692,-0.08864230662584305
0.0,2.406019926071167,0.39515257,2.0898876190185547,0.39515257,-0.4431459605693817,1.3740534,-1.0653042793273926,1.1291511058807373,-0.28978705406188965,1.2770956754684448,0.2983023524284363,0.17317940294742584,-0.1286354959011078,0.18782393634319305,-0.08713214099407196
0.0,4.463937759399414,1.0954869,2.888324737548828,0.0,0.00024482590379193425,0.0,0.000548331590835005,1.1281890869140625,-0.28555136919021606,1.2780921459197998,0.2976330518722534,0.172751322388649,-0.12736916542053223,0.18753501772880554,-0.08563771843910217
0.0,9.02186393737793,0.0,5.941948413848877,0.0,0.00015078838623594493,0.0,0.000198821333469823,1.1272410154342651,-0.2813505530357361,1.279086709022522,0.296985924243927,0.17232748866081238,-0.12611731886863708,0.18725094199180603,-0.08415920287370682
0.0,0.21515868604183197,0.0,0.4607921242713928,1.4298987,-1.6035245656967163,0.0,0.0018064148025587201,1.1263068914413452,-0.27718406915664673,1.2800787687301636,0.2963617444038391,0.17190778255462646,-0.12487969547510147,0.18697205185890198,-0.08269646763801575
2.9111493,-1.2079230546951294,3.3054607,-0.2930832505226135,0.0,0.0021647608373314142,0.0,0.0006985607906244695,1.1253869533538818,-0.2730534076690674,1.281069040298462,0.2957596182823181,0.17149221897125244,-0.12365628033876419,0.18669791519641876,-0.08124954998493195
1.4506029,3.329714298248291,1.1245065,2.5491580963134766,0.0,0.0002631794777698815,0.0,0.0005589353386312723,1.1244804859161377,-0.26895835995674133,1.282057285308838,0.2951797544956207,0.1710805892944336,-0.12244682013988495,0.18642854690551758,-0.07981842011213303
1.0160999,7.234338760375977,0.0,5.268265724182129,0.0,0.00011157367407577112,0.0,0.00017951308109331876,1.1235876083374023,-0.2648991048336029,1.2830435037612915,0.29462188482284546,0.17067313194274902,-0.12125121057033539,0.18616387248039246,-0.07840297371149063
0.4255996,9.962310791015625,0.919729,6.27962589263916,0.0,0.000291662581730634,1.3496196,-1.0467686653137207,,,,,,,,
0.0,0.046961139887571335,0.0,0.981122612953186,0.0,0.0023354417644441128,0.0,0.0008872386533766985,,,,,,,,
0.0,6.446863651275635,1.6081843,3.9543204307556152,0.0,0.00015364897262770683,0.0,0.00036816971260122955,,,,,,,,
1.6330197,-0.6227095723152161,0.0,0.8855614066123962,0.0,0.002512990264222026,0.0,0.001061591086909175,,,,,,,,
0.0,0.1378302127122879,1.3223314,0.06547397375106812,1.3223314,-1.4831308126449585,1.3223314,-1.0244337320327759,,,,,,,,
0.0,0.18749094009399414,0.0,0.44326305389404297,0.0,0.0013100859941914678,0.0,0.00205163168720901,,,,,,,,
0.0,0.2701434791088104,0.0,0.4701831340789795,0.81285745,-0.9111354351043701,1.4878678,-1.1524231433868408,,,,,,,,
0.80775833,3.9536585807800293,0.0,2.9441640377044678,0.0,0.000302745756926015,0.0,0.000686767278239131,,,,,,,,
0.0,12.341217994689941,0.9285366,6.898895263671875,0.0,0.00024720950750634074,0.0,0.0002656822034623474,,,,,,,,
0.0,0.265552282333374,0.0,0.5010902881622314,0.0,0.0007021345663815737,1.0521127,-0.814838707447052,,,,,,,,
0.0,0.37874358892440796,0.0,0.5509176850318909,0.0,0.0005607224884442985,0.0,0.0011545903980731964,,,,,,,,
0.0,0.02628093957901001,0.0,0.815518319606781,0.0,0.0032970139291137457,0.0,0.0012557962909340858,,,,,,,,
0.0,8.721366882324219,0.0,6.003164768218994,0.0,0.00015496007108595222,0.0,0.00016223068814724684,,,,,,,,
0.6040823,3.1032392978668213,0.0,2.596489667892456,0.0,0.00029118589009158313,0.0,0.0005975367967039347,,,,,,,,
0.0,6.400410175323486,0.0,4.122338771820068,0.0,0.0002196785935666412,0.0,0.0005399914807640016,,,,,,,,
1.3016381,8.99088191986084,0.0,6.419210433959961,0.0,0.0001618731184862554,0.0,0.00013433984713628888,,,,,,,,
0.15790002,12.005614280700684,0.7550379,6.90451717376709,0.0,0.00026043839170597494,1.255129,-0.973450243473053,,,,,,,,
0.0,0.10555645078420639,0.0,0.3867129683494568,3.1809533,-3.5685477256774902,0.0,0.0017847575945779681,,,,,,,,
0.0,4.436733722686768,0.0,3.2433969974517822,0.0,0.01883397251367569,0.0,0.017589295282959938,,,,,,,,
0.0,0.28151729702949524,0.0,0.49139735102653503,0.6487169,-0.7271813750267029,1.381972,-1.0705922842025757,,,,,,,,
0.0,6.654527187347412,0.0,4.915417671203613,0.0,0.0003927174839191139,0.0,0.00029273517429828644,,,,,,,,
0.0,8.137882232666016,0.0,4.815883159637451,0.0,0.0005030558677390218,0.0,0.0010900514898821712,,,,,,,,
0.0,9.411029815673828,1.4315012,5.9145307540893555,0.0,0.00023052419419400394,0.0,0.00018285033002030104,,,,,,,,
0.0,0.29323679208755493,0.0,0.4991794228553772,0.0,0.0008195855189114809,0.0,0.0014992436626926064,,,,,,,,
0.9096375,10.787854194641113,1.4932563,6.472539901733398,0.0,0.00020549570035655051,0.9933729,-0.7704291343688965,,,,,,,,
0.0,4.618587493896484,0.6342426,3.151501178741455,1.1344347,-1.2728431224822998,1.3776729,-1.068094253540039,,,,,,,,
0.0,0.2021835744380951,0.0,0.44435960054397583,0.0,0.0013337773270905018,0.0,0.0021063541062176228,,,,,,,,
0.0,0.2978383004665375,0.0,0.48649701476097107,0.0,0.0009253510506823659,0.0,0.0016705142334103584,,,,,,,,
0.44266835,9.858223915100098,0.44266835,6.469683647155762,0.0,0.00020037073409184813,0.87453765,-0.6782655715942383,,,,,,,,
1.5893116,6.728846549987793,0.0,4.759160995483398,1.1448169,-1.2845968008041382,0.9824072,-0.7617685198783875,,,,,,,,
0.0,12.484020233154297,0.0,7.119353294372559,0.0,0.00027056847466155887,0.0,0.00029023250681348145,,,,,,,,
0.0,3.3789985179901123,0.0,2.545020580291748,0.0,0.0003081085451412946,0.0,0.000659248442389071,,,,,,,,
0.0,0.4184224605560303,1.0008926,0.33164098858833313,0.32173562,-0.3604815602302551,1.4722611,-1.1409285068511963,,,,,,,,
1.206626,-0.2548166513442993,0.0,0.5413041114807129,0.0,0.000647692708298564,0.0,0.0011081513948738575,,,,,,,,
0.0,9.954022407531738,0.0,6.114932537078857,0.0,0.0003630455757956952,0.0,0.00046921687317080796,,,,,,,,
0.0,9.43111801147461,0.0,5.759887218475342,0.0,0.00014172980445437133,0.0,0.00026639728457666934,,,,,,,,
0.0,1.4976446628570557,0.7021024,1.1191893815994263,0.4913227,-0.5508922338485718,1.1838357,-0.9173023700714111,,,,,,,,
0.0,7.939114570617676,2.0780773,5.222046375274658,1.4415793,-1.6175923347473145,0.0,0.00015793983766343445,,,,,,,,
0.0,0.1226535439491272,0.0,0.3917376697063446,3.2068782,-3.5976309776306152,2.8129604,-2.1804306507110596,,,,,,,,
0.0,0.650481104850769,0.0,0.6184222102165222,0.0,0.0006691362359561026,0.0,0.0014563917648047209,,,,,,,,
0.0,9.035917282104492,0.0,5.659083366394043,0.0,0.0006324436399154365,0.0,0.0004576589271891862,,,,,,,,
0.0,0.16108080744743347,0.0,0.4182417690753937,0.0,0.0014885308919474483,0.0,0.0022374375257641077,,,,,,,,
0.0,10.828840255737305,1.2512026,6.441717147827148,0.0,0.00018439977429807186,0.0,0.0001896439935080707,,,,,,,,
0.0,0.45927324891090393,0.0,0.5269269347190857,0.0,0.0008700875914655626,0.0,0.0017081208061426878,,,,,,,,
0.0,0.13067829608917236,0.0,0.4093952476978302,1.5714513,-1.7624189853668213,1.5714513,-1.2174102067947388,,,,,,,,
0.0,0.2973000705242157,0.0,0.47460606694221497,0.0,0.0019740634597837925,0.0,0.0032209681812673807,,,,,,,,
0.0,0.225283682346344,0.0,0.46645063161849976,0.0,0.0012357940431684256,0.0,0.00199773907661438,,,,,,,,
0.0,0.20802414417266846,0.0,0.4418165385723114,1.5967185,-1.7906659841537476,1.3565887,-1.0505167245864868,,,,,,,,
0.0,9.883210182189941,2.8110487,5.332695960998535,0.0,0.0008482910343445837,0.0,0.0006634180317632854,,,,,,,,
0.0,0.47685477137565613,0.0,0.5620297193527222,0.9489879,-1.064277172088623,0.0,0.0014329414116218686,,,,,,,,
0.0,0.3314148485660553,0.7234626,0.34071093797683716,0.0,0.0005729940603487194,0.0,0.001192097319290042,,,,,,,,
1.3595209,8.599954605102539,0.7395514,5.496328830718994,1.1784956,-1.3224173784255981,0.7395514,-0.5734370946884155,,,,,,,,
0.0,0.39044761657714844,0.0,0.5208969116210938,1.3221619,-1.483014702796936,1.2468861,-0.9658119082450867,,,,,,,,
1.0014551,11.439840316772461,0.47333458,6.714624404907227,0.0,0.00020203932945150882,0.0,0.0002899941464420408,,,,,,,,
0.0,1.0483464002609253,0.89769065,0.7886929512023926,0.0,0.0005315321614034474,1.1503431,-0.8912093043327332,,,,,,,,
0.0,0.4093180000782013,0.0,0.5229365825653076,0.0,0.0019424158381298184,0.0,0.0033273117151111364,,,,,,,,
0.78908896,10.725707054138184,1.1032138,6.5117316246032715,0.0,0.0002094287920044735,1.1032138,-0.8556487560272217,,,,,,,,
0.38208655,2.8894317150115967,1.1047403,2.1107912063598633,0.8573273,-0.961810827255249,0.0,0.000694153131917119,,,,,,,,
0.0,0.300081729888916,0.89462733,0.2777820825576782,0.0,0.0006411403883248568,0.0,0.0012963948538526893,,,,,,,,
0.0,4.546348571777344,0.7211973,3.2220206260681152,0.0,0.00023362292267847806,0.39221418,-0.30374643206596375,,,,,,,,
0.0,6.667530059814453,0.0,4.3383684158325195,0.0,0.00019071667338721454,0.0,0.00042000532266683877,,,,,,,,
0.56639147,10.28909969329834,0.56639147,6.549818992614746,0.0,0.00018726025882642716,1.1809344,-0.9159596562385559,,,,,,,,
0.0,0.16644510626792908,0.0,0.42019495368003845,2.1372697,-2.3973941802978516,1.5429416,-1.1952900886535645,,,,,,,,
0.0,0.27000826597213745,0.0,0.4855448007583618,0.0,0.000795882020611316,1.1663535,-0.9033703207969666,,,,,,,,
0.0,0.4230526387691498,0.5284933,0.4508439898490906,0.0,0.0006130246329121292,1.4294095,-1.1076573133468628,,,,,,,,
1.4439504,2.9648637771606445,1.9025998,3.0611815452575684,0.0,0.0007888542604632676,0.0,0.00039545822073705494,,,,,,,,
1.2770659,7.0834527015686035,0.5300606,5.236772060394287,0.0,0.0004772001120727509,0.0,0.000277123210253194,,,,,,,,
0.0,0.32645201683044434,0.0,0.47098350524902344,0.0,0.0010783816687762737,0.0,0.0019207615405321121,,,,,,,,
0.44601145,2.8010306358337402,1.5232468,2.0737109184265137,0.0,0.0002851079625543207,0.0,0.0005697772721759975,,,,,,,,
0.0,9.12393856048584,1.4321232,5.802637577056885,0.0,0.0003002431185450405,0.0,0.00021264675888232887,,,,,,,,
1.0402834,0.5260149240493774,0.90907264,0.7667942643165588,0.46771204,-0.5244160294532776,0.0,0.0009978797752410173,,,,,,,,
0.71653503,9.374942779541016,0.71653503,6.2354254722595215,0.0,0.00020954797219019383,0.0,0.0001463782973587513,,,,,,,,
0.0,0.11726813018321991,0.0,0.3931421637535095,2.1603713,-2.423386812210083,1.3852679,-1.0731093883514404,,,,,,,,
0.0,1.6391345262527466,1.4192193,1.6314278841018677,0.0,0.00023910524032544345,0.0,0.00043084874050691724,,,,,,,,
0.0,10.316460609436035,1.4947183,6.048332214355469,0.0,0.00016115797916427255,0.0,0.0002115741081070155,,,,,,,,
0.8467489,0.22025519609451294,1.1543787,1.472788691520691,0.5104737,-0.5711213946342468,0.0,0.0008386432309634984,,,,,,,,
0.0,3.4412810802459717,0.0,2.5759172439575195,0.0,0.0003116837178822607,0.0,0.0006301801186054945,,,,,,,,
1.4473134,-0.3195613920688629,0.58369493,1.2190496921539307,0.0,0.002155958442017436,0.0,0.0010094314347952604,,,,,,,,
0.0,0.01839962974190712,0.0,0.7312983274459839,0.0,0.002696095034480095,0.0,0.000977276940830052,,,,,,,,
0.0,0.42457854747772217,0.0,0.6357298493385315,0.0,0.0005508335889317095,0.0,0.0011387537233531475,,,,,,,,
0.0,5.170526027679443,2.5667257,3.498885154724121,0.0,0.0001532914029667154,0.0,0.0003053675754927099,,,,,,,,
0.0,0.3125015199184418,0.0,0.5525350570678711,0.0,0.0012442474253475666,0.0,0.002042947104200721,,,,,,,,
2.1131556,5.83291482925415,0.0,4.974923133850098,0.0,0.0005340342177078128,0.0,0.000321336614433676,,,,,,,,
0.9636517,10.49376106262207,0.66004235,6.59800910949707,0.0,0.0001817776501411572,0.9636517,-0.7473893165588379,,,,,,,,
0.0,0.6123027801513672,0.0,0.5724744200706482,0.0,0.0011533997021615505,0.0,0.002206393051892519,,,,,,,,
0.0,11.487488746643066,0.0,6.949218273162842,0.0,0.00037293630884960294,0.0,0.00031287543242797256,,,,,,,,
0.0,2.824338912963867,1.1797282,1.9505306482315063,0.57180536,-0.6413822770118713,0.8607176,-0.6670175194740295,,,,,,,,
0.0,0.3709830045700073,0.0,0.5212914943695068,0.0,0.0008781867218203843,0.0,0.0016215997748076916,,,,,,,,
1.0252111,10.68454360961914,1.5242653,6.3782877922058105,0.0,0.00029666791670024395,0.38386044,-0.2975369691848755,,,,,,,,
1.2988024,9.419099807739258,1.7761418,5.911656856536865,0.7843996,-0.8799206018447876,0.0,0.00025948495022021234,,,,,,,,
0.0,4.645658016204834,0.0,3.862668514251709,0.0,0.00014995403762441128,0.0,0.0002669931564014405,,,,,,,,
0.0,0.7690156698226929,0.0,0.752055823802948,0.0,0.001095886342227459,0.0,0.0022294684313237667,,,,,,,,
0.0,7.851586818695068,1.0460908,4.843509674072266,0.0,0.00013982271775603294,0.0,0.00027426297310739756,,,,,,,,
0.0,0.1707644909620285,0.0,0.4467637538909912,0.0,0.0010799296433106065,0.0,0.0017581019783392549,,,,,,,,
0.0,0.34429216384887695,0.0,0.5022720694541931,0.0,0.0008257793379016221,2.8276033,-2.191965341567993,,,,,,,,
0.0,0.5096124410629272,0.8297588,0.407029926776886,0.54569566,-0.6117879152297974,1.1853933,-0.9182584881782532,,,,,,,,
1.5222557,-0.5999154448509216,1.0442394,0.5260850191116333,0.0,0.002407154766842723,0.0,0.0009654866298660636,,,,,,,,
0.0,0.30818411707878113,1.0409744,0.210016131401062,0.0,0.0008305437513627112,0.0,0.0016163630643859506,,,,,,,,
0.0,7.941858291625977,0.0,5.410033702850342,0.0,0.000740968796890229,0.0,0.0005611990345641971,,,,,,,,
0.0,2.8166892528533936,0.0,2.331909656524658,0.0,0.00034409802174195647,0.0,0.0007609808817505836,,,,,,,,
1.4192277,6.391147136688232,1.3356113,4.590395450592041,0.0,0.00010466027742950246,0.6053474,-0.4694082736968994,,,,,,,,
0.0,0.16033154726028442,0.0,0.4351588189601898,0.0,0.0011850723531097174,0.0,0.001888517290353775,,,,,,,,
0.58109164,6.387636661529541,0.0,4.630319595336914,0.0,0.00013219437096267939,1.3030528,-1.0106006860733032,,,,,,,,
0.0,0.39769378304481506,0.0,0.520471453666687,0.0,0.0009242791566066444,0.0,0.0018191470298916101,,,,,,,,
0.0,9.745752334594727,1.4609356,5.688232421875,0.0,0.0005373702733777463,0.0,0.0003840185818262398,,,,,,,,
1.1143409,9.765213966369629,0.70983475,6.218175888061523,0.70983475,-0.7961858510971069,0.0,0.000291662581730634,,,,,,,,
0.0,0.583107590675354,0.7714788,0.38021978735923767,0.0,0.0007557396893389523,0.0,0.0016312400111928582,,,,,,,,
0.0,3.550243377685547,0.0,2.9625651836395264,0.0,0.0002057340752799064,0.0,0.00039414744242094457,,,,,,,,
0.0,9.430234909057617,0.0,6.372005939483643,0.0,0.00015615197480656207,0.0,0.00015639036428183317,,,,,,,,
0.0,8.51650333404541,0.4845214,5.3635711669921875,0.0,0.0001134808044298552,0.8226096,-0.6379182934761047,,,,,,,,
0.0,0.6881674528121948,0.88021195,0.4829126298427582,0.0,0.0005895545473322272,0.0,0.0012312696781009436,,,,,,,,
1.2824961,4.333769798278809,0.0,3.8406777381896973,0.0,0.00014482879487331957,0.0,0.0002571013756096363,,,,,,,,
0.75297385,11.196638107299805,0.5517022,6.623388767242432,0.24058828,-0.2698190212249756,0.75297385,-0.5839184522628784,,,,,,,,
0.0,5.314841270446777,0.0,4.277074813842773,0.0,0.00011383838864276186,0.0,0.00019035911827813834,,,,,,,,
1.7913196,4.608208179473877,0.8929412,3.4126827716827393,0.8929412,-1.00189208984375,0.0,0.0004415729199536145,,,,,,,,
0.0,0.31598031520843506,0.0,0.6227054595947266,2.0903034,-2.345241069793701,0.0,0.0011343479854986072,,,,,,,,
1.7081141,8.482292175292969,0.0,5.962065696716309,0.0,0.00013076403411105275,0.0,0.00016497205069754273,,,,,,,,
0.0,0.6254277229309082,0.0,0.5889589786529541,0.0,0.0009417866240255535,0.0,0.0018653151346370578,,,,,,,,
0.0,0.30578434467315674,0.0,0.5420277714729309,1.141513,-1.2803051471710205,0.0,0.0014580582501366735,,,,,,,,
0.0,1.1786468029022217,0.0,0.8258702158927917,0.0,0.0006406639004126191,0.0,0.0014398456551134586,,,,,,,,
0.0,10.088323593139648,0.0,6.296055793762207,0.0,0.00048708971007727087,0.0,0.0003492222458589822,,,,,,,,
0.0,1.3967931270599365,1.1596099,0.9548808336257935,1.1596099,-1.300934910774231,0.0,0.0009105826611630619,,,,,,,,
0.0,4.997897624969482,0.0,3.9265241622924805,0.0,0.00017581824795342982,0.0,0.0003630455757956952,,,,,,,,
2.1969392,7.992872714996338,1.6290282,5.69937801361084,0.0,0.00011216964776394889,0.0,0.00012730741582345217,,,,,,,,
0.8528781,-0.318850040435791,1.251641,0.507964015007019,0.0,0.002290603704750538,0.0,0.0009029601933434606,,,,,,,,
0.0,0.3302839398384094,0.7426129,0.31095385551452637,0.0,0.000701658078469336,1.057843,-0.8192629218101501,,,,,,,,
0.0,8.52833366394043,0.0,5.568201065063477,0.0,0.00010048838157672435,0.0,0.00018809456378221512,,,,,,,,
1.6275527,9.21436595916748,0.95918506,5.742004871368408,0.0,0.00012790338951162994,1.1580364,-0.8981114625930786,,,,,,,,
0.0,0.395342618227005,0.0,0.49952706694602966,0.0,0.0010355116100981832,0.0,0.0018889933126047254,,,,,,,,
0.0,0.34015411138534546,0.0,0.5285153388977051,0.0,0.0006703275139443576,0.0,0.0013567537534981966,,,,,,,,
0.0,6.510888576507568,0.0,4.154460430145264,0.0,0.00021252757869660854,0.0,0.00048196621355600655,,,,,,,,
0.0,0.006467245984822512,3.3736525,-0.31870603561401367,0.0,0.0021736822091042995,0.0,0.000701658078469336,,,,,,,,
1.0059851,10.751229286193848,1.0059851,6.6141510009765625,0.6941811,-0.7787815928459167,0.0,0.0001991788885788992,,,,,,,,
0.66795117,7.802083492279053,0.0,5.452496528625488,0.0,0.00011979816190432757,0.9773817,-0.7579960823059082,,,,,,,,
0.0,0.5181146264076233,0.0,0.7913150787353516,0.0,0.000559292733669281,0.0,0.0010553987231105566,,,,,,,,
0.0,1.7810454368591309,0.0,1.7203953266143799,0.50466776,-0.5659932494163513,0.0,0.0007664603181183338,,,,,,,,
0.0,12.673929214477539,0.0,7.121802806854248,0.0,0.0003234816831536591,0.0,0.00031585473334416747,,,,,,,,
0.0,8.493406295776367,0.0,5.502516746520996,0.0,0.0008044582791626453,0.0,0.0007964776013977826,,,,,,,,
0.0,4.310672760009766,1.4727926,3.1011667251586914,0.0,0.00016032364510465413,0.0,0.00032181330607272685,,,,,,,,
0.8654246,-0.3351874053478241,1.2954985,0.4391283690929413,0.0,0.002275260630995035,0.0,0.0008995062671601772,,,,,,,,
0.0,0.411601722240448,0.49536532,0.6335731148719788,0.0,0.0004638549580704421,0.0,0.0009003399754874408,,,,,,,,
0.0,1.078003168106079,0.0,0.9641374349594116,0.0,0.0005857420619577169,0.0,0.0013710394268855453,,,,,,,,
0.0,1.5923452377319336,0.0,2.2478861808776855,0.0,0.0026115619111806154,0.0,0.002535582985728979,,,,,,,,
0.0,1.8628368377685547,0.0,1.5680744647979736,0.0,0.0003810394846368581,0.7204237,-0.5580706596374512,,,,,,,,
0.0,1.5231773853302002,0.0,1.6746398210525513,0.0,0.0003178806509822607,0.0,0.0006295844214037061,,,,,,,,
0.8998468,2.266159772872925,1.2952058,2.7718517780303955,0.0,0.0009548871894367039,0.96264875,-0.7462728023529053,,,,,,,,
1.059046,11.506423950195312,1.3892866,6.701985836029053,0.7387854,-0.8288249373435974,0.0,0.00021741411183029413,,,,,,,,
0.0,0.13055527210235596,0.0,0.40502846240997314,1.9274172,-2.1619255542755127,1.3666742,-1.058656930923462,,,,,,,,
0.0,10.86038875579834,0.0,6.415533065795898,0.0,0.0004832768754567951,0.0,0.00039545822073705494,,,,,,,,
0.0,0.13300402462482452,0.0,0.4330194592475891,0.0,0.0009140365873463452,0.0,0.0014299653703346848,,,,,,,,
0.0,0.4999825358390808,0.8949531,1.3856632709503174,0.0,0.002179748611524701,0.17614943,-0.13558970391750336,,,,,,,,
0.0,11.154396057128906,0.0,6.839944839477539,0.0,0.0001821352052502334,0.0,0.00018225439998786896,,,,,,,,
0.0,2.5213239192962646,0.91940975,2.2401318550109863,0.0,0.00024101213784888387,1.3269589,-1.0289478302001953,,,,,,,,
0.0,1.9615669250488281,0.0,1.7830908298492432,0.0,0.0007560970261693001,0.0,0.0015410225605592132,,,,,,,,
0.0,0.3844638168811798,0.0,0.5518693923950195,0.0,0.0007421599584631622,0.0,0.0014948395546525717,,,,,,,,
0.0,0.2293909639120102,0.0,0.46299445629119873,0.0,0.0010087168775498867,0.0,0.0017043125117197633,,,,,,,,
2.2083604,11.824647903442383,1.1550562,6.9532976150512695,0.8239383,-0.9243950247764587,0.0,0.00027247529942542315,,,,,,,,
1.1471783,9.557782173156738,0.0,6.473262310028076,1.1471783,-1.2870876789093018,0.0,0.00022671037004329264,,,,,,,,
0.0,0.24436211585998535,0.0,0.46223753690719604,0.0,0.0009945451747626066,0.0,0.0017423938261345029,,,,,,,,
0.0,0.14608001708984375,0.0,0.43746957182884216,0.0,0.0010157431242987514,0.0,0.0016388569492846727,,,,,,,,
0.43640995,11.677496910095215,1.3964874,6.680609703063965,0.8760591,-0.982864499092102,0.0,0.00024470672360621393,,,,,,,,
0.0,0.05367923900485039,1.0586283,0.6719188094139099,0.0,0.002261463785544038,0.0,0.0009076051646843553,,,,,,,,
2.0230293,7.588624477386475,0.9939432,5.1207404136657715,0.0,0.00011085849109804258,0.0,0.00021109737281221896,,,,,,,,
0.0,0.2755477726459503,0.0,0.5024703145027161,0.0,0.001077905297279358,0.0,0.0018886362668126822,,,,,,,,
0.0,0.03268376737833023,1.3249817,0.4705667495727539,0.0,0.0022922686766833067,0.0,0.0009270184673368931,,,,,,,,
0.0,0.4251665771007538,0.0,0.6121092438697815,0.0,0.0006316096987575293,3.024493,-2.344926357269287,,,,,,,,
0.0,0.16217440366744995,0.0,0.41182777285575867,0.0,0.0019001776818186045,0.0,0.0028266259469091892,,,,,,,,
0.0,6.3402323722839355,0.0,4.388779163360596,0.0,0.00047088501742109656,0.0,0.0009217780898325145,,,,,,,,
1.3123592,4.364573001861572,0.6766899,3.1097350120544434,0.56526506,-0.6341023445129395,0.2477988,-0.19166168570518494,,,,,,,,
0.0,6.033764362335205,1.3304254,3.967189311981201,0.80264527,-0.9006072878837585,0.0,0.0003274143091402948,,,,,,,,
0.0,0.4216163754463196,0.0,0.5440332293510437,0.0,0.0009573881980031729,0.0,0.001804986852221191,,,,,,,,
0.0,0.14685505628585815,1.6397796,-0.029441624879837036,1.4512619,-1.627608299255371,2.0390563,-1.5802969932556152,,,,,,,,
0.0,0.4060195982456207,0.8168428,0.4309844374656677,0.0,0.0006114759016782045,0.6491508,-0.5024381279945374,,,,,,,,
0.0,0.295905739068985,0.5258223,0.38018906116485596,0.5258223,-0.5894046425819397,1.2936184,-1.002241611480713,,,,,,,,
0.0,9.941604614257812,0.0,6.052990913391113,0.0,0.000856628583278507,0.0,0.0006702084210701287,,,,,,,,
0.0,0.40595296025276184,0.0,0.7537143230438232,0.0,0.000444551813416183,0.0,0.0008925982983782887,,,,,,,,
0.0,0.17305436730384827,0.0,0.43160557746887207,0.0,0.001534119131974876,2.7374954,-2.1213574409484863,,,,,,,,
0.0,0.20441903173923492,0.0,0.4477391242980957,2.2820776,-2.5593831539154053,2.2820776,-1.767820954322815,,,,,,,,
0.0,3.5697035789489746,1.1071742,2.5902280807495117,0.9747288,-1.0935999155044556,1.2532357,-0.9716259837150574,,,,,,,,
0.0,0.5406752228736877,0.0,0.5652792453765869,0.0,0.0012335318606346846,0.0,0.0023448371794074774,,,,,,,,
0.0,4.4647979736328125,0.0,3.7030739784240723,0.0,0.00016830935783218592,0.0,0.00030858523678034544,,,,,,,,
1.0944061,11.352789878845215,1.4530717,6.664521217346191,0.0,0.00027307120035402477,0.51132214,-0.39643439650535583,,,,,,,,
0.69366753,7.359201431274414,1.3371664,5.112816333770752,0.69366753,-0.7780022621154785,0.0,0.00027843413408845663,,,,,,,,
0.0,0.687623143196106,0.0,0.7314622402191162,0.0,0.000609927112236619,0.0,0.001303180935792625,,,,,,,,
0.0,11.562990188598633,0.0,6.675398349761963,0.0,0.0005100856651552022,0.0,0.0004233417857903987,,,,,,,,
0.0,0.4786008298397064,0.0,1.0023881196975708,0.0,0.0003887851198669523,0.0,0.000724887300748378,,,,,,,,
0.0,0.13676486909389496,0.0,0.4133477210998535,1.6317174,-1.830221176147461,1.0805953,-0.8368117809295654,,,,,,,,
0.0,0.198806032538414,0.0,0.4500320553779602,2.0323174,-2.279815673828125,1.0512979,-0.8140947818756104,,,,,,,,
0.0,2.4756481647491455,1.6728728,1.6087344884872437,0.89219445,-1.0009164810180664,0.0,0.0007512131123803556,,,,,,,,
0.0,10.012845039367676,0.0,6.525826930999756,1.218788,-1.3675707578659058,0.0,0.00018690270371735096,,,,,,,,
0.0,0.19555479288101196,0.0,0.4534688889980316,0.0,0.0007974305190145969,0.0,0.0013779440196231008,,,,,,,,
0.0,11.732467651367188,0.0,6.720324993133545,0.0,0.00022706791060045362,0.0,0.0003532739356160164,,,,,,,,
0.0,0.5436667799949646,0.0,0.7155870199203491,0.0,0.0006437613046728075,0.0,0.0013293724041432142,,,,,,,,
0.0,0.1762983202934265,0.0,0.46107521653175354,0.0,0.0008497203234583139,0.0,0.0014993627555668354,,,,,,,,
0.0,4.485650539398193,1.5625057,3.179751396179199,0.0,0.00015615197480656207,0.0,0.00031573555315844715,,,,,,,,
0.0,0.13915014266967773,0.0,0.40703099966049194,2.0880394,-2.3421499729156494,1.0719826,-0.8299646377563477,,,,,,,,
0.0,4.53203010559082,0.0,3.3176727294921875,0.0,0.00021324267436284572,0.0,0.0004661188868340105,,,,,,,,
0.0,10.130480766296387,0.0,6.390501976013184,0.0,0.00015877417172305286,0.0,0.0002033503697020933,,,,,,,,
0.0,0.04496755823493004,2.2572083,0.2610933184623718,0.0,0.0025299943517893553,0.0,0.001022888463921845,,,,,,,,
0.0,0.4363000988960266,0.0,0.5460168719291687,0.0,0.0008032671175897121,0.0,0.0015751824248582125,,,,,,,,
0.0,0.1648010015487671,0.0,0.44145888090133667,0.0,0.001359134796075523,0.0,0.0021506056655198336,,,,,,,,
0.0,8.94448184967041,1.9586334,5.381094932556152,0.0,0.00010907054820563644,1.9586334,-1.519248604774475,,,,,,,,
0.5241746,-0.13723111152648926,0.80496913,0.7852306962013245,0.0,0.002419522497802973,0.0,0.0010567086283117533,,,,,,,,
0.0,9.524197578430176,0.0,5.956277847290039,0.0,0.00022313489171210676,0.0,0.0003480305604171008,,,,,,,,
0.0,0.18329209089279175,0.0,0.44662991166114807,0.0,0.0010825494537129998,1.8580532,-1.4397661685943604,,,,,,,,
0.0,0.13140389323234558,0.0,0.4044419229030609,2.4358711,-2.7325305938720703,0.9835623,-0.7614111304283142,,,,,,,,
0.0,5.767070293426514,0.83646905,3.9947755336761475,0.0,0.0010113369207829237,0.0,0.0007512131123803556,,,,,,,,
0.0,0.5056202411651611,0.0,0.5808632969856262,0.0,0.0006967739318497479,0.0,0.0014074668288230896,,,,,,,,
0.37912065,10.522383689880371,1.1031032,6.418653964996338,0.0,0.00019238528329879045,1.1750394,-0.9113787412643433,,,,,,,,
0.0,0.33644914627075195,0.0,0.4875408113002777,0.0,0.001965140225365758,0.0,0.003417961997911334,,,,,,,,
1.1636384,5.480880260467529,1.1636384,4.088657855987549,0.0,0.0009760859538801014,0.0,0.00063744728686288,,,,,,,,
1.4435174,8.058053016662598,0.86243075,5.163954257965088,0.57098097,-0.6406451463699341,0.57098097,-0.44267672300338745,,,,,,,,
0.0,0.5085263252258301,0.0,0.7103448510169983,0.0,0.0005384425749070942,0.7526395,-0.582751452922821,,,,,,,,
0.0,3.703209400177002,0.0,3.040680170059204,0.0,0.00021753329201601446,0.0,0.00047922570956870914,,,,,,,,
0.8874948,10.245357513427734,0.8874948,6.342868328094482,0.0,0.00015877417172305286,0.0,0.00019476900342851877,,,,,,,,
0.0,3.0250840187072754,1.6065254,2.8793413639068604,0.0,0.0007805161876603961,0.0,0.00039033422945067286,,,,,,,,
0.0,10.858839988708496,1.2308775,6.474776744842529,0.0,0.00024232311989180744,1.2308775,-0.9546763896942139,,,,,,,,
0.0,1.2662596702575684,1.2685195,0.9985857009887695,0.0,0.0004396664153318852,0.0,0.0009470268851146102,,,,,,,,
0.0,0.1891700029373169,1.0134622,0.16582337021827698,0.7007555,-0.7853217124938965,1.5222433,-1.1792196035385132,,,,,,,,
0.5956281,7.520681381225586,0.0,5.319486618041992,0.5956281,-0.6683179140090942,1.5171533,-1.1767432689666748,,,,,,,,
0.0,0.19633346796035767,0.0,0.4380638301372528,1.0820354,-1.2133251428604126,1.0820354,-0.8378690481185913,,,,,,,,
0.0,0.5424892902374268,1.0249249,0.3535590171813965,0.3837348,-0.43001261353492737,1.1817315,-0.9154303669929504,,,,,,,,
0.0,0.12212563306093216,0.0,0.406109094619751,0.0,0.001166973845101893,0.0,0.0016797969583421946,,,,,,,,
0.8091562,0.21391570568084717,0.0,0.6587005853652954,0.0,0.0005831210291944444,0.0,0.0011842388194054365,,,,,,,,
0.0,0.148939847946167,0.0,0.48274731636047363,0.0,0.0006107610533945262,0.0,0.0011002921964973211,,,,,,,,
0.0,0.6951823830604553,0.0,0.9720945358276367,0.0,0.0006424508756026626,0.0,0.001259844284504652,,,,,,,,
0.0,8.243837356567383,0.8099999,5.323286056518555,0.0,0.0005550036439672112,0.0,0.0003843760641757399,,,,,,,,
1.9987084,6.2653398513793945,0.0,4.768722057342529,0.0,0.00012683063687290996,0.0,0.00024256148026324809,,,,,,,,
1.9751323,4.7021660804748535,0.5887675,3.8534443378448486,0.0,0.00014780859055463225,0.0,0.00028081765049137175,,,,,,,,
0.0,4.141738414764404,0.0,2.922773599624634,0.0,0.0004215544031467289,0.0,0.0008935510995797813,,,,,,,,
1.24337,7.891932964324951,1.24337,5.3800177574157715,0.0,0.0004354958946350962,0.0,0.00028236693469807506,,,,,,,,
0.0,1.8237370252609253,0.0,1.2604280710220337,0.0,0.0018511555390432477,0.0,0.004091108217835426,,,,,,,,
0.44429168,0.45706427097320557,0.6170181,0.482441246509552,1.4134072,-1.5855586528778076,0.0,0.001347587094642222,,,,,,,,
1.7076496,8.277405738830566,0.0,5.710854530334473,0.0,0.00012683063687290996,0.0,0.0002146728802472353,,,,,,,,
0.0,0.25730475783348083,0.0,0.472687691450119,0.0,0.0013058000477030873,2.4170892,-1.8730542659759521,,,,,,,,
0.0,0.32532331347465515,0.0,0.4836122989654541,0.0,0.001292942208237946,0.8021217,-0.6200563311576843,,,,,,,,
0.87596345,11.93061637878418,1.6184424,6.6914825439453125,0.0,0.0002579356369096786,0.0,0.00022182388056535274,,,,,,,,
0.0,0.21252697706222534,0.0,0.4381245970726013,3.482945,-3.906968832015991,0.0,0.0026862272061407566,,,,,,,,
0.0,0.29317474365234375,0.0,0.48343831300735474,0.8147016,-0.9133270978927612,1.2145236,-0.9404816031455994,,,,,,,,
0.20964575,11.516471862792969,1.33173,6.623467922210693,0.0,0.00021514961554203182,1.0928113,-0.8475593328475952,,,,,,,,
0.0,3.576101303100586,1.1672928,2.488471746444702,0.0,0.00025650550378486514,0.0,0.0005198557628318667,,,,,,,,
1.001694,11.709527015686035,1.4486722,6.525763511657715,0.0,0.00019536493346095085,0.0,0.00024911639047786593,,,,,,,,
1.2917544,-0.45548462867736816,1.4237415,0.6835030317306519,0.0,0.0021162275224924088,0.0,0.0009279712685383856,,,,,,,,
0.0,1.4223253726959229,0.0,1.256819248199463,0.0,0.0005576247931458056,0.0,0.001304609584622085,,,,,,,,
0.31836593,-0.013582572340965271,0.81703067,0.9605219960212708,0.0,0.0020965994335711002,0.0,0.0009118927991949022,,,,,,,,
0.0,0.41818636655807495,1.1173152,0.27458250522613525,1.2109753,-1.3583731651306152,1.7830744,-1.3819580078125,,,,,,,,
1.5678539,9.310586929321289,1.0080467,5.931631088256836,0.0,0.00012230125139467418,0.0,0.00020692592079285532,,,,,,,,
0.0,0.867118775844574,0.0,0.9912790060043335,1.2553583,-1.4083032608032227,0.0,0.0010626628063619137,,,,,,,,
0.0,5.920307159423828,2.985203,3.227539539337158,0.0,0.0001394651480950415,0.0,0.0003327769518364221,,,,,,,,
1.3792074,5.370830059051514,1.3792074,4.28634786605835,1.3792074,-1.5470975637435913,0.0,0.00040987672400660813,,,,,,,,
0.0,2.335143566131592,0.0,2.092519760131836,0.0,0.00036638224264606833,0.0,0.0007278653793036938,,,,,,,,
0.0,7.791036128997803,0.0,4.966060638427734,0.0,0.0017880895175039768,0.0,0.0012517482973635197,,,,,,,,
0.0,0.11468303203582764,0.0,0.4067677855491638,0.0,0.0009735850035212934,0.0,0.0015086471103131771,,,,,,,,
0.0,0.13859952986240387,0.0,0.4059041738510132,2.0285375,-2.2754220962524414,0.757558,-0.5861310958862305,,,,,,,,
2.0090055,8.95419692993164,1.6408416,5.807445526123047,0.0,0.00012134769349358976,0.0,0.0001919085334520787,,,,,,,,
1.1000957,11.84932804107666,0.52444583,7.028565406799316,1.1983414,-1.3445253372192383,0.52444583,-0.406581312417984,,,,,,,,
0.0,6.601493835449219,2.0290582,4.387204647064209,0.0,0.00014351768186315894,0.0,0.00020930961181875318,,,,,,,,
0.0,0.4394388198852539,0.0,0.5368494391441345,0.0,0.0008007657015696168,0.0,0.0016315970569849014,,,,,,,,
0.0,2.8291637897491455,1.0496154,2.4826574325561523,0.0,0.00020168177434243262,0.0,0.00040141629870049655,,,,,,,,
0.0,1.6425328254699707,0.0,2.105966329574585,0.0,0.0002461368858348578,0.0,0.00041106835124082863,,,,,,,,
0.0,10.509346961975098,2.2027214,6.1107563972473145,0.0,0.00018571082910057157,0.0,0.00017081231635529548,,,,,,,,
0.0,0.1664755940437317,0.0,0.4297522306442261,2.1191707,-2.377142906188965,0.0,0.001606484642252326,,,,,,,,
0.0,0.22864168882369995,0.4994211,0.34386146068573,1.9105237,-2.1433193683624268,0.9474225,-0.7336164712905884,,,,,,,,
0.0,10.020277976989746,0.0,6.163358211517334,0.0,0.0008328068652190268,0.0,0.0005816913326270878,,,,,,,,
0.0,2.011136054992676,0.3769333,1.510733962059021,0.3769333,-0.42258718609809875,0.0,0.0009274948388338089,,,,,,,,
0.0,0.47564661502838135,0.5335317,0.4863271713256836,0.0,0.0005435658385977149,0.0,0.001115891383960843,,,,,,,,
0.0,5.288062572479248,0.0,3.663867950439453,0.0,0.00019643761334009469,0.0,0.0003933132975362241,,,,,,,,
0.0,8.427680969238281,1.3280808,4.975133895874023,0.0,0.0001397035230183974,0.0,0.0003143055073451251,,,,,,,,
0.0,0.19951042532920837,0.0,0.6380293965339661,0.0,0.0006876011611893773,0.0,0.0012548437807708979,,,,,,,,
1.3651747,10.113085746765137,1.4329622,6.305922985076904,0.0,0.00016532962035853416,0.0,0.00015472168161068112,,,,,,,,
0.0,0.14219601452350616,0.0,0.4185068607330322,2.677325,-3.003361701965332,0.0,0.0017902314430102706,,,,,,,,
0.0,0.19270378351211548,0.0,0.45440712571144104,0.0,0.0011705459328368306,0.0,0.0019477697787806392,,,,,,,,
0.0,8.977827072143555,0.0,5.538280963897705,0.0,0.00015400654228869826,0.0,0.00031406714697368443,,,,,,,,
0.0,0.1498308926820755,0.0,0.4296102821826935,0.0,0.001416871091350913,0.0,0.002181770745664835,,,,,,,,
0.0,7.647191047668457,0.0,5.115519046783447,0.0,0.00015484087634831667,0.0,0.0003302744007669389,,,,,,,,
1.5447166,9.188636779785156,0.0,6.050062656402588,0.0,0.0001292145170737058,0.0,0.00020180096908006817,,,,,,,,
0.0,2.758676767349243,1.0413638,2.637230396270752,0.0,0.0014818650670349598,0.0,0.0008156548719853163,,,,,,,,
0.0,0.29521241784095764,0.0,0.5314719080924988,0.0,0.0008543655276298523,1.5334631,-1.1880110502243042,,,,,,,,
0.16897997,11.455633163452148,0.8423584,6.725602626800537,0.16897997,-0.1893400102853775,1.1359491,-0.8809914588928223,,,,,,,,
0.0,6.181154727935791,1.0605942,4.283763408660889,0.80356306,-0.901658833026886,1.517574,-1.1770167350769043,,,,,,,,
0.0,7.712785720825195,0.0,5.420279502868652,0.0,0.0005638201837427914,0.0,0.0004070168943144381,,,,,,,,
1.6538446,5.118997097015381,0.0,4.28301477432251,0.98123497,-1.101037859916687,0.0,0.00025245340657420456,,,,,,,,
0.0,0.718666672706604,0.0,0.9088823795318604,0.8447281,-0.9474971294403076,1.0947748,-0.84828120470047,,,,,,,,
0.0,0.014661546796560287,0.0,0.6581301093101501,0.0,0.0025081150233745575,0.0,0.0008778294431976974,,,,,,,,
0.0,0.30843591690063477,0.0,0.5813974142074585,0.0,0.0005540504935197532,0.0,0.0010717130498960614,,,,,,,,
0.0,0.7970761060714722,0.0,0.7970662713050842,0.0,0.0005372511222958565,0.0,0.0011999557027593255,,,,,,,,
0.0,0.3186416029930115,1.7562765,0.04811728000640869,0.0,0.00070296844933182,0.0,0.0014222278259694576,,,,,,,,
0.0,0.8930938243865967,0.0,0.7901953458786011,0.0,0.0005447572330012918,1.4767479,-1.1443936824798584,,,,,,,,
0.0,2.227130174636841,0.0,1.7381432056427002,0.0,0.0004148814477957785,0.0,0.0008779485360719264,,,,,,,,
0.0,0.229758620262146,0.0,0.4611479640007019,0.0,0.0014510351466014981,0.0,0.0023123687133193016,,,,,,,,
0.0,0.8327663540840149,0.0,0.6962901949882507,0.0,0.0006607971154153347,1.3495351,-1.0454367399215698,,,,,,,,
0.0,11.24092960357666,0.0,6.691291332244873,0.0,0.00018726025882642716,0.0,0.00025042734341695905,,,,,,,,
0.0,0.8504681587219238,0.0,0.654854953289032,0.0,0.0007871866691857576,0.0,0.0017523899441584945,,,,,,,,
0.0,0.08498962968587875,3.4847405,-0.028749823570251465,0.0,0.003522859187796712,0.0,0.0016131495358422399,,,,,,,,
1.1658741,5.142714977264404,0.9696243,4.107725620269775,0.0,0.0006898645660839975,0.0,0.00042548662167973816,,,,,,,,
0.0,0.6482269167900085,0.0,0.6088960766792297,0.0,0.0008728270186111331,0.0,0.0018058198038488626,,,,,,,,
1.3513907,5.417638778686523,0.6251778,4.01809024810791,1.1144172,-1.2504793405532837,0.0,0.00033480284037068486,,,,,,,,
0.0,0.3853324055671692,0.0,0.5658607482910156,0.0,0.0007045170641504228,0.0,0.0014256800059229136,,,,,,,,
0.0,4.812671184539795,0.9539862,3.753204345703125,0.0,0.0008779485360719264,0.0,0.0005118728731758893,,,,,,,,
0.0,0.29815977811813354,0.0,0.4755041003227234,0.0,0.0009178477921523154,0.0,0.0016623024130240083,,,,,,,,
0.0,1.4657588005065918,0.0,1.3298213481903076,0.0,0.0004950728034600616,0.0,0.0010748092317953706,,,,,,,,
0.0,0.6075470447540283,1.0704439,0.4962063133716583,0.0,0.00047910655848681927,0.0,0.001004667836241424,,,,,,,,
0.0,0.14392824470996857,0.0,0.41585275530815125,2.1322052,-2.3917176723480225,1.6234641,-1.257779598236084,,,,,,,,
0.0,0.13498558104038239,0.0,0.4014544188976288,2.074947,-2.327390432357788,2.074947,-1.608020544052124,,,,,,,,
0.0,10.913230895996094,0.0,6.625308990478516,0.0,0.0001699779968475923,0.0,0.0001934579631779343,,,,,,,,
0.0,1.8316813707351685,0.86683923,1.4424934387207031,0.0,0.00034707720624282956,0.0,0.000747877755202353,,,,,,,,
0.0,0.22261182963848114,0.4111837,0.34620147943496704,0.4111837,-0.46050015091896057,1.3947765,-1.0804178714752197,,,,,,,,
0.0,0.3185206651687622,0.0,0.49418801069259644,2.588465,-2.903024196624756,0.0,0.0030714739114046097,,,,,,,,
0.0,0.14249399304389954,0.0,0.41776514053344727,2.0370498,-2.2849552631378174,1.1568756,-0.8959106802940369,,,,,,,,
0.0,2.4756226539611816,1.8724871,2.0245563983917236,0.0,0.00024732868769206107,0.0,0.000508417550008744,,,,,,,,
0.0,0.5654780864715576,0.0,0.6174350380897522,0.0,0.0012938946019858122,0.0,0.002416787436231971,,,,,,,,
0.0,0.1795734316110611,0.0,0.44074973464012146,0.0,0.0012022180017083883,1.1252472,-0.8711239099502563,,,,,,,,
0.0,9.140172004699707,2.1804795,5.4375386238098145,0.0,0.00019500737835187465,0.0,0.00018439977429807186,,,,,,,,
0.0,0.2955801486968994,0.0,0.5458247661590576,0.0,0.0005956306122243404,0.0,0.001166259404271841,,,,,,,,
0.0,0.2239910066127777,0.0,0.45734474062919617,0.0,0.0014515112852677703,0.0,0.0023480483796447515,,,,,,,,
0.0,2.101440906524658,2.3614347,2.0222268104553223,0.0,0.00015007323236204684,2.6161103,-2.0292246341705322,,,,,,,,
0.0,0.5626590847969055,0.0,1.6963238716125488,0.0,0.0034701151307672262,0.0,0.0015279296785593033,,,,,,,,
0.0,0.24035675823688507,0.0,0.47205209732055664,0.0,0.0010552796302363276,1.8154335,-1.4066134691238403,,,,,,,,
0.0,0.7153507471084595,1.6554501,0.47447669506073,0.0,0.0005745429079979658,1.3357044,-1.0349878072738647,,,,,,,,
0.0,0.8730050325393677,1.1922464,0.6861132979393005,0.0,0.00045253525604493916,0.0,0.0009433348895981908,,,,,,,,
0.0,5.883334636688232,1.2611302,4.060323715209961,0.0,0.0008704449282959104,0.0,0.0005688241217285395,,,,,,,,
1.9408903,3.6990842819213867,1.9408903,2.572286367416382,0.0,0.0002522150462027639,0.0,0.0005355831235647202,,,,,,,,
0.0,12.116456985473633,0.0,6.843979358673096,0.0,0.0007232195930555463,0.0,0.0006804534932598472,,,,,,,,
0.0,6.255341053009033,0.93001086,4.447497844696045,0.0,0.0007250064518302679,0.0,0.00045849301386624575,,,,,,,,
0.79820025,3.540196418762207,1.0706842,2.5203804969787598,0.0,0.0002903516869992018,0.35046387,-0.2712267339229584,,,,,,,,
0.0,0.6102563738822937,0.9932732,0.4472125172615051,0.0,0.0005392765742726624,0.0,0.0011453027836978436,,,,,,,,
0.0,0.31158140301704407,0.0,0.5097002387046814,2.216484,-2.486447811126709,0.0,0.0018849477637559175,,,,,,,,
0.0,0.18876393139362335,0.0,0.4488445520401001,0.0,0.0007600279641337693,0.0,0.0013897294411435723,,,,,,,,
0.0,5.671014308929443,1.0176371,4.054805755615234,0.0,0.0008617501589469612,0.0,0.0005411829333752394,,,,,,,,
0.0,0.17892812192440033,0.0,0.4359406530857086,0.0,0.0014115142403170466,0.0,0.002190929837524891,,,,,,,,
1.374886,2.4804012775421143,1.7425755,2.778388500213623,0.8568776,-0.9606257081031799,0.0,0.0005075835506431758,,,,,,,,
0.0,4.926051616668701,0.0,3.737339496612549,0.0,0.00018606838420964777,2.0855093,-1.6174675226211548,,,,,,,,
0.0,5.382049560546875,1.1676111,3.7437853813171387,0.47775576,-0.536011815071106,0.74708974,-0.5792658925056458,,,,,,,,
0.0,0.5623316764831543,0.0,0.7419356107711792,0.0,0.0005884823040105402,0.0,0.0011970981722697616,,,,,,,,
0.79347795,3.30815052986145,0.79347795,2.726166009902954,0.0,0.0002153879904653877,0.0,0.00041797960875555873,,,,,,,,
1.5792644,9.613346099853516,1.0630981,6.139825344085693,0.77983314,-0.8748093843460083,0.0,0.00023624490131624043,,,,,,,,
1.0729648,9.401010513305664,0.80821115,5.959567546844482,0.2651828,-0.2974673807621002,0.45373523,-0.35178902745246887,,,,,,,,
0.0,0.2139080911874771,0.0,0.45429903268814087,1.7639099,-1.978599190711975,1.3495325,-1.0453732013702393,,,,,,,,
1.3118942,0.1281469464302063,0.0,0.9735217094421387,0.0,0.00042989550274796784,0.0,0.0008024332928471267,,,,,,,,
1.6775848,7.131566524505615,0.0,5.341721534729004,0.0,0.0006392342620529234,0.0,0.000432278640801087,,,,,,,,
2.0439491,10.431856155395508,0.8929381,6.351809978485107,0.5532086,-0.6206732988357544,0.0,0.0002489972102921456,,,,,,,,
0.0,0.13180385529994965,0.0,0.4042279124259949,2.4331312,-2.7292678356170654,1.6193836,-1.2543482780456543,,,,,,,,
0.0,0.5620614290237427,0.0,0.6633478403091431,0.0,0.0008126770262606442,0.0,0.0017640519654378295,,,,,,,,
0.0,3.4842026233673096,0.0,2.1747846603393555,0.0,0.00046695294440723956,0.0,0.0010890988633036613,,,,,,,,
0.0,0.12147445976734161,0.0,0.3965945541858673,2.2158241,-2.4855260848999023,1.3253152,-1.0265405178070068,,,,,,,,
0.0,0.3768969178199768,0.0,0.5461066365242004,0.0,0.0009691785671748221,3.1016,-2.4043540954589844,,,,,,,,
0.0,10.968708992004395,0.0,6.681715488433838,0.0,0.0003181189822498709,0.0,0.00024470672360621393,,,,,,,,
0.0,0.17452619969844818,0.0,0.44183093309402466,2.9654267,-3.326751947402954,0.0,0.0019155264599248767,,,,,,,,
0.585647,11.057148933410645,0.87758845,6.5563645362854,0.2012921,-0.22558368742465973,0.7506493,-0.5820807814598083,,,,,,,,
0.90440804,10.887184143066406,1.4446316,6.533504962921143,0.0,0.00019238528329879045,0.0,0.0001618731184862554,,,,,,,,
2.3370032,3.6807467937469482,1.8191826,3.3661625385284424,0.0,0.000942858459893614,0.0,0.0005628670332953334,,,,,,,,
0.0,0.6857718825340271,0.0,0.712636411190033,0.0,0.000601349223870784,0.0,0.0012992521515116096,,,,,,,,
0.0,0.8426007628440857,0.0,0.7975286841392517,0.0,0.0005623904871754348,0.0,0.0012175773736089468,,,,,,,,
0.0,6.488402843475342,1.6004586,4.051154136657715,0.0,0.00013815402053296566,0.0,0.0002840353990904987,,,,,,,,
0.0,0.133299320936203,0.0,0.408332496881485,0.0,0.001257463125512004,0.0,0.0018725732807070017,,,,,,,,
0.61974084,-0.2062911093235016,1.1677713,0.6454164981842041,0.0,0.0021349035669118166,0.0,0.0008768765837885439,,,,,,,,
0.0,8.491726875305176,0.0,5.373292446136475,0.0,0.00017021637177094817,0.0,0.00033849707688204944,,,,,,,,
1.0259585,0.15319138765335083,0.0,0.6087999939918518,0.0,0.0006811682251282036,0.0,0.0014222278259694576,,,,,,,,
0.0,4.410004615783691,0.0,3.0130672454833984,0.0,0.000482442817883566,0.0,0.0008908117306418717,,,,,,,,
0.0,1.4421056509017944,0.9804686,2.160651445388794,0.0,0.0013659204123541713,0.0,0.000726197671610862,,,,,,,,
0.0,2.3895397186279297,0.79467857,1.9109963178634644,0.0,0.00029023250681348145,0.0,0.0006027788622304797,,,,,,,,
0.0,0.28349095582962036,0.0,0.544861912727356,0.0,0.0005824061809107661,1.0129246,-0.7846212983131409,,,,,,,,
0.0,10.339223861694336,1.18659,6.078579902648926,0.28165448,-0.3156570494174957,0.0,0.0003121604095213115,,,,,,,,
0.0,0.815109133720398,0.0,0.7069631218910217,0.0,0.0009176096064038575,0.0,0.0019984529353678226,,,,,,,,
0.0,3.5952672958374023,0.0,2.8942952156066895,0.0,0.000289159914245829,0.0,0.0005934861255809665,,,,,,,,
0.0,0.3628063201904297,0.0,0.6644951701164246,0.0,0.0005103239673189819,0.0,0.0010356307029724121,,,,,,,,
0.0,0.19784696400165558,0.0,0.45134371519088745,0.0,0.001190430368296802,0.0,0.0018703126115724444,,,,,,,,
0.0,9.250295639038086,1.401368,5.617095470428467,1.074455,-1.2056748867034912,0.0,0.00018356545479036868,,,,,,,,
1.3725244,3.474471092224121,1.6197122,3.34952974319458,0.0,0.0007620529504492879,0.0,0.00045015214709565043,,,,,,,,
1.9522259,-0.7766782641410828,0.0,0.7832006812095642,0.58690244,-0.6559674143791199,0.0,0.001099935034289956,,,,,,,,
0.0,0.4117603898048401,0.0,0.5807904005050659,0.0,0.0006052807439118624,0.0,0.0012630588607862592,,,,,,,,
0.0,0.048824064433574677,2.360415,0.29512614011764526,0.0,0.0025269025936722755,0.0,0.0009893052047118545,,,,,,,,
0.16913222,10.67336368560791,1.6647418,6.304493427276611,0.0,0.0002554328821133822,1.0497106,-0.8141233325004578,,,,,,,,
0.0,0.23366907238960266,0.0,0.4745993912220001,1.0345308,-1.1602420806884766,1.4669354,-1.1366071701049805,,,,,,,,
0.0,0.16774354875087738,0.0,0.4161292612552643,0.0,0.0017462018877267838,0.0,0.0026745761279016733,,,,,,,,
0.0,0.34183019399642944,0.0,0.4913333058357239,3.0449445,-3.4153854846954346,0.0,0.0029401429928839207,,,,,,,,
1.1056662,0.35679754614830017,1.1056662,1.6613187789916992,0.0,0.0016637305961921811,0.0,0.0008111285860650241,,,,,,,,
0.0,9.841021537780762,2.8035316,5.327968120574951,0.0,0.00012039413559250534,0.0,0.00021610308613162488,,,,,,,,
0.0,0.30788931250572205,0.0,0.5351759195327759,1.1355132,-1.2735902070999146,0.0,0.001383896335028112,,,,,,,,
0.0,10.247050285339355,2.0898795,5.993410110473633,0.0,0.00029059001826681197,0.0,0.0002213471452705562,,,,,,,,
0.0,3.0156214237213135,1.5249794,2.1070096492767334,0.0,0.0002836778585333377,0.0,0.0005828827270306647,,,,,,,,
0.0,7.415812015533447,1.1165328,4.397069931030273,0.0,0.00021073981770314276,0.0,0.0004577780782710761,,,,,,,,
1.7518378,12.037124633789062,0.0,7.2320404052734375,0.0,0.00033063191222026944,0.0,0.0003121604095213115,,,,,,,,
2.0449789,9.586013793945312,0.0,6.291445255279541,0.0,0.0004891153075732291,0.0,0.00032634177478030324,,,,,,,,
0.0,3.2381622791290283,0.9009166,2.4521052837371826,0.6026898,-0.676091730594635,0.0,0.000546425289940089,,,,,,,,
0.0,0.9654055833816528,0.0,1.4296936988830566,0.0,0.000356253091013059,0.0,0.0006797387031838298,,,,,,,,
1.2545305,8.420929908752441,0.91941357,5.357635021209717,0.0,0.00012468514614738524,0.91941357,-0.7130083441734314,,,,,,,,
0.0,0.5717175602912903,0.0,0.7655572891235352,0.0,0.0009779914980754256,0.0,0.0018546062055975199,,,,,,,,
0.0,10.13441276550293,0.0,6.30782413482666,0.0,0.00014745102089364082,0.0,0.0002131234941771254,,,,,,,,
2.7127106,6.4788126945495605,0.0,5.281297206878662,0.0,0.0006356602534651756,0.0,0.0003817544784396887,,,,,,,,
1.1805582,2.1031723022460938,0.848638,1.8179798126220703,0.0,0.00034421717282384634,0.0,0.0007097586058080196,,,,,,,,
0.0,1.7633144855499268,0.0,1.3634947538375854,0.0,0.0004979324294254184,0.0,0.0011626873165369034,,,,,,,,
0.3709168,3.7268855571746826,0.0,2.9937336444854736,0.0,0.00025686301523819566,0.0,0.0005258131423033774,,,,,,,,
1.1952443,8.209579467773438,0.0,5.731963157653809,1.1952443,-1.3412187099456787,0.0,0.00020013237372040749,,,,,,,,
0.0,6.565338134765625,0.0,4.108813285827637,0.0,0.0002420847595203668,0.0,0.0006277974462136626,,,,,,,,
0.0,0.29738762974739075,0.0,0.5123873949050903,0.0,0.0012804412981495261,1.8837088,-1.4592043161392212,,,,,,,,
0.0,10.606770515441895,1.3880557,6.1459527015686035,0.0,0.00015627116954419762,0.0,0.0002037079248111695,,,,,,,,
0.0,0.145706444978714,0.0,0.4195597171783447,1.1798127,-1.3227698802947998,0.57674134,-0.4455379545688629,,,,,,,,
1.5730321,3.659994602203369,1.5730321,2.6804301738739014,0.0,0.00022587609419133514,0.0,0.0004670721245929599,,,,,,,,
0.8180014,11.852163314819336,1.2136847,6.793750762939453,0.0,0.00024101213784888387,1.3886749,-1.0770634412765503,,,,,,,,
0.0,0.13320447504520416,0.0,0.4125278890132904,0.0,0.0011970981722697616,2.6351268,-2.042526960372925,,,,,,,,
0.0,0.370233416557312,0.0,0.500786304473877,0.93050724,-1.0433820486068726,0.93050724,-0.7201956510543823,,,,,,,,
0.0,0.14373178780078888,0.0,0.4259875416755676,0.0,0.0010874316794797778,0.0,0.0016531385481357574,,,,,,,,
0.0,0.17386840283870697,0.0,0.4298514425754547,0.0,0.001135062426328659,0.0,0.0017719058087095618,,,,,,,,
0.0,8.381580352783203,1.4443799,5.346124649047852,1.4443799,-1.6204882860183716,0.0,0.0002992897352669388,,,,,,,,
2.0569465,10.229135513305664,0.0,6.550366401672363,0.0,0.0004694551753345877,0.0,0.0003736513026524335,,,,,,,,
0.0,9.66186809539795,0.0,6.063851356506348,0.0,0.00012957210128661245,0.0,0.00020144341397099197,,,,,,,,
0.31203073,6.623180866241455,1.1384621,4.193282127380371,0.0,0.00014959646796341985,1.1384621,-0.8828426003456116,,,,,,,,
0.0,1.4193898439407349,1.4985979,1.91629958152771,0.0,0.0015292390016838908,0.0,0.0008326877141371369,,,,,,,,
0.3175085,0.008420571684837341,0.0,0.41430360078811646,0.94890285,-1.0638811588287354,1.5333534,-1.188055157661438,,,,,,,,
0.0,0.7086703777313232,0.0,0.6383936405181885,0.0,0.0007027302053757012,0.0,0.0014843647368252277,,,,,,,,
0.0,0.32553547620773315,0.38362014,0.4015200138092041,0.78555435,-0.8807133436203003,1.2225393,-0.9468172788619995,,,,,,,,
0.0,6.242552757263184,0.9593246,4.237565517425537,0.0,0.00013136000779923052,0.0,0.00025662468397058547,,,,,,,,
0.0,0.27725547552108765,0.0,0.48363423347473145,0.0,0.0012462714221328497,0.0,0.002054486656561494,,,,,,,,
1.1602733,9.21655559539795,0.6609123,5.950008869171143,0.0,0.00012015574611723423,1.2957058,-1.0049587488174438,,,,,,,,
0.0,1.7296556234359741,0.0,1.6473888158798218,0.0,0.000408327643526718,0.0,0.0008640132145956159,,,,,,,,
0.0,10.334031105041504,0.0,6.327404022216797,0.0,0.00016890530241653323,0.77370536,-0.5999862551689148,,,,,,,,
1.7079012,9.235604286193848,0.16074306,6.2467756271362305,0.28992832,-0.3252284824848175,0.0,0.00019643761334009469,,,,,,,,
0.0,0.2298387736082077,0.0,0.4507596492767334,0.0,0.0012036467669531703,0.0,0.0019338493002578616,,,,,,,,
0.0,0.14427824318408966,0.0,0.41710755228996277,2.1398382,-2.400200605392456,0.0,0.0018845908343791962,,,,,,,,
0.69352037,9.763615608215332,1.0968277,5.716212272644043,0.0,0.00013267113536130637,0.9956499,-0.7721148729324341,,,,,,,,
0.0,0.8148265480995178,0.0,0.7258386611938477,0.0,0.0005964645533822477,1.0353261,-0.8018633127212524,,,,,,,,
1.553629,5.984416961669922,1.7284619,4.074102401733398,0.0,0.00012265883560758084,0.0,0.00024673278676345944,,,,,,,,
0.0,5.788497447967529,0.96905744,4.049920082092285,0.96905744,-1.0873790979385376,0.0,0.00026973424246534705,,,,,,,,
0.0,2.2731552124023438,0.0,2.410112142562866,0.0,0.00024387246230617166,0.0,0.0004602803383022547,,,,,,,,
0.0,0.5946060419082642,0.0,0.5858242511749268,0.0,0.0006850994541309774,0.0,0.0014832934830337763,,,,,,,,
0.0,0.24334166944026947,0.0,0.4669589400291443,0.0,0.0015981532633304596,0.0,0.0025949159171432257,,,,,,,,
1.3747687,2.6275384426116943,0.94012636,2.1913328170776367,0.0,0.00030489088385365903,0.0,0.0006392342620529234,,,,,,,,
1.5325164,7.196754455566406,1.1690191,4.703433036804199,0.0,0.0001262346631847322,0.0,0.0002775999018922448,,,,,,,,
0.0,0.3556549847126007,0.0,0.4929068684577942,0.0,0.0016260033007711172,3.0161462,-2.336979866027832,,,,,,,,
0.14391346,10.132885932922363,1.1597643,6.23310661315918,0.0,0.00015317220822907984,1.4942812,-1.1590479612350464,,,,,,,,
0.67854846,1.4109501838684082,0.9863286,2.16230845451355,0.0,0.0015466167824342847,0.0,0.0008551992941647768,,,,,,,,
0.0,0.3121265172958374,0.0,0.4995848536491394,0.0,0.0007474012672901154,0.0,0.0014525825390592217,,,,,,,,
0.0,7.933681011199951,0.0,5.4446492195129395,0.0,0.0005603650351986289,0.0,0.00031895318534225225,,,,,,,,
0.0,6.831181526184082,0.0,5.040981292724609,0.0,0.0004847066884394735,0.0,0.0003965306677855551,,,,,,,,
0.0,0.19792023301124573,0.0,0.5030219554901123,0.0,0.0008169650682248175,0.0,0.0013860390754416585,,,,,,,,
0.0,5.675524711608887,0.0,4.634799480438232,0.0,0.0004625442670658231,0.0,0.0002379134384682402,,,,,,,,
0.0,9.759907722473145,0.0,6.071871757507324,0.0,0.00015209948469419032,1.4813786,-1.148943305015564,,,,,,,,
0.0,3.088928461074829,0.8737516,2.5276405811309814,0.0,0.0002445875434204936,0.58031076,-0.44972559809684753,,,,,,,,
0.0,0.3776738941669464,0.4021252,0.43459177017211914,0.0,0.0008114859228953719,1.3280545,-1.028674602508545,,,,,,,,
0.0,0.2758771479129791,0.0,0.4683453440666199,0.0,0.0014234182890504599,2.2407386,-1.736038088798523,,,,,,,,
0.0,7.240463733673096,0.0,4.411871433258057,0.0,0.007061169017106295,0.0,0.007145208306610584,,,,,,,,
0.0,3.816833972930908,0.620522,2.767394781112671,0.0,0.0002406545972917229,1.3755008,-1.0665680170059204,,,,,,,,
0.0,12.388010025024414,0.0,7.147787570953369,0.0,0.00032240914879366755,0.0,0.0002944036095868796,,,,,,,,
0.0,5.255068302154541,1.2333343,3.6890006065368652,0.0,0.0010207447921857238,0.0,0.0006948678637854755,,,,,,,,
0.0,0.48052942752838135,0.0,0.6541529297828674,0.46700495,-0.5234484076499939,0.7296179,-0.5647310614585876,,,,,,,,
0.56347084,-0.16973838210105896,1.2739384,0.5738795399665833,0.0,0.0024701817892491817,0.0,0.0010962436208501458,,,,,,,,
0.0,0.7901215553283691,0.0,1.94185471534729,0.0,0.0021214615553617477,0.0,0.0009592937421984971,,,,,,,,
0.0,1.3542762994766235,0.0,1.4796113967895508,1.1902759,-1.3353842496871948,0.48911878,-0.37864768505096436,,,,,,,,
0.0,0.7517346739768982,0.0,1.0032134056091309,0.0,0.0004614718782249838,0.0,0.000964414793998003,,,,,,,,
0.0,12.140685081481934,1.5069859,6.669350624084473,0.0,0.00036161558819003403,0.0,0.00031990656862035394,,,,,,,,
0.0,7.510721683502197,1.3842982,4.817357540130615,0.7429673,-0.8336668014526367,0.0,0.0002244459028588608,,,,,,,,
0.0,12.218738555908203,0.8852152,6.9445624351501465,0.0,0.0003022690652869642,0.0,0.00025233422638848424,,,,,,,,
0.0,0.2533183693885803,0.0,0.4873553514480591,1.1640099,-1.3053512573242188,1.2371182,-0.9580525159835815,,,,,,,,
0.5727752,3.504070520401001,0.85936564,3.002194881439209,0.5727752,-0.6425985097885132,0.0,0.00037055302527733147,,,,,,,,
0.0,8.607200622558594,0.0,5.412569522857666,0.0,0.00016258825780823827,0.0,0.00034517052699811757,,,,,,,,
0.0,0.15465201437473297,0.0,0.4176707863807678,2.0354261,-2.28310227394104,1.4521692,-1.1249395608901978,,,,,,,,
0.0,0.32860469818115234,0.75348276,0.28286606073379517,1.2559716,-1.4084066152572632,1.3865149,-1.0737377405166626,,,,,,,,
0.0,0.22445856034755707,0.0,0.47632119059562683,0.95983213,-1.0764104127883911,0.0,0.0013663965510204434,,,,,,,,
0.0,9.76953411102295,0.0,6.00535774230957,0.0,0.00016175392374861985,0.0,0.00027843413408845663,,,,,,,,
2.3387725,1.732536792755127,0.0,2.8431124687194824,0.0,0.0025330858770757914,0.0,0.0013102050870656967,,,,,,,,
1.7146657,-0.6858592629432678,1.2922432,0.49373993277549744,0.0,0.0022319662384688854,0.0,0.0008438840159215033,,,,,,,,
0.0,9.30882453918457,0.0,6.172820091247559,0.0,0.00015805903240107,0.0,0.0001538873475510627,,,,,,,,
0.0,5.660414695739746,0.915216,4.003757953643799,0.0,0.0009321396937593818,0.0,0.0006461439770646393,,,,,,,,
0.0,0.2836001217365265,0.0,0.5053986310958862,0.0,0.0007407305529341102,0.0,0.0014522254932671785,,,,,,,,
0.0,0.15703560411930084,0.0,0.4356585443019867,2.4134004,-2.7075862884521484,0.0,0.0013567537534981966,,,,,,,,
0.0,10.009668350219727,0.0,6.354496479034424,0.0,0.0003251500893384218,0.0,0.00025960413040593266,,,,,,,,
0.9912312,10.980896949768066,1.1992949,6.634699821472168,0.0,0.0002584123576525599,1.4434354,-1.119547963142395,,,,,,,,
0.0,5.901594161987305,0.0,4.0580596923828125,0.0,0.00036376056959852576,0.0,0.0006908176001161337,,,,,,,,
2.3113081,8.180947303771973,1.4212543,5.656758785247803,0.0,0.00034290633630007505,0.0,0.00022933237778488547,,,,,,,,
0.0,0.5759600400924683,0.6498638,0.5105397701263428,0.0,0.0005757343024015427,0.0,0.0012156723532825708,,,,,,,,
0.0,0.6626565456390381,0.0,0.697196364402771,0.5368645,-0.6018751263618469,1.4674153,-1.1370351314544678,,,,,,,,
0.0,3.435107707977295,0.0,2.536381721496582,0.0,0.00029488030122593045,0.0,0.0006512666586786509,,,,,,,,
0.0,0.18431992828845978,0.0,0.44963645935058594,0.0,0.0013394916895776987,0.0,0.002036522841081023,,,,,,,,
0.0,8.957756042480469,0.0,5.6158881187438965,0.0,0.00013660451804753393,1.9136229,-1.4842506647109985,,,,,,,,
0.0,0.4484473168849945,0.0,0.5178797841072083,0.0,0.001958239823579788,0.0,0.003182824235409498,,,,,,,,
0.0,0.7472071051597595,1.1410741,0.7275513410568237,0.0,0.0004180987598374486,0.0,0.0008369756978936493,,,,,,,,
0.0,11.622827529907227,0.0,6.801926612854004,0.0,0.0004924515378661454,0.0,0.0004129749140702188,,,,,,,,
0.82282555,4.490808486938477,0.0,3.695457935333252,0.0,0.0001699779968475923,1.3329883,-1.0337488651275635,,,,,,,,
0.0,0.15434680879116058,0.0,0.4236772954463959,0.0,0.001301514101214707,1.3315551,-1.0310354232788086,,,,,,,,
0.0,1.7131937742233276,0.49611005,1.406290888786316,0.0,0.00044764988706447184,1.2865458,-0.9970400929450989,,,,,,,,
0.0,0.9429547190666199,0.0,0.9724999666213989,0.0,0.000497336674015969,0.0,0.0010422994382679462,,,,,,,,
0.0,0.671933114528656,0.0,0.7272894978523254,0.0,0.0005828827270306647,0.0,0.0012240068754181266,,,,,,,,
0.0,0.5278122425079346,0.0,0.5541792511940002,0.0,0.0008095800876617432,0.0,0.0015636371681466699,,,,,,,,
0.0,0.29242995381355286,1.1355418,0.26536524295806885,0.0,0.0005529781919904053,0.0,0.0010592094622552395,,,,,,,,
0.0,3.6126348972320557,0.0,2.7514290809631348,0.0,0.0002867764269467443,0.0,0.0006354220095090568,,,,,,,,
0.0,0.2900516092777252,1.525001,0.15828490257263184,0.0,0.0005310555570758879,0.0,0.0010367024224251509,,,,,,,,
0.0,9.147564888000488,0.0,6.222370147705078,0.0,0.00031394799589179456,0.0,0.0002101439022226259,,,,,,,,
0.8383357,0.17230987548828125,1.5685422,1.4250518083572388,0.0,0.0014425835106521845,0.332342,-0.2570810914039612,,,,,,,,
0.0,9.518333435058594,1.6656501,5.8927154541015625,0.0,0.0001501924270996824,0.0,0.00016592556494288146,,,,,,,,
0.0,4.712065696716309,1.0396545,3.5181078910827637,0.0,0.0011319665936753154,0.0,0.00075049843871966,,,,,,,,
0.0,0.20789691805839539,0.0,0.4453183114528656,0.0,0.0012847273610532284,0.0,0.0020518696401268244,,,,,,,,
0.0,0.4489886164665222,1.2998565,0.24837976694107056,0.0,0.0005746620590798557,0.0,0.0012430568458512425,,,,,,,,
0.0,0.3392220735549927,0.0,0.49917080998420715,0.0,0.0014722233172506094,0.0,0.002589089795947075,,,,,,,,
0.82217085,9.75854206085205,1.3477983,6.192748546600342,0.0,0.0002733095607254654,0.0,0.00019798702851403505,,,,,,,,
0.0,0.379978209733963,1.6676179,0.4891761839389801,0.0,0.0003985564399044961,0.0,0.0006856950931251049,,,,,,,,
0.0,0.6324349641799927,2.8641202,-0.12044358253479004,0.0,0.0006750926841050386,0.0,0.0014747231034561992,,,,,,,,
0.0,0.8427309393882751,0.0,0.6650483012199402,0.0,0.000727508042473346,0.0,0.001522692502476275,,,,,,,,
0.0,0.24087613821029663,0.0,0.5213406682014465,0.0,0.0006235085893422365,0.0,0.0011972171487286687,,,,,,,,
0.5425347,8.221994400024414,1.2576467,5.052998065948486,0.0,0.00012575789878610522,1.3425148,-1.0412081480026245,,,,,,,,
0.0,0.4958099126815796,0.0,0.5313186049461365,0.88526434,-0.9925077557563782,0.0,0.0017979660769924521,,,,,,,,
0.0,0.14688551425933838,0.0,0.41128456592559814,0.0,0.0012156723532825708,0.0,0.0018369958270341158,,,,,,,,
1.5083627,11.053597450256348,1.8275007,6.416860580444336,0.0,0.00022194306075107306,0.0,0.0001867835089797154,,,,,,,,
1.0573224,1.5463570356369019,0.0,1.6207271814346313,0.0,0.0004253674705978483,0.0,0.0008942657150328159,,,,,,,,
1.0604259,7.914613723754883,1.2503415,5.382016181945801,0.0,0.00041547726141288877,0.0,0.0002706876548472792,,,,,,,,
0.6204118,9.909431457519531,1.2445421,6.022972106933594,0.0,0.00013886917440686375,0.0,0.00019894051365554333,,,,,,,,
0.0,1.0835338830947876,0.0,1.0308164358139038,0.0,0.0005086558521725237,0.0,0.0010890988633036613,,,,,,,,
0.0,10.452329635620117,1.7822082,6.1332292556762695,0.0,0.00032729512895457447,0.0,0.00025340684805996716,,,,,,,,
0.0,1.5422043800354004,0.0,1.1099469661712646,0.0,0.000581572181545198,0.0,0.001261987374164164,,,,,,,,
0.0,6.811374664306641,1.2174494,4.478573322296143,0.0,0.00012730741582345217,0.0,0.00024005869636312127,,,,,,,,
1.350169,-0.5356165766716003,0.93705064,0.5328378677368164,0.0,0.0023773047141730785,0.0,0.0009304723353125155,,,,,,,,
0.0,0.8088937401771545,0.8213678,1.8674200773239136,0.0,0.0014207994099706411,0.0,0.0006468587671406567,,,,,,,,
0.0,0.13309335708618164,0.0,0.4071764349937439,2.2965767,-2.576181411743164,0.6817589,-0.5272508859634399,,,,,,,,
0.0,10.643909454345703,0.0,6.588716506958008,0.0,0.0002335037279408425,0.0,0.000251142424531281,,,,,,,,
3.434823,6.703550338745117,0.0,4.890666484832764,0.0,0.00044431351125240326,0.0,0.000770510348957032,,,,,,,,
0.0,5.896993160247803,1.3679895,3.9854609966278076,0.0,0.0008968859910964966,0.0,0.0005914607318118215,,,,,,,,
0.0,7.672247409820557,0.0,5.213371276855469,0.0,0.0002489972102921456,0.0,0.0003337303060106933,,,,,,,,
0.0,3.3041858673095703,1.3719213,1.9931317567825317,0.0,0.0003480305604171008,0.0,0.0008032671175897121,,,,,,,,
0.0,0.16438935697078705,0.0,0.4416549503803253,0.0,0.0008816407644189894,0.0,0.001493173069320619,,,,,,,,
0.0,2.9043686389923096,1.5426948,2.2302143573760986,0.0,0.0002460177056491375,0.0,0.0004850641416851431,,,,,,,,
0.0,2.21842885017395,0.0,1.6212077140808105,0.0,0.0004938812926411629,0.0,0.0010601620888337493,,,,,,,,
0.0,4.652048110961914,0.0,3.4306628704071045,0.0,0.0004648081958293915,0.0,0.0010007378878071904,,,,,,,,
0.0,0.6491634249687195,0.0,0.645375669002533,0.0,0.0007250064518302679,0.0,0.0016468308167532086,,,,,,,,
0.0,12.227697372436523,0.9691031,6.910011291503906,0.6617839,-0.7424250245094299,0.0,0.00023803261865396053,,,,,,,,
0.0,0.2565312087535858,0.0,0.4764759838581085,0.0,0.0012013844680041075,0.0,0.001963712740689516,,,,,,,,
0.0,0.3286276161670685,0.0,0.48591578006744385,0.0,0.0009715604246594012,0.0,0.0018102225149050355,,,,,,,,
0.0,7.691267967224121,0.0,5.37959098815918,0.0,0.0001370812824461609,0.0,0.0001770101225702092,,,,,,,,
0.0,5.661851406097412,0.0,4.334599018096924,0.0,0.00013839241000823677,0.0,0.00024351492174901068,,,,,,,,
0.0,4.0142903327941895,0.0,3.0083563327789307,0.0,0.0003252692404203117,0.0,0.000710592488758266,,,,,,,,
0.0,1.154345989227295,1.4116538,1.8603289127349854,0.0,0.0013862771447747946,0.0,0.0007102350937202573,,,,,,,,
0.45897543,7.33586311340332,0.0,4.968777179718018,0.0,0.00013243274588603526,0.0,0.00025555206229910254,,,,,,,,
0.0,1.2872402667999268,1.3025404,0.7904446721076965,0.8008236,-0.8982517123222351,0.0,0.0010064542293548584,,,,,,,,
1.6517222,9.81566333770752,1.1047925,6.26326322555542,0.0,0.00018666432879399508,0.0,0.00016211149340961128,,,,,,,,
0.0,8.133723258972168,0.7163635,5.435909271240234,0.7163635,-0.8037909865379333,0.7163635,-0.5555235147476196,,,,,,,,
1.6775492,10.00245189666748,1.0267931,6.507075309753418,0.0,0.00020787939138244838,0.0,0.00015162272029556334,,,,,,,,
0.0,0.1840047985315323,0.0,0.4631870985031128,0.0,0.0015197168104350567,0.0,0.0023831319995224476,,,,,,,,
0.43549833,6.320127487182617,1.6085838,4.375513076782227,0.0,9.655486064730212e-05,1.4745979,-1.1437665224075317,,,,,,,,
0.40449226,2.2157111167907715,0.82019407,2.5346760749816895,0.0,0.0013669917825609446,0.0,0.0007728926721028984,,,,,,,,
0.0,0.46196120977401733,0.5984049,0.41102924942970276,0.36530873,-0.40926453471183777,1.4709334,-1.1396427154541016,,,,,,,,
0.62007296,6.833941459655762,0.62007296,4.693268299102783,0.0,0.0008391196606680751,0.0,0.0005684667266905308,,,,,,,,
0.0,0.4138849079608917,0.0,0.49975937604904175,0.0,0.001725257490761578,0.0,0.0028798794373869896,,,,,,,,
0.0,0.18735621869564056,1.1170357,0.14591413736343384,0.0,0.0006797387031838298,0.0,0.0012660353677347302,,,,,,,,
0.0,6.44936990737915,0.0,4.851391315460205,1.7687508,-1.9848344326019287,0.0,0.00023112009512260556,,,,,,,,
1.0096222,5.99497652053833,0.4428018,4.218301296234131,0.0,0.0001479277852922678,1.1133314,-0.8633673191070557,,,,,,,,
1.7750636,-0.4563125967979431,1.3721036,1.0475921630859375,0.0,0.0021227700635790825,0.0,0.001002047909423709,,,,,,,,
0.89346254,1.0370330810546875,0.0,2.3223912715911865,0.0,0.0015730400336906314,0.0,0.0008385241380892694,,,,,,,,
0.0,0.1597791612148285,0.0,0.4220368266105652,0.0,0.001279131742194295,2.2983966,-1.7810587882995605,,,,,,,,
0.0,0.1518077850341797,0.24534346,0.36081111431121826,1.8048813,-2.024608612060547,1.20095,-0.9302190542221069,,,,,,,,
0.0,6.55877685546875,1.3407137,4.584696292877197,0.0,9.738924563862383e-05,0.0,0.00015436411194968969,,,,,,,,
0.0,0.5132843255996704,0.37959003,0.49851852655410767,1.48001,-1.660302758216858,0.0,0.0013005617074668407,,,,,,,,
0.0,3.7784883975982666,0.0,2.523837089538574,0.0,0.0007564543629996479,0.0,0.0013958006165921688,,,,,,,,
0.0,2.2733614444732666,0.0,2.2963504791259766,0.0,0.00026127262390218675,1.2375827,-0.9595468640327454,,,,,,,,
0.0,6.037148952484131,0.0,4.0764288902282715,0.0,0.00023946279543451965,0.0,0.0004377598816063255,,,,,,,,
1.3288457,6.176617622375488,1.4193109,4.620844841003418,0.0,0.0005317704635672271,1.3288457,-1.0305445194244385,,,,,,,,
0.0,0.6041519641876221,1.3990178,0.5553909540176392,0.0,0.0004111875023227185,0.0,0.0008317348547279835,,,,,,,,
0.0,0.5668332576751709,1.1458043,0.3803662359714508,0.657115,-0.7368784546852112,0.0,0.001167211914435029,,,,,,,,
0.0,0.6592822074890137,0.0,0.786190390586853,0.0,0.0005273620481602848,0.0,0.0011595914838835597,,,,,,,,
0.0,0.45805761218070984,0.0,0.5303842425346375,0.0,0.0008635367848910391,0.0,0.0017500099493190646,,,,,,,,
1.9660982,9.132329940795898,0.0,6.130472660064697,0.0,0.0004957877099514008,0.0,0.00034481301554478705,,,,,,,,
0.0,0.5426886677742004,0.89475876,0.5473397970199585,0.5973095,-0.6698511838912964,0.0,0.000982159748673439,,,,,,,,
0.9205669,6.499797821044922,0.0,4.547351360321045,0.0,0.00016378014697693288,0.0,0.0003692421887535602,,,,,,,,
0.0,3.063347339630127,0.0,2.274658679962158,0.0,0.00036435641231946647,0.0,0.0007934997556731105,,,,,,,,
0.0,0.5378020405769348,0.0,0.5311776995658875,0.0,0.0010530170984566212,0.0,0.0019356340635567904,,,,,,,,
0.0,0.30941465497016907,0.0,0.5191006064414978,1.3492664,-1.5134419202804565,1.3492664,-1.0452709197998047,,,,,,,,
0.66703826,1.758189082145691,0.9838917,1.7125062942504883,0.0,0.00031454383861273527,0.0,0.000613143783994019,,,,,,,,
0.0,9.590357780456543,0.0,5.760291576385498,0.0,0.00021038226259406656,0.0,0.0003259842633269727,,,,,,,,
0.0,0.21725620329380035,0.0,0.4483676850795746,1.7725459,-1.9882009029388428,1.3436581,-1.0406912565231323,,,,,,,,
0.0,0.1602042019367218,0.0,0.43200328946113586,1.8603945,-2.0865530967712402,0.0,0.0018891122890636325,,,,,,,,
0.7902855,-0.3143863081932068,0.5141606,0.5318356156349182,0.5141606,-0.5745273232460022,0.0,0.0009330924949608743,,,,,,,,
0.0,0.2392607182264328,0.70651066,0.2661892771720886,0.70651066,-0.7919718027114868,1.3980556,-1.0830291509628296,,,,,,,,
1.881413,8.441505432128906,0.0,5.747854232788086,0.0,0.0001532914029667154,0.0,0.0002739054325502366,,,,,,,,
0.0,0.16289888322353363,0.0,0.41622501611709595,0.0,0.0018342590192332864,3.6851757,-2.856050968170166,,,,,,,,
2.1176085,8.208579063415527,0.0,6.057098388671875,0.0,0.00020930961181875318,0.0,0.00020692592079285532,,,,,,,,
0.0,8.194987297058105,0.7973201,5.2997918128967285,0.0,0.0001045410826918669,1.4250996,-1.1053608655929565,,,,,,,,
1.4725507,10.150764465332031,1.2773522,6.319181442260742,0.0,0.00034362133010290563,0.0,0.0002420847595203668,,,,,,,,
0.0,4.173840522766113,0.7880699,2.5619421005249023,0.7880699,-0.8840804696083069,1.2879732,-0.998425304889679,,,,,,,,
0.0,8.734521865844727,0.0,5.906596660614014,0.0,0.00011503035057103261,0.0,0.00016258825780823827,,,,,,,,
0.0,0.36958348751068115,0.69076544,0.42385050654411316,0.0,0.0005768066039308906,1.0068063,-0.7798714637756348,,,,,,,,
0.383386,0.1950024962425232,0.0,0.5244565010070801,0.6222226,-0.6975386142730713,0.0,0.0014830554137006402,,,,,,,,
1.9731482,8.840475082397461,1.6801872,5.742887020111084,0.0,0.0003968881501350552,0.0,0.0002727136597968638,,,,,,,,
0.0,4.683316707611084,0.0,3.8382554054260254,0.0,0.00014232576359063387,0.0,0.000256982195423916,,,,,,,,
2.4903634,5.070365905761719,2.0563247,3.85660719871521,0.0,0.00011073929636040702,0.0,0.00020823694649152458,,,,,,,,
0.0,9.061142921447754,1.2814703,5.702760696411133,0.0,0.00011622230522334576,0.0,0.0001691436773398891,,,,,,,,
0.89646256,-0.34148478507995605,1.3887194,0.38903215527534485,0.0,0.0024846892338246107,0.0,0.0010236029047518969,,,,,,,,
0.0,2.001851797103882,0.7593505,2.4447360038757324,0.0,0.0013636585790663958,0.0,0.0007427555974572897,,,,,,,,
0.0,0.3769288659095764,0.7034375,0.3406890332698822,0.0,0.0007254829397425056,0.0,0.0014466306893154979,,,,,,,,
0.7031139,10.479372024536133,0.44297984,6.397379398345947,0.0,0.00014137222024146467,1.4848752,-1.1517112255096436,,,,,,,,
0.0,8.573683738708496,0.8171101,5.1922125816345215,0.0,0.0007952864980325103,0.8171101,-0.6333341598510742,,,,,,,,
0.0,3.654792070388794,1.0126787,2.7503139972686768,0.0,0.00021991695393808186,0.0,0.00042274597217328846,,,,,,,,
0.75633806,0.2956700325012207,0.0,0.6777927875518799,0.0,0.0005553610390052199,0.0,0.0012200777418911457,,,,,,,,
0.0,10.783206939697266,0.0,6.223132133483887,0.0,0.0009227308910340071,0.0,0.0010568277211859822,,,,,,,,
0.0,7.831136226654053,2.0261996,5.133544445037842,0.0,0.00010084597306558862,0.0,0.00013565097469836473,,,,,,,,
1.8253509,5.787472248077393,0.0,4.879443168640137,0.0,0.00016330339713022113,0.0,0.00024387246230617166,,,,,,,,
0.0,0.35743647813796997,0.0,0.49682164192199707,2.6437104,-2.9653964042663574,2.6437104,-2.0483813285827637,,,,,,,,
0.0,0.11452081799507141,0.0,0.3953857123851776,2.4033728,-2.6960160732269287,1.6164396,-1.252362608909607,,,,,,,,
0.0,1.118543028831482,1.3478271,0.8348363637924194,0.0,0.0004010588163509965,0.9913091,-0.7681654691696167,,,,,,,,
1.3382939,4.574692249298096,0.9922458,3.4722230434417725,0.0,0.0001662831346038729,0.0,0.00033301531220786273,,,,,,,,
0.0,7.171941757202148,0.85401285,4.7009172439575195,0.0,0.00011860620725201443,0.0,0.0002299282787134871,,,,,,,,
1.4019208,0.40788066387176514,0.0,0.6692763566970825,0.0,0.0006853376980870962,0.0,0.00151305110193789,,,,,,,,
0.0,3.037351608276367,0.0,2.3628575801849365,0.0,0.001857937895692885,0.0,0.0027986904606223106,,,,,,,,
0.0,7.971676349639893,1.0791311,5.211734294891357,0.0,0.00011252723925281316,1.4023153,-1.0876736640930176,,,,,,,,
1.8709869,9.14623737335205,0.0,6.146210670471191,0.0,0.00013469743134919554,0.0,0.00020966715237591416,,,,,,,,
1.6393648,7.156693458557129,0.0,5.051361083984375,0.0,0.00014149141497910023,0.0,0.00029595286468975246,,,,,,,,
0.0,0.4327511489391327,1.3795475,1.3189785480499268,0.0,0.001763456966727972,0.0,0.0008102948195300996,,,,,,,,
0.0,0.3919667899608612,0.0,0.5021072626113892,0.0,0.0010037152096629143,0.0,0.00189779803622514,,,,,,,,
0.0,0.3771723806858063,0.0,0.6025131344795227,0.0,0.0006126672378741205,0.0,0.0012336509535089135,,,,,,,,
0.0,0.1982765644788742,0.0,0.43059825897216797,1.9889697,-2.230966091156006,1.4259629,-1.1044965982437134,,,,,,,,
1.3133893,11.178070068359375,1.7661815,6.527587413787842,0.0,0.00019929806876461953,0.0,0.00017712931730784476,,,,,,,,
0.0,2.037503957748413,0.83068186,1.5388036966323853,0.17390417,-0.19477447867393494,1.2586905,-0.9755887389183044,,,,,,,,
0.0,0.1862810254096985,0.0,0.45001420378685,0.0,0.0011393491877242923,0.0,0.0017929683672264218,,,,,,,,
0.0,3.445915460586548,0.71362656,2.5824880599975586,0.44989133,-0.5045998096466064,1.6676086,-1.2930147647857666,,,,,,,,
0.0,0.1196681559085846,0.0,0.3898945152759552,0.0,0.0011637589195743203,0.0,0.0016749175265431404,,,,,,,,
0.9633754,0.4464426040649414,0.0,0.9367287158966064,0.0,0.0005021026590839028,0.0,0.0009603655780665576,,,,,,,,
0.0,1.2145315408706665,0.0,1.2740556001663208,0.0,0.00042834642226807773,0.0,0.0008834273321554065,,,,,,,,
1.0521417,11.382548332214355,0.81087756,6.696582794189453,0.0,0.0002449450839776546,0.0,0.00021371940965764225,,,,,,,,
0.0,0.2872866690158844,0.0,0.4925541877746582,0.0,0.0008627030183561146,0.0,0.0015462597366422415,,,,,,,,
0.0,0.6896171569824219,1.2940012,0.5582230687141418,0.0,0.0004642124113161117,0.78851795,-0.610757052898407,,,,,,,,
0.0,0.4440881013870239,0.0,0.5619703531265259,0.0,0.0007148809381760657,1.1516103,-0.8919454216957092,,,,,,,,
0.0,8.696381568908691,0.0,5.9611406326293945,0.0,0.00039319414645433426,0.0,0.00025054652360267937,,,,,,,,
0.0,5.313852310180664,0.0,3.887822389602661,0.0,0.00019762947340495884,1.5293882,-1.186070442199707,,,,,,,,
0.0,0.470077782869339,0.5811227,0.6265309453010559,0.0,0.00044431351125240326,0.0,0.0008916454971767962,,,,,,,,
0.0,8.266865730285645,1.8227227,5.329401016235352,0.0,0.00031740395934320986,0.0,0.00019143179815728217,,,,,,,,
0.0,1.265511155128479,0.0,1.620991826057434,0.0,0.00038389943074434996,0.0,0.0007563352701254189,,,,,,,,
0.0,0.49959224462509155,2.054116,1.2530591487884521,0.0,0.001928376266732812,0.0,0.0008332832949236035,,,,,,,,
0.0,0.46737903356552124,2.6789544,-0.03681766986846924,0.0,0.0005342725198715925,0.0,0.001122797722928226,,,,,,,,
0.8582713,10.603864669799805,1.1683072,6.426989555358887,0.0,0.00026353701832704246,0.9263842,-0.7184303402900696,,,,,,,,
0.68333495,0.19602105021476746,0.0,0.6211579442024231,0.0,0.000621959799900651,0.0,0.001278298324905336,,,,,,,,
0.0,2.1729214191436768,0.0,1.527287483215332,0.0,0.0005645350320264697,0.0,0.0013523490633815527,,,,,,,,
0.0,0.25030744075775146,0.0,0.4703279137611389,0.0,0.001157567254267633,0.0,0.0018581758486106992,,,,,,,,
2.2455251,8.377867698669434,0.8428776,6.095638751983643,0.0,0.00019822540343739092,0.0,0.0001445904199499637,,,,,,,,
0.0,0.32553744316101074,1.4790041,0.1036757230758667,0.0,0.0008313775178976357,0.0,0.0015423318836838007,,,,,,,,
1.5063558,9.334139823913574,1.8138916,6.08505392074585,0.0,0.00015555603022221476,0.0,0.000129691296024248,,,,,,,,
0.0,0.13735857605934143,0.0,0.4165356755256653,0.0,0.0010355116100981832,0.0,0.0015716117341071367,,,,,,,,
0.0,0.3065034747123718,0.0,0.467376172542572,0.0,0.001007526065222919,0.0,0.001742750871926546,,,,,,,,
1.160286,7.936892509460449,0.0,5.349544525146484,0.0,0.0001532914029667154,0.0,0.00031323294388130307,,,,,,,,
0.0,1.9951961040496826,0.0,1.711155652999878,0.0,0.00039295581518672407,0.0,0.0008039817912504077,,,,,,,,
0.0,0.28888264298439026,0.0,0.46632128953933716,0.0,0.0011624491307884455,2.3898115,-1.8518970012664795,,,,,,,,
0.88335913,9.649029731750488,1.4067861,5.921655654907227,0.0,0.0003868784988299012,0.0,0.000271521887043491,,,,,,,,
0.85392565,8.514142036437988,1.8258764,5.201416492462158,0.0,0.00010287232726113871,0.0,0.00018773700867313892,,,,,,,,
0.0,0.09328289330005646,2.0945427,0.5586052536964417,0.0,0.002086130902171135,0.0,0.0009467886411584914,,,,,,,,
0.0,10.69120979309082,1.5255462,6.170096397399902,0.0,0.00016711745411157608,0.0,0.00022063204960431904,,,,,,,,
1.263908,10.111030578613281,0.9325976,6.254913806915283,0.0,0.00014506718434859067,0.0,0.00019691436318680644,,,,,,,,
0.0,6.996260166168213,0.0,4.954127311706543,0.0,0.00012730741582345217,0.0,0.0002299282787134871,,,,,,,,
0.0,0.47010982036590576,0.0,0.5930445194244385,0.0,0.0008206575294025242,1.4204795,-1.1003191471099854,,,,,,,,
0.0,11.388972282409668,0.0,6.9268717765808105,0.0,0.00022015532886143774,0.0,0.00021228920377325267,,,,,,,,
0.0,2.9479119777679443,0.0,2.450728178024292,0.0,0.0003971264814026654,0.0,0.0009053422254510224,,,,,,,,
1.0148333,10.639959335327148,1.1165832,6.482438564300537,0.0,0.00030214988510124385,0.8849804,-0.6862818002700806,,,,,,,,
0.0,8.681520462036133,0.0,5.533011436462402,0.0,0.00011777184408856556,0.0,0.0002330270071979612,,,,,,,,
0.0,0.21183304488658905,0.75274324,0.2610933780670166,1.7829435,-2.0001444816589355,0.75274324,-0.5826541781425476,,,,,,,,
0.28583935,0.22009527683258057,0.0,0.5155190229415894,1.5186527,-1.7035351991653442,1.3659813,-1.0582822561264038,,,,,,,,
0.0,12.443507194519043,0.0,7.032385349273682,0.0,0.00022396916756406426,0.0,0.00028951745480298996,,,,,,,,
0.0,5.819925308227539,0.0,4.593991279602051,0.0,0.00011848701251437888,0.0,0.00019131260341964662,,,,,,,,
0.7876561,-0.3150004744529724,0.7876561,0.4574882388114929,0.0,0.00220567942596972,0.0,0.0008226824575103819,,,,,,,,
0.0,1.7202024459838867,1.518677,0.9436821937561035,0.616657,-0.691557765007019,0.616657,-0.47731420397758484,,,,,,,,
0.0,5.903628349304199,0.5926166,3.943953514099121,0.0,0.00019464982324279845,0.5926166,-0.4592992961406708,,,,,,,,
0.0,0.6135226488113403,1.4368625,1.3785127401351929,0.0,0.00183271209243685,0.0,0.000912369170691818,,,,,,,,
1.8486371,5.3913092613220215,2.0089815,4.2161865234375,0.0,0.0005330810672603548,0.0,0.0003238391946069896,,,,,,,,
0.0,0.2773101329803467,0.0,0.6222149133682251,0.0,0.0007285801111720502,0.0,0.0012299600057303905,,,,,,,,
2.980095,10.408186912536621,0.0,6.987120628356934,0.0,0.00022003613412380219,0.0,0.0001995364436879754,,,,,,,,
0.0,10.222359657287598,1.5931449,6.218939781188965,0.0,0.00019822540343739092,0.0,0.0001656871900195256,,,,,,,,
0.0,7.413763999938965,0.0,5.272733211517334,0.0,0.00011646069469861686,0.0,0.00019214690837543458,,,,,,,,
2.1658783,8.948126792907715,0.9308908,6.286887168884277,0.0,0.0001567479339428246,0.0,0.00012420836719684303,,,,,,,,
1.2297705,7.911583423614502,1.1223307,4.922971725463867,0.0,0.00014351768186315894,0.0,0.0003133521240670234,,,,,,,,
0.0,0.15709000825881958,0.0,0.4334717392921448,0.0,0.000995974289253354,0.0,0.0016402851324528456,,,,,,,,
0.0,4.380038261413574,0.59925807,3.5725340843200684,0.0,0.0010513499146327376,0.0,0.0006323245470412076,,,,,,,,
0.0,0.16530251502990723,0.0,0.42276111245155334,0.0,0.0012747265864163637,3.1524644,-2.4436938762664795,,,,,,,,
0.0,0.6815173625946045,0.0,0.8581028580665588,0.0,0.0007253637886606157,0.0,0.0014756753807887435,,,,,,,,
1.2435896,3.5015032291412354,0.3542862,2.933854341506958,0.97307986,-1.091761589050293,0.74576914,-0.577968418598175,,,,,,,,
0.86857545,0.5539175271987915,0.0,1.2211742401123047,0.0,0.00037019551382400095,0.0,0.0007320346776396036,,,,,,,,
0.0,7.927205562591553,2.000879,4.853110313415527,0.0,0.0001070442158379592,0.0,0.00019274283840786666,,,,,,,,
0.0,0.11815193295478821,1.7202086,0.7130110263824463,0.0,0.0020164174493402243,0.0,0.0008991489303298295,,,,,,,,
0.0,12.416094779968262,0.7747022,6.914383411407471,0.0,0.00024184639914892614,0.37073702,-0.2873515188694,,,,,,,,
0.0,11.090487480163574,0.0,6.551678657531738,0.0,0.0004994813934899867,0.0,0.0003947432560380548,,,,,,,,
0.0,10.472837448120117,1.1859207,6.385200023651123,0.0,0.000192504478036426,1.1412884,-0.8851975798606873,,,,,,,,
0.0,0.7443179488182068,0.0,1.6751725673675537,0.0,0.0030110995285212994,0.0,0.0014757943572476506,,,,,,,,
0.0,0.5735756158828735,2.206313,0.13309520483016968,2.596524,-2.9133148193359375,0.0,0.0012249593855813146,,,,,,,,
0.0,0.6028125286102295,0.0,0.7839792966842651,0.0,0.0005021026590839028,0.0,0.0010720703285187483,,,,,,,,
0.7700389,-0.11837269365787506,0.0,0.46424365043640137,0.0,0.0007828985108062625,0.0,0.001415918697603047,,,,,,,,
0.0,4.304930210113525,0.0,3.161677360534668,1.58298,-1.776219367980957,0.0,0.0005372511222958565,,,,,,,,
1.3376924,8.280977249145508,0.54159683,5.476794719696045,0.0,0.00012766500003635883,0.0,0.00024470672360621393,,,,,,,,
0.0,1.7789030075073242,0.92525214,1.2161412239074707,0.0,0.00041333239641971886,0.7444607,-0.5766324400901794,,,,,,,,
0.4774068,10.499114990234375,0.74471563,6.5029778480529785,0.0,0.00029797881143167615,0.0,0.00022897482267580926,,,,,,,,
0.0,6.864910125732422,0.0,4.468141555786133,0.0,0.0018491327064111829,0.0,0.0014207994099706411,,,,,,,,
1.7359838,6.472049713134766,1.016213,4.2210564613342285,0.0,0.00017271934484597296,0.0,0.00035589560866355896,,,,,,,,
0.0,10.496700286865234,0.0,6.191098213195801,0.0,0.0006071869283914566,0.0,0.0004781533498317003,,,,,,,,
0.64451563,6.506243705749512,0.29184356,4.6038408279418945,0.29184356,-0.3273797631263733,0.0,0.0002747396647464484,,,,,,,,
