gene,module,t0,t1,t2,t3,t4,t5,t6,t7,t8,t9,t10,t11,t12,t13,t14,t15,t16,t17,t18,t19,t20,t21,t22,t23,t24,t25,t26,t27,t28,t29,t30,t31,t32,t33,t34,t35,t36,t37,t38,t39,t40,t41,t42,t43,t44,t45,t46,t47,t48,t49,t50,t51,t52,t53,t54,t55,t56,t57,t58,t59,t60,t61,t62,t63,t64,t65,t66,t67,t68,t69,t70,t71,t72,t73,t74,t75,t76,t77,t78,t79,t80,t81,t82,t83,t84,t85,t86,t87,t88,t89,t90,t91,t92,t93,t94,t95,t96,t97,t98,t99
TFPI2,Early,1.8526943633559667,1.8656071560909333,1.87630258961272,1.8843540190396717,1.8893234005810824,1.890756406290457,1.8881911089485994,1.8811563536480334,1.8692016120786146,1.8518774415405848,1.828777823749621,1.7995249662914339,1.7638062133748869,1.721356676065823,1.6720021138973067,1.615657306454046,1.552339080697022,1.4821668537686825,1.4053805455643094,1.3223460067839472,1.2335229934260208,1.1395227041377856,1.0410328730987028,0.9388590232151033,0.833877513470996,0.7270583367461738,0.6194073110631635,0.5119994621065924,0.4059431980804543,0.3023941512405287,0.20254133636196145,0.10763211977814001,0.018937751250941333,-0.062186113250254645,-0.13440417295080345,-0.196372170790377,-0.24693284609761676,-0.2853116158621903,-0.31147808299329277,-0.32661691982452634,-0.3335051177229973,-0.3364677484660906,-0.3404703939588664,-0.3493409164219722,-0.364063421670217,-0.38260700407419757,-0.401516437178223,-0.4179430793297184,-0.43076495219486666,-0.44041548572023426,-0.4481352611742968,-0.45530327514973085,-0.4630624039802819,-0.47216741828673986,-0.4829971960937803,-0.49564130025823905,-0.5099808564428613,-0.5257653600511029,-0.542678355655477,-0.560403659231093,-0.5786088025972724,-0.5970283540146651,-0.6154248362113576,-0.6336172236555028,-0.6514475600359537,-0.6688143407816297,-0.6856285458408878,-0.7018445795775206,-0.7174211887968643,-0.732341817940534,-0.7465972393202498,-0.7601907097671692,-0.7731132729956087,-0.7853969545119521,-0.7970409401084099,-0.8080688418108752,-0.81849667237254,-0.8283434299751571,-0.8376256701771115,-0.8463626625627529,-0.8545826330021141,-0.8622975232094402,-0.8695312166132206,-0.8762994545640507,-0.882622592256666,-0.8885123000027147,-0.8940092881916679,-0.8991092143819818,-0.9038403044436897,-0.9082145000910362,-0.9122559561551076,-0.9159771571553414,-0.9193938444423332,-0.9225185025355206,-0.9253750148633931,-0.9279677238674945,-0.9303167133399637,-0.9324341963976418,-0.9343283151184231,-0.9360191532944464
DCDC2,Early,2.098218819302039,2.0691740738505877,2.038871266782466,2.0071302817424272,1.9737729687109797,1.9386215709357841,1.9014900730543256,1.8622042577186249,1.820595806587971,1.776504659931828,1.7297750839583226,1.680291458125004,1.627940914759479,1.5726412610271485,1.5143476644727762,1.453037315601593,1.38874364212145,1.3215315331122948,1.251506777437798,1.178829434828496,1.1037075436073707,1.0263920082168838,0.9471809251576407,0.8664176166526338,0.7844855181742777,0.7018101447801645,0.6188472930985282,0.5360983787471416,0.45409509891441924,0.3734092640381977,0.29467088809469005,0.21856504246127667,0.1458585980827864,0.07741988882905611,0.014219301395657618,-0.042660696383746914,-0.09209260758668358,-0.13302562238516133,-0.16477171989816586,-0.1874211549368962,-0.20233286214230412,-0.21241741170037823,-0.2217128707195811,-0.23404985788612026,-0.2513893998494259,-0.27304819493429794,-0.2965295866313797,-0.3191625044497599,-0.33930092872811496,-0.3565767614129271,-0.37156200957560837,-0.38523118921681804,-0.398582019099136,-0.41244389964443084,-0.4273756634745497,-0.44367442392221973,-0.4614190310512554,-0.48052158965336483,-0.5007890055573117,-0.521973717091419,-0.5438189208059571,-0.5660609310760503,-0.5884814846327855,-0.6108839479005659,-0.6331027554087385,-0.6550028198908683,-0.6764891673299416,-0.6974746890519691,-0.7179009848849984,-0.7377236156409445,-0.7569067940090487,-0.7754377388068973,-0.7932948203411745,-0.8104796116804852,-0.8269793316424155,-0.8427981095320529,-0.8579467601960554,-0.872426660069452,-0.886248427365325,-0.8994252365332396,-0.9119620034125855,-0.9238809475974051,-0.9351956368044149,-0.9459139363766385,-0.9560555096716358,-0.965633924406123,-0.9746717934412935,-0.9831801282573811,-0.9911787888455209,-0.9986846856932143,-1.005708830280695,-1.0122771782399411,-1.0184034939212452,-1.024105277712835,-1.029393541094944,-1.0342971892031851,-1.038821727777675,-1.0429872134431244,-1.0468081970841276,-1.0502988363181278
NR5A2,Early,1.9672918680481852,1.953046720349173,1.9372357749090465,1.9195906294917664,1.8998513800851262,1.8777567063062803,1.8530304158806772,1.8254303094290936,1.7947326003906106,1.7606979221272834,1.7231492283092706,1.681918679015883,1.6368780927043156,1.5879403625802868,1.5350743284897441,1.4782665349116202,1.4175984231576415,1.3531705555431581,1.2851536047301364,1.2137837505225848,1.1393386015656937,1.0621517131448839,0.9826246263362348,0.9011868555359409,0.8183104062593586,0.7345267715886706,0.6503865656096828,0.5664945785851321,0.4834662235575461,0.40199198121330504,0.32278711872496674,0.24662391218329793,0.17434970532291805,0.10690496824794274,0.04527974403484331,-0.009486705360213192,-0.05638769450575047,-0.09462474445418532,-0.12385049030636955,-0.14452489842723026,-0.1583040601861008,-0.16811915461982985,-0.1776824891725249,-0.19026906685358602,-0.20735368359058928,-0.22809005792689435,-0.2501174541004005,-0.2710960278159282,-0.2897103248427582,-0.3058537632903264,-0.3202359448486356,-0.333904983790345,-0.3478381758561772,-0.36283116725243814,-0.37935879623576135,-0.3976561803321759,-0.41773146367285446,-0.4394249504682804,-0.46251993601072816,-0.4867211070220229,-0.5117331502239898,-0.5372855388246316,-0.5631233261089771,-0.5890326401105785,-0.6148251035344848,-0.640349164722352,-0.665494700857019,-0.6901607955304764,-0.7142635287823795,-0.7377494326211164,-0.7605756618348655,-0.7826990171191455,-0.8040922333391609,-0.8247496450123568,-0.8446436329112782,-0.8637678233680505,-0.8821268195872497,-0.8997195592908969,-0.916534711513882,-0.932576879460781,-0.9478712037104314,-0.9624070614830427,-0.9761989705776618,-0.9892674683685503,-1.0016068893731533,-1.013242728262968,-1.0241856078177844,-1.0344503999293098,-1.0440576419718055,-1.0530126453351667,-1.0613355933009951,-1.0690530428187672,-1.0761699511857183,-1.08270720986877,-1.0886853562421834,-1.0941146589930897,-1.0990167177737291,-1.1034120699583634,-1.107305672844228,-1.1107240833807994
ANXA4,Early,2.33936097014897,2.285482672136035,2.229695367934337,2.1720520175960614,2.112614543643763,2.0514587196905683,1.9886643931997712,1.9243220036451036,1.8585325825107337,1.7914044942111325,1.723054250861107,1.6535999941155317,1.583176161029953,1.5119245215902204,1.4399905122473344,1.3675216063773792,1.29468564660728,1.221643550018676,1.1485676404736767,1.0756335009145268,1.0030167142834703,0.9308977521429533,0.8594501605101361,0.7888487075572291,0.7192559399059391,0.6508225900124848,0.5836855392425138,0.5179519298554466,0.4537052757797288,0.39099324106232713,0.3298190847833759,0.2701392167460767,0.2118493463861267,0.1547958895521892,0.09877311681077612,0.04353781930685306,-0.011156470894748879,-0.06552118661775308,-0.11967691382713475,-0.17361876390269215,-0.22722574349443334,-0.2803377502907527,-0.33290671285966694,-0.38503244053029395,-0.43682859372232324,-0.4880780362217961,-0.538019772817315,-0.5854776829653551,-0.6292683131920889,-0.6685398214273706,-0.7029064140602831,-0.7323705354009272,-0.7571933192450769,-0.777763818283784,-0.7945134532498481,-0.8078716079509849,-0.818246889559053,-0.8260108332093813,-0.8314999389258534,-0.8350120051557558,-0.8368142764701147,-0.8371389623285107,-0.8361897552393479,-0.8341450898399881,-0.831160994591869,-0.8273796468658564,-0.8229183735467912,-0.8178892055142956,-0.8123907299424369,-0.8065093124547787,-0.8003288743647834,-0.7939203006653756,-0.787351624654362,-0.7806835466992474,-0.7739739154724185,-0.7672732467159592,-0.7606300192468699,-0.7540866011068986,-0.7476841381827428,-0.7414580729708651,-0.7354405888875929,-0.7296634619642376,-0.7241490983767235,-0.7189235707661262,-0.7140072483832864,-0.709414797088809,-0.7051649565934671,-0.7012679115226811,-0.6977342538868878,-0.6945721313864235,-0.6917864326414899,-0.689385305352423,-0.6873663052091222,-0.6857314691366714,-0.6844816119051043,-0.683611844894219,-0.6831205385639485,-0.6829995452139564,-0.6832472353041757,-0.6838554611342702
KCNJ16,Early,2.309931046980667,2.2632868452441697,2.215306532220836,2.1658738940643625,2.114820525081305,2.0620406497947883,2.007406920097786,1.9508226071002612,1.8922014202816064,1.8314765540774791,1.7685930330755568,1.703525109297916,1.6362686073967851,1.5668388369806592,1.4952949488096328,1.421693310078619,1.346112556503979,1.2686849074318056,1.1895411904256015,1.1088338056790217,1.0267475123309486,0.9434775078896942,0.8592311679612358,0.7742576216292647,0.688807389760063,0.6031630042194928,0.5176400517099398,0.4325868258246652,0.3484058996779581,0.26555308206819234,0.18457116820564526,0.106100378081926,0.030897841426241898,-0.040117169360411764,-0.10589594609612739,-0.16521824339472385,-0.21677682945811663,-0.25933719312857245,-0.2919741469290865,-0.314485882384043,-0.3279485953815109,-0.3350153714845444,-0.33965974998889165,-0.3460789992417161,-0.35706955841288895,-0.3730263458124516,-0.3921971071590216,-0.41196737885643003,-0.430167371846158,-0.44568957513185115,-0.4584904955075579,-0.4691960871933351,-0.4787322335574828,-0.4880460426528054,-0.4978608934806916,-0.5086458167741248,-0.5206565525841008,-0.5338826625411914,-0.5481974944296651,-0.5633877575675349,-0.5791987557407474,-0.5953959735828112,-0.6117024463582256,-0.6279476806996599,-0.6439723175005072,-0.6596368305560744,-0.6748559731826961,-0.6895549370661354,-0.703690576946088,-0.7172416681380498,-0.7301970763812969,-0.742556453730182,-0.754319452239057,-0.7655076445380745,-0.7761419073660909,-0.7862330270381824,-0.7958123186626341,-0.8048797822394462,-0.8134782150832751,-0.8216184035091968,-0.8293316626254965,-0.8366179924321743,-0.8435097518744581,-0.8500281656368525,-0.8561836720887859,-0.8619867095996866,-0.8674588507997066,-0.8725997477431985,-0.8774417593753903,-0.8819740993812059,-0.8862287787602258,-0.8901950111973739,-0.8938832350620788,-0.8973045846150639,-0.9004691502801102,-0.9033880663179412,-0.9060397600984049,-0.9084670289361579,-0.9106378618316195,-0.9125839218387227
SFRP5,Early,2.3308763842837275,2.2761600972260876,2.221039310391681,2.1654112102936485,2.1091497190794914,2.052141516774642,1.9942522704291172,1.9353641572879028,1.8753308369864916,1.8140479951112087,1.751377546395032,1.6872211801315489,1.6214764580656036,1.554058202600419,1.4849011234195229,1.4139714496695668,1.3412402885093533,1.2667485401946037,1.1905314765054815,1.112671648416837,1.0332962594762807,0.9525651583896587,0.8706760922649085,0.7878504478073104,0.7043749020386176,0.6205447623097721,0.5366887315933598,0.45318654437369266,0.37044270042753724,0.28890785303123584,0.20910057239953037,0.1316088466123777,0.05710471565140066,-0.013570926235038595,-0.07945748588504488,-0.13938911839470866,-0.19208515795873762,-0.2362352954672341,-0.27082527962465014,-0.29557706373842163,-0.3115724408107921,-0.3215975062429617,-0.32977793261892935,-0.34021462723023915,-0.35523140001892894,-0.3745618364752543,-0.3960303431802043,-0.4171435054615938,-0.43619927231068983,-0.45265393298859147,-0.4667588927368886,-0.47923684781722564,-0.4908990491733596,-0.502470444457158,-0.5144812360661828,-0.5272473690950885,-0.5409084297377129,-0.555459164750202,-0.5707783742922072,-0.5867005811823239,-0.6030437980441776,-0.6196140300868698,-0.6362337927144722,-0.6527372335138764,-0.6690020269496222,-0.6849167292056617,-0.7003920351364749,-0.7153555250232158,-0.7297452856347466,-0.7435279213494235,-0.7566640328383403,-0.7691247272602996,-0.7808934944203312,-0.7919526984283536,-0.8022967108088086,-0.8119135241471727,-0.8208031384434458,-0.8289591747586622,-0.836381257861118,-0.8430697629825172,-0.8490348213788641,-0.8542820615257166,-0.8588163614352251,-0.8626441000463552,-0.8657750333834073,-0.8682211688609053,-0.8699933881982611,-0.8711078263587412,-0.8715757402934612,-0.8714087621852411,-0.8706339087167593,-0.8692523055831272,-0.8672905942353193,-0.8647611573195633,-0.8616801297991251,-0.858064397100679,-0.8539364731264567,-0.8493076148275742,-0.8442059645818214,-0.8386367756330525
LEFTY1,Early,2.4269529295836856,2.3640285342554304,2.3003853224865223,2.235970403088267,2.1707298774207544,2.104595238801484,2.0375488568342246,1.9695081205194895,1.9004392802416348,1.8303035491289505,1.759052065797594,1.6866606514184475,1.6130945489246538,1.5383507359625732,1.4624186342944665,1.3852932066642678,1.307030366614312,1.2276487519920443,1.1472264402664916,1.0658420126322867,0.9836042738204611,0.9006603117081486,0.8171345465201855,0.7332274610480078,0.6491491088695781,0.5651160919957445,0.48140042225408414,0.39828267480748636,0.31608926384904357,0.23519445750447748,0.156034985874731,0.07913925712115272,0.00512232020943053,-0.06520130055452457,-0.13085462935666536,-0.1906521479818023,-0.24316982414000937,-0.2869277119990253,-0.3205899312500832,-0.3435540260676609,-0.3565566951514459,-0.36223141597286845,-0.3648555745205761,-0.36905866098224666,-0.37789274880841484,-0.39163488708272387,-0.4083333909423091,-0.4253872732173675,-0.44089522160569694,-0.45413841966664487,-0.4653135722495981,-0.47516140785909705,-0.48454430473368204,-0.4942344742283077,-0.5048049042205088,-0.516562111741916,-0.5296287539777422,-0.5439214643400913,-0.5592654500434646,-0.5754164041686495,-0.5921068484185287,-0.6090617486118856,-0.6260592136190021,-0.6428771004473571,-0.6593695805338332,-0.6753757135471137,-0.6908033177011865,-0.705559707484433,-0.7195907323941408,-0.7328500496745008,-0.7453142360848047,-0.7569674242684441,-0.7678015546157129,-0.777823931147907,-0.7870343020022234,-0.7954397193371545,-0.8030706585519013,-0.8099271196464637,-0.8160239625262371,-0.8214070262214244,-0.8260765625948288,-0.8300625433200444,-0.8333883916377792,-0.8360767752003315,-0.8381430576387031,-0.8396333298459001,-0.8405473399591193,-0.8409238748500708,-0.8407777944241499,-0.8401325219220646,-0.8390263404899183,-0.8374516942436117,-0.8354622299602502,-0.8330503917557346,-0.8302547146389715,-0.8270825026312568,-0.8235727944671042,-0.8197099746527082,-0.8155401340810748,-0.8110710804991068
PDLIM3,Early,2.290791394379864,2.249362694330835,2.206705246825426,2.1626397449384873,2.1170017323184274,2.0696091519338844,2.0202892971146236,1.968859010786798,1.9151356858978033,1.8589521159898323,1.8001476948599924,1.7385948175799575,1.6741631291151875,1.6067569257694378,1.536318455312216,1.4628059161290707,1.3862523094945687,1.3067126375329887,1.2243007546415872,1.139179467108228,1.0515693334512681,0.9617739653967248,0.8700903744157016,0.7769327265040153,0.6827322383160093,0.5879982295225021,0.49325872051656716,0.39913468528130824,0.3062432476511298,0.21532033604887776,0.12713845531004328,0.04254903831845699,-0.03748537775100786,-0.1119148023458753,-0.17956081495347911,-0.23918449272444678,-0.28954498773505605,-0.32962723578174774,-0.35889496615280686,-0.37777114518393473,-0.3881324453555128,-0.39335159692829674,-0.39774131646696137,-0.4049886713725139,-0.4167030238013422,-0.4318973606332694,-0.4481848646852311,-0.46333574983897824,-0.47620817199448984,-0.4867848054826181,-0.4957102751999067,-0.5038395891682644,-0.5119697281684864,-0.520688389898488,-0.5303481379748941,-0.5411002282394707,-0.5529284350655554,-0.5656655519953421,-0.5791355722311392,-0.5930783357251097,-0.6072757590544896,-0.6215180091151564,-0.6356117534402714,-0.6494137114960891,-0.6628149790765382,-0.6757140772623248,-0.6880686544177546,-0.6998278335778699,-0.7109665887761241,-0.721484094980653,-0.7313635765435517,-0.7406300594313667,-0.7492829936228556,-0.7573479551058075,-0.7648241188483584,-0.7717453111569397,-0.7781197823501929,-0.7839728334052861,-0.7893209649595031,-0.7941806776501272,-0.7985778224755695,-0.8025200997332288,-0.8060245600816315,-0.809107704158061,-0.8117868576316652,-0.8140785211397277,-0.8159909450008901,-0.8175414548843001,-0.8187377510873568,-0.819597159279208,-0.8201196794598534,-0.82033033759584,-0.8202376590164306,-0.8198501690508889,-0.8191761180178563,-0.8182237562359745,-0.8170021590557497,-0.815527552103844,-0.8138004854015001,-0.8118289342567383
FAM3B,Early,1.8383229297737271,1.818968802642432,1.7981755287929273,1.7758391541894958,1.7518525533173632,1.7261149436198677,1.6985325902715827,1.669014225153013,1.6374816184474488,1.6038674643215953,1.568119257177751,1.5301999964269308,1.490091710354486,1.447798979985719,1.4033471771530763,1.3567902170005064,1.3081989292269225,1.2576832584395916,1.2053683018679378,1.1514168621034913,1.09601711357023,1.039377316726151,0.981739208752619,0.9233656700247033,0.8645379050186848,0.805560728110482,0.7467502300459894,0.6884415304454368,0.6309782062065353,0.5747126438910408,0.5200074492709995,0.4672227614125254,0.41671871938173266,0.3688459478075679,0.32392723278059926,0.2822205212640316,0.2438815681181609,0.20888183003148494,0.1769242451324439,0.14735619350866663,0.11915469697137704,0.09108076436944294,0.06203530201674902,0.031553512038339844,7.623002297148766e-05,-0.0312868787463881,-0.0614250918270857,-0.08981863904053201,-0.11667472368503924,-0.14266499454731332,-0.1685608258110369,-0.19498629407707896,-0.22233078649617927,-0.25076485816422744,-0.2803015473840085,-0.31084676694353364,-0.3422440572093835,-0.374324977405039,-0.4068974768543433,-0.4397924100076539,-0.4728476790465632,-0.5059212721866838,-0.5388909112910866,-0.5716484136853125,-0.6041032160229904,-0.6361784980336579,-0.6678067776907385,-0.6989374875226203,-0.7295188267047253,-0.7595093898160474,-0.7888799287719608,-0.8175976716222221,-0.8456395370470364,-0.8729838532728559,-0.8996165248372102,-0.9255213419582585,-0.9506887901988336,-0.9751116456344193,-0.9987830367270616,-1.021700672964109,-1.0438633209925952,-1.065271509392363,-1.085928585835749,-1.1058403647010222,-1.1250140699126987,-1.1434563968154516,-1.1611745693337971,-1.1781856782159803,-1.1944974759663596,-1.2101217675347542,-1.2250731769634766,-1.239369147387334,-1.2530232456889538,-1.266048510171121,-1.2784660840275408,-1.2902902389139643,-1.3015359512592664,-1.3122243642571523,-1.322369573370092,-1.3319921932119483
SLC4A4,Early,2.0073657026295306,1.980444762806463,1.9520704079337596,1.9221243565758823,1.890487901824503,1.8570465914991912,1.8216898026746227,1.7843154218812682,1.7448315469965516,1.7031552108264798,1.6592196141430693,1.6129758275755037,1.5643927916101346,1.5134611458455882,1.460195356356715,1.4046375449496953,1.346856212743672,1.2869475165891189,1.2250408002141064,1.1612922121324567,1.0958898113172197,1.029051439836725,0.961023659172607,0.892078559173883,0.8225192892032185,0.752668995844395,0.6828810342492634,0.613532586045898,0.5450295522756786,0.4778067661296845,0.4123367151408842,0.34912869023855586,0.2887341041581585,0.23173755651274805,0.17874938801915782,0.1303567511271821,0.08705957636472539,0.049146972492392964,0.016527250124003162,-0.011464817447149346,-0.036201379967866404,-0.05966386421980885,-0.08394793642867358,-0.11046403889233598,-0.13926110098161223,-0.16909248742266378,-0.19826013631177397,-0.22558059508437556,-0.25079496354793246,-0.2743810476452845,-0.29711150596253777,-0.3197058129870851,-0.34266560113798994,-0.3662578545907927,-0.3905595839204302,-0.4155184559737687,-0.4410015105040249,-0.4668477060602952,-0.49288025869845675,-0.5189402543315543,-0.5448792029559805,-0.5705764830358537,-0.595935086775121,-0.62087864180803,-0.6453476883122194,-0.6693028700546414,-0.6927147230446088,-0.7155654837931514,-0.7378441963759343,-0.7595473506424425,-0.780671968283148,-0.8012264523856473,-0.821213143050284,-0.8406393796826805,-0.8595168627845537,-0.8778535699707105,-0.8956616272156577,-0.912950714025361,-0.92973572194746,-0.9460240967557748,-0.9618303045251552,-0.9771650884435414,-0.992042808217586,-1.0064744197716238,-1.020472687289346,-1.0340496303770617,-1.0472163113273036,-1.0599857070601575,-1.072369198972748,-1.0843802958261484,-1.096028358021732,-1.1073242351156365,-1.1182828186555016,-1.12891102257416,-1.13922214289629,-1.1492255400232654,-1.1589321698794206,-1.1683513928661293,-1.1774928884893576,-1.1863662298868736
NR0B2,Early,2.091614677283761,2.041832314814645,1.9916201752714742,1.940978258654248,1.8899288563049819,1.8384688474357938,1.7866084860640106,1.7343624844753625,1.681724155267245,1.6287113315132702,1.575322229906077,1.5215555129651444,1.4674143014783545,1.4129030537141103,1.3580284570750167,1.3027891740805526,1.2471972420554063,1.1912727232073914,1.1350276548611964,1.0784963656835247,1.0217185342631636,0.9647472139941098,0.9076488330755687,0.8505009653777534,0.7934141759570603,0.736493234120961,0.6798714420947072,0.6237217806923377,0.5682092058447659,0.5135432561669355,0.45995709909632687,0.40771154333451914,0.357101726249795,0.30845711387714075,0.2621370426498433,0.2185329485336914,0.1780349300139531,0.1409938528139494,0.1076616090984533,0.07808411903201638,0.05195108713378547,0.02848097895270373,0.006375100902959089,-0.015928278437041216,-0.03978313518130724,-0.06577350249064015,-0.09349991951612557,-0.12190087255099434,-0.1498671444165645,-0.1766970036661941,-0.20225135232570748,-0.22685118572012525,-0.25104175007514185,-0.2754128743004825,-0.300444713903157,-0.32645514342030374,-0.353601985553391,-0.3818754321119322,-0.41118319693998384,-0.4413469493014235,-0.47216695877179393,-0.5034336867361512,-0.5349389320600723,-0.5664932183364271,-0.5979338187685038,-0.6291127188453207,-0.6599171243762805,-0.6902293370755421,-0.7199820370902194,-0.749097650550099,-0.7775213407538234,-0.8052192248615292,-0.8321420390073626,-0.8582784146068958,-0.8836071748852143,-0.9081104867687058,-0.9317861211231687,-0.9546418799183084,-0.9766726361454614,-0.9978826251596107,-1.0182894571209482,-1.0379009339991794,-1.0567248577640098,-1.0748042507055287,-1.092118827702502,-1.108718075534204,-1.1246102419971806,-1.1398133830784636,-1.1543584837434548,-1.1682633770657662,-1.1815496856471526,-1.1942452736651332,-1.2063621784443963,-1.2179313849503433,-1.2289749616115693,-1.239514753943249,-1.2495561118674665,-1.259137376492488,-1.2682705851430016,-1.2769780291610227
SLC3A1,Early,2.0404814447654513,2.0002438643769946,1.9597295212912622,1.9188295042616403,1.8774009473587485,1.835327892137663,1.792491176881501,1.74876459267507,1.7040456348156745,1.6582151415864321,1.6112007190410649,1.5629037064032287,1.5132805391742785,1.4622658706062461,1.4098251053619721,1.355960806059024,1.3006684881166588,1.2439776216369012,1.185938818316707,1.126616784249652,1.0661159461016065,1.0045407305384413,0.9420352847983204,0.8787668196775151,0.8149352193462802,0.7507442119012216,0.6864705600396154,0.6223967923482641,0.5588547678021419,0.4962250351100037,0.43494900514782886,0.37550973132706666,0.3184921311074694,0.2645073887788548,0.21423972323171092,0.16835925895990497,0.12748294614278136,0.09200030265058037,0.06189851539546517,0.03653949260316055,0.01451123199404547,-0.006241485720911041,-0.02790137005471664,-0.05193167563833976,-0.07840864034440967,-0.10620919702402634,-0.13374388213102836,-0.1598710495391522,-0.1842139944659945,-0.2070488389544394,-0.22900406496288442,-0.25080297129971985,-0.2730733992689514,-0.29631249667864895,-0.3207733220135903,-0.3465801622257929,-0.37369585936052985,-0.40196793767254263,-0.43119138775644167,-0.4611368553399473,-0.4915512819382817,-0.5222101181871039,-0.5529086750082205,-0.58346564720874,-0.6137259964258361,-0.6435760065049572,-0.6729048442363144,-0.7016343497841028,-0.7296991764003544,-0.7570621661303427,-0.7836666210603892,-0.8094978061394819,-0.8345355407542774,-0.8587654101809595,-0.8821762029676709,-0.9047762476215054,-0.9265594579257407,-0.9475290371523359,-0.967697798389128,-0.9870737498160148,-1.0056693841936373,-1.0234930300290896,-1.0405664695716943,-1.0569028362364838,-1.0725197480192346,-1.0874345025885255,-1.101659913032194,-1.115223527489089,-1.1281336744663046,-1.1404172614482981,-1.1520967113387843,-1.1631809932992485,-1.1736880456526628,-1.183644775883484,-1.1930646377339413,-1.2019524361119733,-1.210353337152205,-1.2182580513659547,-1.2256893219841327,-1.2326698922376493
VCAM1,Early,2.010780710648785,1.980102707050306,1.948229589010385,1.9150695672895313,1.8805127729495679,1.8444632445128457,1.806818993935487,1.7674882319780014,1.7263800965649343,1.6834078978589895,1.6384997806474344,1.5915987243421013,1.5426583707412274,1.4916550771619137,1.4385804991278428,1.3834615243960373,1.3263408025121188,1.2672962152550487,1.2064380951450218,1.1439018081311856,1.07986119747015,1.0145193120856357,0.9480995985101387,0.8808519274511601,0.813056766029364,0.744990872709274,0.6769551122203296,0.6092540579481118,0.5422094358128539,0.4761364815865418,0.4113726829780083,0.3482893691833723,0.2873000553623571,0.22889891994575298,0.17369140104858072,0.12242572004729017,0.07598592784949586,0.03534647385624957,0.0013710113663902431,-0.025528335206411776,-0.04587216846795152,-0.061536141261547515,-0.0755896301259076,-0.09137830648224522,-0.11102213089716832,-0.13447289084084368,-0.15989665585153923,-0.18500796658235422,-0.20826170416853815,-0.22922210151352168,-0.2483198263116803,-0.26638608112061896,-0.28430028102777605,-0.3028036936793369,-0.3223858616859156,-0.3433388417186171,-0.3657465421226319,-0.3895728035005851,-0.4146771605011357,-0.44086073643872176,-0.4679167737334817,-0.49562808421015725,-0.5238027449134509,-0.5522525415442062,-0.5808166111423064,-0.6093711773090454,-0.6377873642435227,-0.6659661971849751,-0.6938379070397495,-0.7213093138223031,-0.7483363772409614,-0.7748685668558029,-0.8008548886448886,-0.8262672958961523,-0.8510779736885363,-0.8752558620268595,-0.8987893713606813,-0.9216638988564464,-0.9438576561593264,-0.9653697161052859,-0.9861982243662546,-1.0063385451220561,-1.0257860425525143,-1.0445495247159637,-1.0626310777314842,-1.0800392778664014,-1.0967831649700595,-1.1128683020266694,-1.128310450824831,-1.1431151743487553,-1.1573051881173066,-1.1708828100405726,-1.1838740007115407,-1.196288031770563,-1.208141128588257,-1.2194527616093627,-1.2302287256091005,-1.2404921996883516,-1.2502594092177333,-1.2595468113588708
DMBT1,Early,1.381491881955589,1.3641661029678092,1.346959195147225,1.329874222183713,1.3129399827621089,1.2961675061659672,1.2795494395395852,1.2631060032361454,1.24682923166197,1.2307117719613558,1.2147456585406253,1.1989033181908921,1.1831498248475685,1.1674373849485855,1.151723106835677,1.135927334572062,1.1199875688842664,1.1038161882418316,1.0873065762370662,1.070358856580007,1.052869476552839,1.0347122121326635,1.0157779959598885,0.9959553097230208,0.9751399879662705,0.9532388945174016,0.9301711479636828,0.9059067241443277,0.8804192753264011,0.8537314728149866,0.8259401292101717,0.7971659538930779,0.7675988956360283,0.7374638292759348,0.707019330238347,0.6765006899057555,0.646023103017505,0.6155350995836754,0.5846757769368526,0.5527361972396883,0.5187347542558541,0.4817394735250156,0.4414096727329415,0.3984984068511971,0.3548628846827235,0.3127843297093252,0.27380867984252316,0.23812649659261592,0.20469612540170187,0.17189748706325642,0.13822324615819834,0.10264584110205652,0.06461380771711832,0.0240064366222622,-0.01905433732543983,-0.06425846871051823,-0.11128304462002349,-0.15976777512451673,-0.20934624291480664,-0.25972433376277987,-0.3106140608200753,-0.3617427556877129,-0.4128984110262609,-0.4639002691330246,-0.5145626704015075,-0.5647312048619498,-0.6142857758712056,-0.663095257502574,-0.7110622244179926,-0.7580800602097703,-0.8040960694120367,-0.8490109884728035,-0.892767832760374,-0.9353292252582585,-0.9766338921689335,-1.0166597749252904,-1.0553713347247655,-1.092742836572399,-1.1287761186821166,-1.1634534116526365,-1.1967851320295375,-1.2287596377912902,-1.2594020511948794,-1.2887264652137354,-1.3167469728212886,-1.3434862453226228,-1.3689755323544752,-1.3932326033181275,-1.416302188085772,-1.4382032815346408,-1.4589806135369265,-1.4786611445635394,-1.497285315320845,-1.514886213659506,-1.5314999911200613,-1.5471591228151986,-1.561904662189259,-1.575766020665053,-1.5887830262109717,-1.6009857029878014
SPINK1,Early,1.6311646805075182,1.6094266841621168,1.5872587892428665,1.5646503732559363,1.5415830030502675,1.5180394951799578,1.49400079164137,1.4694481468571559,1.444357504003052,1.4187079305176866,1.3924756820030852,1.365637014061274,1.3381688071468563,1.310050753551039,1.281262233138739,1.251787937021789,1.2216134935908882,1.1907323418939655,1.1591419825207072,1.126845852160294,1.0938526987488217,1.0601825175687951,1.0258587405918989,0.9909144850047815,0.9553884916672958,0.9193279369491009,0.8827853084667714,0.8458168429523516,0.8084881499265597,0.7708635892049573,0.7330106448659978,0.6949946140041099,0.656871733351338,0.6186848053092936,0.5804444523718072,0.5421178697785196,0.5036035189854622,0.4647198803186478,0.4252051405477817,0.38475843315642727,0.343132004097301,0.3002624308337084,0.2563812212458983,0.21201481363106228,0.16781617893349152,0.12431769154987118,0.08175085936044998,0.04003757579294427,-0.001069288347351344,-0.04182279835463582,-0.08238416619410258,-0.12279338243076081,-0.1630029582686621,-0.20292010309993347,-0.24244827720123238,-0.28150906157398603,-0.3200505934541982,-0.35804850359131624,-0.395499980148738,-0.432413146209981,-0.46880565386038137,-0.5046957800378534,-0.5400989898437093,-0.5750291862478155,-0.6094937112679668,-0.6434958453801989,-0.6770352761582229,-0.7101085669128582,-0.7427071259211535,-0.7748234549521698,-0.8064472439383654,-0.8375666206807534,-0.8681712751117923,-0.8982502723113623,-0.9277936146382112,-0.9567923979430987,-0.9852384991425072,-1.0131252010712204,-1.0404479735480456,-1.0672021301786463,-1.0933865774710099,-1.1190000657199803,-1.1440425949255575,-1.168516820711199,-1.1924257111266514,-1.2157730152873847,-1.2385649817191813,-1.2608072340952456,-1.2825074268596617,-1.303672902030224,-1.3243127199693174,-1.3444354723998935,-1.3640519380289269,-1.3831703961530797,-1.4018020941187612,-1.4199578106329462,-1.4376476995500316,-1.4548828520032817,-1.471673890486527,-1.4880328434118995
EPCAM,Early,1.789887364621913,1.7573847284419706,1.7238540086053187,1.6893409304969762,1.653906707132371,1.6176088639958817,1.5805207829554007,1.5427110520884562,1.504256003287781,1.4652360247302625,1.4257322420989986,1.3858276248426116,1.3456062486690388,1.305157720582793,1.2645631662669714,1.2239118239729816,1.1832837131246061,1.1427632781828874,1.102428326052978,1.062355188627611,1.022613191490524,0.9832709227192452,0.9443848015388379,0.9060071908902103,0.8681797598742264,0.8309305337268652,0.7942794251157963,0.7582271715472295,0.7227590228969654,0.687837366348295,0.653405782676155,0.6193790899132929,0.585648137140632,0.5520757482031164,0.5185026217593909,0.4847462250224858,0.45061701889643685,0.4159199329887047,0.3804739095247399,0.34411337836040234,0.3067162822179406,0.2682228830943465,0.2287095128823528,0.18844019880513158,0.14788583857775384,0.10758665549902852,0.06794606546581358,0.029069900619240887,-0.009204459159989721,-0.047148416157150166,-0.08495077196199483,-0.12265651445333237,-0.16017493036733546,-0.19735261841232873,-0.23402658971590698,-0.27008216206241864,-0.30545664742401557,-0.340144145751018,-0.3741815323539247,-0.4076351827916338,-0.440581428956878,-0.47310065902654497,-0.5052666236216324,-0.5371471733134584,-0.5687939335367213,-0.6002526296764398,-0.6315549744996429,-0.66272530571126,-0.6937772671761756,-0.7247197089689095,-0.7555541061018816,-0.786279352315777,-0.8168895475609157,-0.8473747355034632,-0.8777260660688997,-0.9079302641454455,-0.9379755296337411,-0.9678478499157968,-0.9975321061143081,-1.0270161293768105,-1.056284800825999,-1.0853266891156195,-1.1141270441214721,-1.1426740657441974,-1.1709552163782255,-1.1989609084428268,-1.2266815543572716,-1.254106460281515,-1.2812293574127727,-1.3080391831578946,-1.3345329874920409,-1.3607015515875869,-1.3865434004321127,-1.4120518964697282,-1.4372244584286988,-1.4620577675310797,-1.4865499800113455,-1.5106996208570767,-1.5345070588213778,-1.5579710032683818
C8orf4,Early,1.9051670928444246,1.8587906625310924,1.8127840285535208,1.7671622934458422,1.7219293407168335,1.6770847388655195,1.6326198578723958,1.5885256362169833,1.5447783413456446,1.501356398209619,1.458224423728939,1.4153496238294878,1.3726927319225208,1.330207145902715,1.2878523046783996,1.2455837636491276,1.2033618247251787,1.1611506733256105,1.1189170838753308,1.0766420703314306,1.0343122561636777,0.9919237578632955,0.9494869314536889,0.9070190369738669,0.8645558890047722,0.8221402061429512,0.7798211794995789,0.7376631027199622,0.6957388994689128,0.654121061910267,0.6128993422468698,0.5721665131883928,0.5320334704854667,0.4926085208828706,0.4540275871877978,0.41640631166160624,0.3798521380471248,0.34438620989213914,0.30987303589043125,0.27592081315650463,0.24185510566609617,0.20686512308677416,0.1704153727082951,0.13276518661676404,0.09510162399500127,0.0589647118235541,0.025294259226443825,-0.006120737773210371,-0.03640175020999589,-0.06691016366072045,-0.09868028596297773,-0.13219065169828273,-0.1674429868705363,-0.20414128181073998,-0.24187129558268608,-0.2802153352423651,-0.3188135289764466,-0.3573892846598168,-0.39573159831559496,-0.4337062731404887,-0.4712075913955701,-0.5081695334316311,-0.5445450656423729,-0.5802996679497784,-0.6154078817963097,-0.6498399336146768,-0.6835824468746483,-0.7166125520245374,-0.7489181670370383,-0.7804772853624147,-0.8112799824782368,-0.8413167653630499,-0.8705761992410106,-0.8990520273479783,-0.9267423079295647,-0.9536409999721165,-0.9797556547427001,-1.0050864879918031,-1.029641050986492,-1.0534281894967583,-1.0764589067974706,-1.0987433431615459,-1.1203069571465223,-1.1411532007602012,-1.161309690064997,-1.180793685099918,-1.1996196411476339,-1.2178179790268977,-1.2354044485233044,-1.252402997940979,-1.2688339078257564,-1.2847219894837116,-1.3000873077101922,-1.3149538108093224,-1.3293432895803512,-1.3432725725613115,-1.356768412812667,-1.369846560120013,-1.3825294525340608,-1.3948345658443067
PIGR,Mid,1.7840994952289628,1.7501278563377802,1.715941900532806,1.6815356076760124,1.6469059676983853,1.612050873551615,1.5769661111390822,1.5416522824745895,1.5061081835305312,1.4703359213552174,1.4343391080314647,1.3981249677249064,1.3616980155390632,1.3250736028259067,1.2882595557648726,1.251273332756242,1.214128178103676,1.1768424532281594,1.1394327135092692,1.1019146113058775,1.0643016919285473,1.0266068986740382,0.9888335426182654,0.9509834298026376,0.9130484330408171,0.8750122979601286,0.8368482349463482,0.7985201231713087,0.7599795005238861,0.7211706807273225,0.6820322583737338,0.6425019250345319,0.6025239944329589,0.5620641517822562,0.5211239021169307,0.47975652365852894,0.4380875362849317,0.39630627333711493,0.35464390811534835,0.31329489107793157,0.2723242397155654,0.23160703616417191,0.19090939806136897,0.15011724379152872,0.10944729832365391,0.06939863110025367,0.030420645425107345,-0.0073966576382686455,-0.04434495377732385,-0.08087846240625989,-0.1173839773933664,-0.1540598622866612,-0.19092658555543895,-0.2278902330464652,-0.2648135456127048,-0.3015586620933199,-0.3380154139624008,-0.37410584043248674,-0.40978027536484796,-0.445013133172866,-0.47979207257358386,-0.5141119764496779,-0.5479740488287534,-0.5813800957522192,-0.614329515206272,-0.646818394101194,-0.6788447758921261,-0.7104017374203363,-0.7414802484787828,-0.7720715798673251,-0.8021648953375131,-0.8317508636754037,-0.8608181971221947,-0.8893563604363373,-0.9173563234107897,-0.9448102598661156,-0.9717092900987241,-0.9980492000119956,-1.0238235179575501,-1.0490310399077822,-1.073668304283326,-1.0977362141048852,-1.1212346188690092,-1.1441663781412617,-1.1665372110527688,-1.1883496761621923,-1.2096109976351659,-1.2303271956097173,-1.2505080528101415,-1.2701618469262272,-1.2892985111857203,-1.307927226299113,-1.3260594305286584,-1.3437071641504124,-1.3608799088817685,-1.3775916615436417,-1.3938529573775806,-1.4096773416941482,-1.4250765537624985,-1.440062182348335
GATA6,Mid,0.3750207015909601,0.3401481161108378,0.3047861220567407,0.26898487369575397,0.23280504151225465,0.19630972280999476,0.15956848641106,0.12264685643857755,0.08562977157067524,0.04859084532839721,0.011617443209246367,-0.025203069289274373,-0.06177604621153685,-0.0980214025181634,-0.1338372117954006,-0.16914581582324587,-0.20385256864607104,-0.23787657628470676,-0.27114098945894216,-0.30357623934669153,-0.33512084652378615,-0.36572627460272444,-0.3953472229551715,-0.42396346808633506,-0.4515717742370483,-0.47817942186543644,-0.5038228132621257,-0.5285715172492019,-0.5525177529629178,-0.5757885239505697,-0.5985747400029969,-0.6211012863822906,-0.6436593814134602,-0.6665912066283923,-0.690276963729183,-0.7151195047320955,-0.7414723363261002,-0.7695854209068302,-0.799495160764912,-0.8309677723005459,-0.863464501612464,-0.8962937051787682,-0.9288462513363132,-0.9608729866292571,-0.9925931337411493,-1.0244071178688778,-1.0563367803868187,-1.087628998348905,-1.116753257669252,-1.1417818548242542,-1.1608623176909327,-1.1724851646179875,-1.1756246599495506,-1.1697096921926864,-1.154579282328848,-1.1304130149917915,-1.0976299209936138,-1.0568172906230848,-1.0086635316429358,-0.9538869825881906,-0.8931938478969981,-0.8272709174525058,-0.7567354123157763,-0.6821600618593286,-0.6040528802723465,-0.5228595933800528,-0.4389879068374616,-0.35280265249062637,-0.2646225526174746,-0.1747396344828076,-0.08341356775975911,0.009105685156037524,0.10260941779832536,0.19688730582126404,0.29174843943401385,0.3870245591599025,0.4825433608232993,0.5781568084423242,0.6737265733125977,0.7691135177899484,0.8641963009056223,0.9588632889683656,1.0530052751062997,1.146523568664838,1.2393291862668943,1.3313371892343404,1.422473155106341,1.512665088241435,1.6018571717939956,1.689990353159229,1.7770088154915087,1.8628761565002083,1.9475543560151183,2.030999731287487,2.1131944856418974,2.1941062614866813,2.273723733664756,2.352023442922161,2.428993255162022,2.5046283167455883
MT2A,Mid,-0.13298612138081686,-0.16216095001665898,-0.19231021404672552,-0.22342517849238297,-0.2554990494813608,-0.28852212148184414,-0.3224764392599752,-0.35734938562439444,-0.3931171820221553,-0.42975896155985543,-0.4672533720675019,-0.5055717822262406,-0.544689442929943,-0.5845835461788443,-0.6252269164838624,-0.6666011133345489,-0.7086847845609106,-0.7514667688013603,-0.7949383310772647,-0.8390994713886237,-0.8839584394374802,-0.9295297935215564,-0.9758407091299344,-1.022922729241013,-1.0708161318118241,-1.119559253693037,-1.1691797556503247,-1.2196858873857295,-1.2710315476231306,-1.3230823147468902,-1.3755489639089218,-1.427891624902017,-1.479174441820916,-1.5278539924687409,-1.571482784360048,-1.606310114724937,-1.6268072273650018,-1.62515437529691,-1.5908715252668417,-1.5109294860897717,-1.3708762356165978,-1.157666083258209,-0.864574551296594,-0.49724006843966745,-0.07768157471608385,0.35792598641675744,0.7687674567407131,1.121459689024964,1.3977135791173538,1.594701905600178,1.720455996050336,1.7881622712682557,1.8118321222586389,1.803908526084886,1.7743566375380315,1.7306497161156138,1.6781160987840589,1.6204152563142062,1.5599798802554818,1.4983759581662335,1.4365745285045501,1.3751622906686476,1.314460497761602,1.2546360849306308,1.19575747617503,1.1378397150691124,1.0808599936131131,1.0247853129988613,0.9695753952693243,0.9151919035738333,0.8615974716149005,0.8087581300311735,0.756651070822887,0.7052544565434573,0.654547905576073,0.6045173448996023,0.5551584070247285,0.5064575042069107,0.4584165775525118,0.411027377359489,0.3642937858405685,0.31821386188938705,0.2727890613357171,0.2280237516688753,0.18391599178249868,0.1404716049956762,0.09769107658499866,0.0555792593163735,0.014135182636619253,-0.026639697624491844,-0.06673810231809855,-0.10616682531647136,-0.14492198440688428,-0.1830045501425188,-0.22041597835314714,-0.2571552984855879,-0.2932293044121114,-0.32863848140930857,-0.36338574113672384,-0.39747739219003686
LAMC2,Mid,-1.5124239930573642,-1.5004012196330132,-1.4880139566732837,-1.4752633701141895,-1.462151522765601,-1.4486794908761462,-1.4348492475683103,-1.420662407215035,-1.4061197770027916,-1.391222433180208,-1.3759705551220558,-1.3603649500148058,-1.3444048106719872,-1.328090944280071,-1.3114246064624564,-1.2944061559686864,-1.2770387318572594,-1.2593261906857594,-1.2412734652603985,-1.2228874615098735,-1.2041751750502672,-1.1851439602472047,-1.165798122095198,-1.1461363152834627,-1.1261476876383318,-1.1058040773207036,-1.0850511337748603,-1.0637926224359733,-1.0418761644357828,-1.0190644469517962,-0.9950031151232156,-0.9691768252319595,-0.9408492438416453,-0.9089890557044095,-0.8721792001266053,-0.8285100532924651,-0.7754779021435175,-0.7099162438411618,-0.6280438582053884,-0.5257627492099878,-0.3993829984335663,-0.24691874778253364,-0.06981109416989723,0.12561592546570846,0.32808878611985176,0.5234689889401357,0.6984029790735807,0.8436836288816807,0.9556945635992946,1.035739120315035,1.0882331471499394,1.1188613893575592,1.1332569322572974,1.1362919533885005,1.1318208578378877,1.122688170729491,1.110877418284873,1.0976879913476767,1.0839227713944541,1.070038087843514,1.0562610291553827,1.0426794889680202,1.0292984897750244,1.0160846678689248,1.0029863633155731,0.9899494049340222,0.97692823153235,0.9638794344158902,0.9507768248680261,0.9376010304134521,0.924340571066802,0.9109932943308197,0.8975649401981882,0.8840594549138772,0.8704922647082225,0.8568773608133894,0.8432316044578845,0.8295729331188425,0.8159185667743128,0.8022903891464,0.7887052614636106,0.7751825562012502,0.7617384170887401,0.748390781603215,0.7351565109731817,0.7220495964308052,0.7090836704587081,0.6962727242890554,0.6836282379072134,0.6711606150499201,0.6588795419548285,0.6467943461100485,0.6349122025064342,0.6232388511366685,0.6117800319934348,0.6005429200675868,0.5895289503572954,0.5787413516084446,0.5681840700660044,0.5578563882308892
COL17A1,Mid,-1.482407019153006,-1.473912837456345,-1.4650546538581934,-1.4558208242899557,-1.446201534465244,-1.436183851150725,-1.4257575857863782,-1.414909929896748,-1.4036281165923385,-1.3918997116713283,-1.3797106590794836,-1.3670464037310603,-1.353892099438599,-1.340231361334147,-1.3260478877216706,-1.3113236718808061,-1.2960414140524967,-1.2801823589691121,-1.2637268780578765,-1.2466559249494444,-1.2289471679836876,-1.2105766120621075,-1.191518099616323,-1.1717383202929592,-1.1511958544765828,-1.1298336462310754,-1.1075756764228915,-1.084314486933277,-1.0598984553547335,-1.0341116673867312,-1.0066487157443906,-0.9770793520931041,-0.9448020771179898,-0.908982260616498,-0.8684807799923038,-0.8217653589901434,-0.766828477012215,-0.7011377154828103,-0.6216836648733939,-0.525254891065296,-0.409084014812933,-0.27198591944902717,-0.11580469275144906,0.05350322516163512,0.2261494975410809,0.39062878655140243,0.5368460174078793,0.6585626308446576,0.7540378386066934,0.8250862856126941,0.8755217370153966,0.9097855732648407,0.9320756474335811,0.9459211103691105,0.9540669680709256,0.9585189945265389,0.9606628338988279,0.9614007351601155,0.9612869559755526,0.9606365515725692,0.9596065505333689,0.9582628250174354,0.9566200132824318,0.9546664712597626,0.9523855645657194,0.949759328065898,0.9467784465054216,0.9434395930075489,0.9397494213257628,0.9357205735916814,0.9313696841890129,0.9267217046933193,0.9218005886171401,0.9166369432264979,0.9112583815983483,0.9056951783110396,0.8999766098798981,0.8941312874449016,0.8881874894583536,0.8821705001834903,0.876105770227385,0.8700157560080435,0.8639219158804492,0.8578437120735404,0.8517987770340476,0.8458027470826565,0.8398702604770298,0.8340146247241343,0.8282458204541946,0.8225754917358064,0.8170106250101269,0.8115595374690103,0.8062280511467543,0.8010216553899826,0.7959451741699705,0.7910007699566001,0.7861917696266129,0.7815201693060538,0.7769872997456196,0.7725941590083328
SLPI,Mid,-1.5615502695341,-1.545741333199755,-1.529657004215697,-1.5132966746511323,-1.4966597365752665,-1.4797474058496878,-1.4625602904051902,-1.4450977823109799,-1.42736261725563,-1.4093538833429495,-1.3910740122961145,-1.3725199644611548,-1.3536929556996584,-1.3345902503230522,-1.315209112642763,-1.2955455911086289,-1.2755926945165184,-1.2553434316622996,-1.2347905073764438,-1.2139217630430696,-1.1927256479770898,-1.1711851401162705,-1.1492835213637744,-1.1269992101764128,-1.1043039377722608,-1.0811615322690717,-1.0575239671341143,-1.0333243699800407,-1.0084672956721827,-0.9828165677126685,-0.9561700491124707,-0.9282353251596426,-0.8985801570596016,-0.8665762483366783,-0.8313223415886667,-0.7915426940442148,-0.7454870729472006,-0.690855372138267,-0.6248143301516595,-0.544230063743957,-0.4462510735255827,-0.32932622407547174,-0.19447835895464385,-0.04625115291796428,0.10747509111645867,0.25716102709350475,0.39412327551610166,0.5125554893701045,0.6101721528352142,0.687627399445848,0.7473593356516164,0.7925200826197624,0.8262505147978392,0.8512905762747118,0.8698634699642876,0.8836823448442506,0.8940135207586446,0.9017883476839821,0.9076664305318269,0.9121201315291702,0.9154917157130721,0.9180207078163956,0.9198864474233907,0.9212214634471643,0.9221278882611199,0.9226847528684863,0.9229534582794644,0.9229899341271085,0.9228349117746212,0.9225285146544108,0.9220999234445928,0.9215728474461357,0.9209716038908022,0.9203162544947968,0.919621389597177,0.9188961281598537,0.9181562763834727,0.9174042659912104,0.9166486080141837,0.9158935579679511,0.9151403317141007,0.9143919689066028,0.9136472536838693,0.912903754322724,0.9121651184079311,0.9114276983547265,0.9106872386475515,0.9099431313556121,0.9091935526865261,0.9084366788479112,0.9076658226010329,0.9068840235998612,0.9060858104672498,0.9052711832031984,0.904438318015325,0.9035847831804534,0.9027087549062012,0.9018132728465389,0.9008922576935257,0.8999481411703378
LGALS1,Mid,-0.9207299921358454,-0.9273887806985278,-0.9342687304424768,-0.941375244328147,-0.9487130049212654,-0.9562881355770138,-0.9641094611308008,-0.9721832850364901,-0.9805211336097176,-0.9891336326727105,-0.9980341095279227,-1.0072385929580356,-1.0167640122391401,-1.026630178226235,-1.0368576221690475,-1.0474706573896222,-1.058494677802095,-1.0699581389981918,-1.081890397063049,-1.0943249503514831,-1.107294216626221,-1.1208336753275796,-1.13497916609324,-1.149761485797792,-1.1652112512171442,-1.1813457518247503,-1.1981669687061105,-1.2156462661708165,-1.2337062017856886,-1.2521933314738216,-1.2708331848441323,-1.289166150060633,-1.3064574245015261,-1.3215615805504786,-1.3327388649411742,-1.3374111650434561,-1.3318630450515163,-1.3109062221396777,-1.2676135607093564,-1.19331601071147,-1.0782374554998302,-0.9133203721686836,-0.6936378010796642,-0.4228279157040823,-0.11615209824011317,0.20107552089261413,0.5004668869732816,0.7591797239901473,0.9650872673019962,1.1167181106784136,1.219876474436878,1.283696603521595,1.3177442593183955,1.3304419367809588,1.328504074964648,1.3169482231447807,1.2993446575896235,1.27814199997711,1.2549604180488318,1.2308405219883067,1.2064213019186079,1.1820795242820887,1.1580150986155622,1.1343231170230252,1.1110320350962049,1.0881314071115555,1.0655924172799873,1.0433732827073194,1.0214351020782804,0.9997364526960529,0.9782420352190018,0.9569190716870368,0.9357427084820679,0.9146920541570046,0.8937490988436656,0.8729019560290514,0.852142701371162,0.8314648513174522,0.8108662446837402,0.790347962062117,0.7699092830578552,0.7495563310261366,0.7292927079405974,0.7091238167616919,0.6890565012393292,0.6690997663075997,0.649259014926958,0.6295425316367675,0.6099586009763917,0.5905169482746482,0.5712229764919916,0.5520846099704217,0.5331104934466656,0.5143060298811776,0.4956791436159574,0.47723595800618673,0.4589818760123201,0.4409208598053572,0.42306047352993437,0.40540287837023326
MT1X,Mid,-1.0196562767351858,-1.020834640841824,-1.022209881033044,-1.0238105356639073,-1.0256659143963693,-1.0278086049466828,-1.0302715806845477,-1.0330895504201743,-1.0362972229637726,-1.039931235392787,-1.0440280319579385,-1.0486230927763303,-1.0537509338314497,-1.059445685453337,-1.065739164051351,-1.0726585581934902,-1.080229321007242,-1.0884699638580517,-1.097394948750174,-1.1070117959258208,-1.117318577117758,-1.12830584381654,-1.1399530599761254,-1.1522265773332825,-1.1650770322468238,-1.1784357784032218,-1.1922095840817177,-1.2062682912440226,-1.2204345957179796,-1.2344626434312655,-1.248005346281778,-1.2605693570977228,-1.2714476766977891,-1.2796210230221357,-1.2836195743717196,-1.2813368916202248,-1.269787824262845,-1.2448269834001349,-1.2008756026843266,-1.1308214612498904,-1.0263670323626166,-0.8793260503076912,-0.6843381250015861,-0.44279797213458366,-0.16616721214500604,0.12436153393293077,0.4033669550210605,0.649117865046738,0.8490456253526569,1.0004080471054833,1.1075043949299284,1.178061235632243,1.2204638321057801,1.2422304982955292,1.249431805107265,1.2466647416266137,1.2372598110199728,1.2235560014420677,1.2071607164590803,1.1891526287616558,1.1702471254935727,1.1509054481771805,1.1314230073527136,1.1119791318729246,1.0926810333960189,1.0735877168993535,1.0547261781242034,1.036106058406738,1.0177250438262768,0.9995746500069902,0.9816429216920284,0.9639171323176474,0.946385712280444,0.9290374776304613,0.9118624013780832,0.8948539274147143,0.8780058852852062,0.861312875841304,0.8447745134295608,0.828390026743083,0.8121594157818708,0.7960861514269452,0.7801710049851995,0.7644193756048889,0.7488358911273747,0.7334251793940183,0.7181930252065213,0.7031455990200323,0.6882863717155722,0.6736242133224171,0.659162209068141,0.644906143754446,0.6308621878364803,0.6170318839280311,0.6034221737911405,0.5900357569999359,0.5768753331285448,0.5639443730579882,0.5512424911348193,0.5387743152003995
KRT14,Mid,-1.222766103861442,-1.2210345834563674,-1.2192001994995443,-1.2172617771778933,-1.2152192394544914,-1.213072008552414,-1.2108200266939688,-1.2084630242499246,-1.2060007315910501,-1.2034339961235005,-1.2007622785888137,-1.1979859256531438,-1.1951052647234148,-1.192120661725012,-1.1890324440648592,-1.1858401880398783,-1.182544798833918,-1.1791458912623614,-1.1756438119913633,-1.1720370780601514,-1.168324687988724,-1.1645015380809163,-1.1605631024174887,-1.1564992891614974,-1.1522937472259858,-1.1479218633139805,-1.1433448300754026,-1.1385047350032105,-1.1333135634126092,-1.127640487348716,-1.1212911619134418,-1.113978720863893,-1.105281001860746,-1.0945747954542666,-1.0809421489264261,-1.0630300627944615,-1.0388425488958355,-1.0054478900799448,-0.9585925696673344,-0.892289817242701,-0.7986300978237378,-0.6684182072162822,-0.4935783647576878,-0.2717788168555006,-0.011519971693233749,0.2666668292071838,0.5358429293445844,0.7720358248730886,0.9609969205451366,1.0992848229260082,1.1913433298955474,1.24558810902171,1.2713381628342966,1.277038587005938,1.2695114633105662,1.253847699783193,1.2336085593110917,1.2111375050990478,1.187893000177732,1.1647113573857752,1.1420236753455966,1.12001083675295,1.0987073541494443,1.07807131944884,1.0580275446140608,1.038492059398781,1.0193858239197624,1.0006424323491772,0.9822081129146077,0.9640451175236694,0.9461266373270765,0.9284366486447964,0.9109679100060449,0.8937191888200505,0.8766952613760537,0.8599038313663778,0.8433546054433504,0.8270583687762243,0.8110269850511775,0.7952717016590023,0.7798042282120301,0.7646342713625887,0.749771383689159,0.7352234229579108,0.7209963980488565,0.7070967800635478,0.693527958626607,0.6802934774365027,0.6673941068624675,0.6548316957906588,0.642605011630305,0.6307132840121737,0.6191531233116426,0.6079226806425541,0.5970176419372071,0.5864344634971327,0.5761674445900116,0.5662122711481428,0.5565621639222816,0.5472117303278017
LY6D,Mid,-1.2235968388428045,-1.221692297969712,-1.219685269338495,-1.2175763021333599,-1.2153659455385133,-1.2130550383080163,-1.2106441196409083,-1.2081352864223418,-1.2055288182370039,-1.2028267520590425,-1.2000297069688364,-1.1971391807414942,-1.1941569507368122,-1.1910838956495209,-1.187920674500668,-1.1846684855103413,-1.181327927788584,-1.1778990612464004,-1.1743816262694384,-1.1707742449045977,-1.1670740014829997,-1.1632766223529996,-1.159373100893609,-1.1553525333020342,-1.1511940505784235,-1.1468705929191412,-1.1423369075455605,-1.1375303075767866,-1.1323567527063096,-1.1266783477724283,-1.1202956290712944,-1.112917229418372,-1.1041179204750509,-1.0932770242361642,-1.079484552456493,-1.0614027722900243,-1.0370620894980986,-1.0035643292151502,-0.9566953913351879,-0.8904996027961538,-0.7970715867507777,-0.6671713888186727,-0.4926255503783937,-0.270996452425223,-0.010751277264646591,0.2675051428399323,0.5367432792802553,0.7730049610568984,0.962175315305396,1.1009661065811316,1.193892867223365,1.2493273213373022,1.2764652489227821,1.2836000903726477,1.277413919706483,1.2628916520123716,1.2435280958779622,1.2216388515624264,1.1986764813367996,1.175494117903164,1.1525504399108975,1.1300590500608771,1.108091042744943,1.0866384298291805,1.0656595132545554,1.0451014115745527,1.0249125214440842,1.0050519436175065,0.9854880450845183,0.9662003762222977,0.9471790317447907,0.9284211359237882,0.9099306828262472,0.8917151812980477,0.8737869330654182,0.8561576008038739,0.8388407643410698,0.8218496839793041,0.8051966614448055,0.7888930398877325,0.772947925780748,0.7573694670204447,0.7421642138766328,0.7273361604162695,0.7128877030795293,0.69881996020516,0.6851326122678053,0.6718232628272908,0.6588887166300503,0.6463240210330571,0.6341239038679274,0.6222822941528862,0.6107907244659838,0.5996429640627668,0.5888300662332511,0.5783429245047738,0.5681732312180637,0.5583121994258147,0.5487492847912596,0.5394758601297706
KRT5,Mid,-1.224568535361968,-1.2221792186388711,-1.2197007368209927,-1.217134685577626,-1.2144823097571562,-1.2117458953538902,-1.20892735490762,-1.2060293252335612,-1.2030550882047288,-1.200007586190033,-1.196890123696096,-1.1937066163369292,-1.1904610476273647,-1.1871569484100948,-1.1837982795663446,-1.1803889340765183,-1.1769324427833083,-1.1734320196589088,-1.1698898375295916,-1.1663073902134191,-1.1626844966415353,-1.1590186218499559,-1.1553042206049655,-1.1515300892710987,-1.1476787773373571,-1.1437228528720556,-1.1396203758014203,-1.1353090810725905,-1.13069746101246,-1.1256508230257636,-1.119975944009531,-1.1133911487246304,-1.1054876968622247,-1.0956758697918936,-1.0830949340729834,-1.0664923006268257,-1.0440355752641985,-1.0130488771637618,-0.9696542093691187,-0.9083733562752719,-0.8218792081884976,-0.7013961724678072,-0.5386136412944479,-0.3297227407478056,-0.08045321370748433,0.19159993588138435,0.46091722559035875,0.7027355881369821,0.9006148767397592,1.0488269781387902,1.150215397648868,1.2124020476949087,1.2445021155573486,1.2550841416403282,1.2512261075253075,1.2382925402093163,1.2200882395637085,1.1991642847008195,1.1771327316457127,1.154949623958125,1.133136439943367,1.1119408817964618,1.091442981951766,1.0716364029993193,1.0524691781774462,1.0338739498717113,1.0157813687102621,0.9981313198329033,0.9808723796845276,0.9639657995299488,0.9473826083522051,0.9311027075082795,0.9151143275225312,0.8994100445718637,0.883987685830005,0.8688481566412349,0.8539936298318258,0.8394271835723298,0.8251538877907152,0.8111779070706703,0.7975010521007551,0.7841285738777939,0.7710615588149228,0.758302179738414,0.7458506177171234,0.7337061484756271,0.7218682288073569,0.7103343237483288,0.6991018983345585,0.68816805546435,0.677529173760583,0.6671803643641451,0.6571154709339322,0.6473319585059598,0.6378227653948438,0.6285831838103277,0.6196068763424514,0.6108884109255343,0.602422355493896,0.5942021915687205
KRT6A,Mid,-1.2193346248529948,-1.2181529926708183,-1.2168793207534436,-1.2155103326660333,-1.2140425834713868,-1.212473695413937,-1.2107993997671531,-1.2090162515938345,-1.2071208621242355,-1.2051092996365513,-1.2029781940835211,-1.2007228461214636,-1.1983396984782704,-1.1958246509297734,-1.1931736594192592,-1.190382998172256,-1.187448679299505,-1.184366490241929,-1.1811323120528765,-1.1777417262259375,-1.1741898836375537,-1.1704691829589025,-1.1665713114067395,-1.162483631303836,-1.1581873639979532,-1.1536550997713673,-1.1488457989374317,-1.1437005418365307,-1.138129741378973,-1.132003819247568,-1.125131749930064,-1.117235354747539,-1.107907719215697,-1.096553150036163,-1.0822992917529086,-1.0638641596653151,-1.0393623433881736,-1.0060275583496692,-0.9598467897162175,-0.8951665210924848,-0.8045015405067738,-0.6791101700335289,-0.5112144154839997,-0.2983243361617848,-0.04807780717951044,0.2204250916056391,0.48169332271047166,0.712641912616364,0.8991662399662754,1.037420556605682,1.1312169102164966,1.188343554909131,1.217619230356512,1.2271368429414582,1.223495394540898,1.2116576916415112,1.195120794841204,1.1762044948946602,1.1563637535394187,1.1364442279682059,1.1168919626585172,1.0979052661691855,1.0795355129984578,1.0617534960700716,1.0444997527723523,1.027699542946042,1.011283668287379,0.9951929657444454,0.9793808537750986,0.9638119843280664,0.948462392622825,0.9333188980300866,0.9183741613358157,0.903628482099769,0.8890848559195118,0.8747497233298099,0.8606319213434813,0.8467408860928574,0.8330862034901473,0.819678208346952,0.8065240900974286,0.7936338839934213,0.7810138807898175,0.7686706708012612,0.7566090469838572,0.7448321547150492,0.7333434389320374,0.7221445472134828,0.7112357791191419,0.7006162359697453,0.6902856182055362,0.6802419786880973,0.6704814231405933,0.6610020044246068,0.6517989295840328,0.642868454121915,0.6342059348620264,0.625805680168993,0.6176630468665882,0.6097723433194379
CALB1,Mid,-1.2242844284497338,-1.222842292166193,-1.221325847951078,-1.2197326321455726,-1.218060902768695,-1.2163081961616293,-1.2144724219471978,-1.2125500712779953,-1.210538680495205,-1.208433297395752,-1.206230761528427,-1.2039268672534325,-1.2015163388569392,-1.1989935522289217,-1.1963521366960772,-1.1935865428047079,-1.1906890062967257,-1.1876518624558128,-1.1844670981694552,-1.1811252818549114,-1.1776152150630155,-1.173925475375619,-1.170039165577203,-1.165937746013038,-1.161595211395617,-1.1569770207306251,-1.1520344234360282,-1.1467010251509961,-1.1408799966184102,-1.134434019966058,-1.127164683560169,-1.1187868002286598,-1.10888473330939,-1.0968579721872174,-1.0818320672949668,-1.0625398270105064,-1.0371382354556107,-1.0029750519299085,-0.9562818489765333,-0.8918732469229789,-0.8030487408100815,-0.6821329633506511,-0.5223495089856243,-0.32135914611152827,-0.08537248486469756,0.16928243907908855,0.4198099630566454,0.6443943135922175,0.8286164670820001,0.9674961496713146,1.0636648476014123,1.1240514644235493,1.156966543461586,1.1702462119618442,1.1703772089316387,1.162278092328024,1.1494326250300786,1.134159732120121,1.1179131216124967,1.1015402921400552,1.0854879871681746,1.0699532994021688,1.0549861988107587,1.0405582164476215,1.0266078354986738,1.0130607978032273,0.9998460305372441,0.9869052022232931,0.9741909309786828,0.9616689744344089,0.9493150443985037,0.9371165986079015,0.9250692572247068,0.9131720248312156,0.901431471184272,0.8898551614584232,0.8784534479977869,0.8672386739818876,0.8562223862560872,0.8454167289163697,0.8348338460587191,0.8244840900272529,0.8143774149990071,0.8045233769839363,0.7949291429895065,0.7856028754408872,0.7765487550924337,0.7677721571997453,0.7592764661830144,0.7510642701282703,0.7431371617038387,0.7354965344945048,0.7281425875838092,0.721073131052804,0.7142893594027336,0.7077876891298649,0.7015665275658722,0.6956230875411854,0.6899543828026936,0.6845562325960418
PTHLH,Mid,-1.2371500583647415,-1.2349712451111678,-1.2326697453228832,-1.2302463890239843,-1.227702724097246,-1.2250388851411704,-1.2222557021798537,-1.219354072536644,-1.2163355216612324,-1.2132002065852046,-1.2099497200575025,-1.2065842191097123,-1.203103905639587,-1.1995090039779635,-1.1958010620076165,-1.1919809994849777,-1.1880489958747165,-1.1840059933663478,-1.1798549306938353,-1.175596032188016,-1.1712322814490208,-1.1667631849490085,-1.1621890343180672,-1.1575059486327182,-1.152706009014418,-1.1477711568307951,-1.142672498270054,-1.137360882445826,-1.131757524368185,-1.1257406123926843,-1.1191272271549002,-1.1116401630396522,-1.1028722147117653,-1.0922245085690014,-1.0788167479742072,-1.061369282534347,-1.0380202560353295,-1.006084832154744,-0.9617474125536055,-0.8997523743845814,-0.8132881809816372,-0.6944997086253922,-0.5363210743469136,-0.3360145446124443,-0.09939791534663621,0.15729668275274172,0.4108156535246974,0.6384594082430933,0.8249607080059157,0.9649257421702891,1.0610437888091961,1.1205682714712337,1.1521888694552875,1.1640407162313806,1.1628036662642758,1.1534977052902065,1.1396480578128498,1.1235848931014478,1.106757567827166,1.090004002532063,1.0737597579691003,1.0582116568592639,1.0433968483891478,1.0292760297961234,1.015773646454317,1.0028012222816474,0.9902751267421113,0.9781207025331823,0.9662780084552356,0.9546976917241491,0.9433426031533291,0.9321890534063969,0.9212198138750772,0.9104237577498587,0.8998001671720636,0.8893447349896226,0.8790657165773346,0.8689654449759034,0.859052893418806,0.8493364967455103,0.8398223567547806,0.8305199850741021,0.8214385344016213,0.8125841065361024,0.8039644184583351,0.7955846746437363,0.7874511563557395,0.7795683502110831,0.7719382303211321,0.7645652833026246,0.757449509155561,0.7505941382439926,0.7439984527092415,0.7376613757632902,0.7315816511534522,0.7257587404857189,0.7201885160726907,0.7148697216616813,0.7097985884946302,0.7049700915607903
INHBA,Mid,-1.240776318526768,-1.2384203871289436,-1.235930875252519,-1.2333072089371782,-1.2305473734650745,-1.2276522707738484,-1.2246206240946322,-1.221453370505494,-1.2181507091355233,-1.2147150529607453,-1.2111458631612708,-1.207447040324558,-1.2036187952931723,-1.1996664576986258,-1.1955909646189864,-1.1913984070616963,-1.1870911511488775,-1.182674538225518,-1.178153136547199,-1.1735315143695029,-1.1688142399480108,-1.164003679404845,-1.1591007698180733,-1.1541014348980996,-1.1489986699863655,-1.1437733118363793,-1.138396123612418,-1.132818658378364,-1.1269645911255743,-1.1207184504091148,-1.1139079778531265,-1.1062786864812801,-1.0974554405159855,-1.086891548612345,-1.0737824589680864,-1.0569514357992622,-1.0346714442264642,-1.0044274838498177,-0.9625863390108486,-0.9040478217625101,-0.8220322191363976,-0.7084682903168226,-0.5557145853440062,-0.3601714125273588,-0.12688713939676463,0.12810632762842933,0.3810916363538021,0.6086655431533415,0.795128148367209,0.9350526454877405,1.0313224237303114,1.0914005602444483,1.124081532698757,1.1375036766985978,1.138277703182803,1.1313227097617706,1.1200612803712289,1.1067242230599665,1.0926809837166254,1.078703527253661,1.065178866913176,1.0522533742893994,1.0399390439816019,1.0281787142276326,1.0168844871047094,1.0059624673904137,0.9953253194088036,0.9849007007330264,0.9746284509511133,0.9644634029001845,0.9543770694069716,0.9443471480134551,0.9343638931077272,0.9244239312087429,0.9145287616414113,0.9046868181083446,0.8949054098184737,0.8851978432803647,0.8755757382620614,0.866052963518971,0.8566413262347506,0.847353570671126,0.8382046900771857,0.829202181077474,0.8203576634400348,0.8116801331143213,0.8031785860497866,0.7948571453899304,0.7867244322529784,0.7787832578731348,0.7710369957314448,0.7634892067245668,0.7561393286056599,0.7489909222713828,0.7420415513187585,0.7352915905790142,0.7287395407272411,0.7223820282823943,0.7162190532444737,0.7102457428075253
LDHB,Mid,-1.245098723945339,-1.2425172021935609,-1.2398181387952756,-1.2370024335708139,-1.234071090970778,-1.2310238180304092,-1.2278628538375078,-1.2245897887721942,-1.2212052924682029,-1.217712817724479,-1.2141136410303295,-1.210411215184699,-1.206607423532467,-1.2027074975871863,-1.1987136555106033,-1.194630752147295,-1.1904636632678927,-1.186217264643028,-1.1818966622299285,-1.1775063760563038,-1.1730511981885685,-1.1685326143765715,-1.1639494736873315,-1.1592967957199456,-1.1545601833491166,-1.1497145043837358,-1.144717530046404,-1.1395032177100293,-1.1339684437794557,-1.127961871030624,-1.121261013655155,-1.113541643369092,-1.1043376113888137,-1.0929796187964118,-1.0785077874851934,-1.059552339798566,-1.0341611678433322,-0.9995781010192633,-0.9519786099544029,-0.8862502084921707,-0.7960313761521953,-0.6744572789982046,-0.5161504233230805,-0.3205487353106952,-0.09516023209957349,0.14401435562624762,0.3765583975187512,0.5841703013812101,0.7555113265910971,0.887207523575744,0.9819359205983509,1.0456165820996384,1.0851122494104573,1.1068276343870722,1.1160819726016755,1.1169663913568808,1.112457914829068,1.1046243719912257,1.0948485565056656,1.0840207464227725,1.0726912132640987,1.0611857338416124,1.0496851092637032,1.0382817489857703,1.027016333257201,1.0158994088093185,1.0049274600650149,0.9940896054761003,0.9833759679449865,0.9727748288813152,0.9622804963983405,0.9518864415671485,0.9415914925287034,0.931394142607102,0.9212975725625843,0.9113027868457524,0.9014156447517858,0.8916398292662258,0.8819788559661798,0.872439756005863,0.863026044962383,0.8537429124971844,0.8445933719620735,0.8355822782016276,0.8267123097507856,0.8179864799613542,0.8094071325514051,0.8009757741968413,0.7926947486157349,0.7845628839490496,0.7765831935485923,0.7687543381468933,0.7610766525608199,0.7535499693819384,0.7461734515680806,0.7389455924433429,0.7318660571908581,0.7249328369094218,0.7181457641906004,0.7115018256825874
CAV1,Mid,-1.2954247916785158,-1.292212488864876,-1.2888564781906051,-1.2853528202514115,-1.281697334454986,-1.2778850362489598,-1.2739113430609939,-1.2697704663786602,-1.2654565774915274,-1.2609632849171224,-1.256283915786952,-1.2514109530744602,-1.2463368395550873,-1.2410538974102658,-1.235553725257374,-1.2298280825058026,-1.223869331534986,-1.2176681062102317,-1.2112160051489183,-1.2045039436023732,-1.1975217514758447,-1.1902571281804224,-1.182695441643024,-1.1748149447440406,-1.1665867753173371,-1.1579698510038743,-1.1489017443050338,-1.1392945421883123,-1.1290180433220773,-1.1178835180823674,-1.1056175798509578,-1.091827413742789,-1.0759477956380465,-1.0571699819149014,-1.0343433449362325,-1.0058374135034207,-0.9693665291673775,-0.9217762742387456,-0.8588445318711813,-0.7752158025244951,-0.6647424448118969,-0.5216545177825382,-0.34290911300731053,-0.13132001029837181,0.10225707845319416,0.34004707870842293,0.5622753064684228,0.753181089519251,0.9045698237666868,1.015734185150404,1.0910996522137906,1.1374820375490666,1.1620314403411824,1.1710965723878026,1.1697623202730973,1.1618227323097425,1.1499456695591013,1.1359101348407805,1.1208400643179268,1.1054049959280712,1.0899718570423584,1.0747152677857066,1.0597037255551827,1.044938516686882,1.0303953615870085,1.0160384036369094,1.0018317862179322,0.9877454412238527,0.9737586264851361,0.9598547804245573,0.946026988985605,0.9322730010801125,0.9185952285882583,0.9050018719026489,0.8915001666638197,0.8781007251445558,0.8648151243697136,0.8516549413641497,0.8386307884006489,0.8257535993360201,0.8130339864430486,0.8004809540744003,0.788102702622682,0.7759051813923338,0.7638972339440099,0.75208223690996,0.740465335634565,0.7290499067500743,0.7178380405526429,0.7068318273384252,0.6960325534435166,0.6854400580759049,0.6750551451956498,0.6648763676746442,0.6549034039288643,0.6451349676222149,0.6355691292505533,0.6262039593097367,0.617036724335563,0.6080658164079132
FABP5,Late,-1.3131516239556758,-1.308495108371627,-1.3036642818399158,-1.2986595169082815,-1.293481227518656,-1.2881296206420054,-1.2826064762286387,-1.2769136984114438,-1.2710541847839463,-1.2650309571222518,-1.258847947874716,-1.2525090067013092,-1.2460203013368212,-1.2393860125947675,-1.232612887728644,-1.2257066805313082,-1.2186737657085165,-1.2115201040240933,-1.20425008326252,-1.1968682981792444,-1.1893747487742667,-1.1817674067321187,-1.174037455089644,-1.166168874294065,-1.1581337232649567,-1.1498868409375123,-1.1413613756896768,-1.1324554150177348,-1.1230250727060431,-1.112858658850459,-1.1016569762223658,-1.0889947408805902,-1.0742724821188758,-1.0566477453167467,-1.0349425345234606,-1.0075231037208905,-0.9721477917692338,-0.9257983824638246,-0.8645373773568987,-0.7835145360401232,-0.6773359467713738,-0.5411269465683162,-0.37250621028321396,-0.17412189003331932,0.04462092232754205,0.26841697222030203,0.4799580228442149,0.6649019797081268,0.8151016377018746,0.9289331854137038,1.0095604638200397,1.0626367606777423,1.094443727596798,1.1107573447227799,1.1163346327408825,1.1148123198909112,1.1088111553342044,1.1001259912889143,1.08993209168903,1.0789622993313726,1.0676464515183703,1.0562239722636255,1.044808778386888,1.0334475625381132,1.0221479412488543,1.0108986552985548,0.9996844716241085,0.9884898260088634,0.9773014723109882,0.9661137809202046,0.9549237714546005,0.9437357489102711,0.9325543494368573,0.9213921568690991,0.9102592713901428,0.8991691047185928,0.8881360620336906,0.877175541975315,0.8663011218388436,0.8555273723802905,0.8448668774343959,0.8343325519894451,0.8239366487266322,0.8136884399452392,0.8035983569819584,0.7936738507915697,0.7839225379056264,0.7743500479344066,0.7649616793346431,0.755761737102431,0.7467533671964551,0.737939053268309,0.7293201199321758,0.7208982229557843,0.7126730311855889,0.7046453725054539,0.6968137567244232,0.6891773559586326,0.681734680017126,0.6744834108250827
KRT17,Late,-1.2598257906984394,-1.2567263857085103,-1.253526922904683,-1.2502292590298956,-1.2468353981876372,-1.2433481991725903,-1.2397704618352179,-1.236104249223229,-1.2323529506292887,-1.2285194248480802,-1.224605410734101,-1.220613413416712,-1.2165448770293101,-1.2124009215120803,-1.208181841586124,-1.2038873130582295,-1.1995154791854585,-1.1950637169500096,-1.1905270160931598,-1.1858993053602223,-1.1811711831480647,-1.1763304774752026,-1.1713595640197771,-1.1662356903127662,-1.1609277043337602,-1.1553916631665524,-1.1495686815350985,-1.1433762080589192,-1.1366974742376705,-1.1293683498900275,-1.121156300067048,-1.1117278773146975,-1.1006040714269998,-1.0870952644989746,-1.0702061244272416,-1.0484987953747873,-1.0199066929791514,-0.9814859071034613,-0.9291318864417342,-0.8573579261391229,-0.7593918068410402,-0.6280963855252433,-0.4583003678595187,-0.25049016154948617,-0.014105683470447446,0.23266983542207526,0.46799213865195416,0.6734636740787867,0.8387564712047717,0.9619671032691393,1.0471462170884411,1.1012357913716257,1.1317361244819828,1.145386427010752,1.147625128496384,1.1425309332042761,1.1329850346209394,1.1209236324936103,1.1075838481171925,1.093712151097111,1.0797305820504572,1.0658560557078032,1.0521788746145935,1.038724738450863,1.02547973638063,1.0124217053770748,0.9995247099832812,0.9867637578498573,0.9741270601327501,0.9616037710954312,0.9491938907379004,0.9368995410520873,0.9247308604438774,0.9127001093110856,0.9008200196052889,0.8891073314850424,0.8775771346707336,0.8662442831058692,0.8551243380645989,0.8442323892673101,0.8335795182274128,0.823178692673365,0.8130393436804089,0.8031697234393814,0.7935773768104765,0.7842672551081963,0.7752443096470429,0.7665101908651839,0.7580667849776676,0.7499147993151372,0.7420530549931873,0.7344796657967697,0.7271922739570736,0.7201873428208834,0.7134606284043399,0.7070076509467029,0.7008225160259464,0.6949002723275678,0.6892345538757787,0.6838192304716717
S100A2,Late,-1.2462272242379235,-1.2444694654520947,-1.242644973292103,-1.2407472198029366,-1.238768251711895,-1.2367007428860606,-1.2345362839510732,-1.2322654393038366,-1.229879543012806,-1.2273686178541645,-1.2247230286803392,-1.2219336534581255,-1.2189906860018285,-1.2158850327845974,-1.2126090255972695,-1.209154853698913,-1.2055153905010871,-1.2016852197965764,-1.1976593814798262,-1.193433143496111,-1.1890028570321494,-1.1843631628934335,-1.1795072195550598,-1.1744235104501075,-1.1690931643723843,-1.1634859645869,-1.1575533362668398,-1.15121968056202,-1.1443697177778172,-1.1368306994104178,-1.1283474365809218,-1.118546382029599,-1.1068859720476305,-1.092585759681651,-1.0745266995082796,-1.0511140890852209,-1.0200933608932374,-0.9783202641121012,-0.9215186746390088,-0.8441437645905131,-0.7396202013945784,-0.6014300642756512,-0.42552271438920586,-0.21378892116773657,0.02325110254466213,0.2673090484776445,0.49753479936075334,0.697071521984283,0.856954538216362,0.976059101362857,1.0586265007622706,1.1113972348003498,1.141501768782341,1.155295879343585,1.1578963429594011,1.1531597272178857,1.1438358690285813,1.1318043633333061,1.1182934919030665,1.104073154340335,1.0896044694236071,1.0751460467942344,1.0608301559336843,1.0467117570920148,1.0328059016240139,1.019104151648967,1.0055919119137466,0.9922491139453028,0.9790584258805465,0.9660073049238213,0.9530825241269806,0.9402808907784026,0.9275967036073346,0.9150308748170969,0.9025824922043691,0.8902565728874138,0.878055397374532,0.8659839827839865,0.8540457498782288,0.8422473121313324,0.8305920903057491,0.819084417367251,0.8077288543324405,0.7965306463704102,0.7854907056844805,0.7746126810879336,0.7639002213940509,0.7533533266028327,0.7429761016292211,0.7327683184223859,0.7227320294397981,0.712867690783118,0.7031755305031756,0.6936560047016314,0.6843091133784851,0.6751348565337368,0.666133918319877,0.6573035621269442,0.6486458404124094,0.6401587007188015
KRT19,Late,-2.4892604928825537,-2.4221977409081887,-2.353549189317554,-2.283347397302561,-2.2116332725658663,-2.13845356676765,-2.0638650497809863,-1.9879269960321753,-1.9107070284582621,-1.832279448804889,-1.7527256550518333,-1.6721299671576328,-1.5905854710171097,-1.5081915139081452,-1.4250541219172181,-1.3412805734074191,-1.2569952611888686,-1.1723250826249114,-1.0874036138874892,-1.0023690228294537,-0.917374504623001,-0.8325694976104902,-0.7481126234961023,-0.6641666782393911,-0.5808940403743732,-0.49845416645630375,-0.417003591061677,-0.33669300480946446,-0.25767101119095126,-0.1800807871654373,-0.10407344077743153,-0.029810933135413165,0.04250219724733217,0.1125929540693988,0.1800497557509916,0.2442831974334182,0.3043949793603712,0.35912781581345,0.4067911333665186,0.4453637575678853,0.47278193656105216,0.48750036100686944,0.48924519975285685,0.4795951561811494,0.4619088361650043,0.44046735601515036,0.41920703854849223,0.4007768662248472,0.3863548139105254,0.37603188037266205,0.36940316284005914,0.3659660809657863,0.3653407775108846,0.36726010013147076,0.37154455584649826,0.3780246698878161,0.3865126007636314,0.3967996357052854,0.4086369890925369,0.4217833889648162,0.43599422395725534,0.451054937343673,0.46676599971723143,0.48296878937375,0.4995330695455855,0.5163519792951847,0.5333428683661589,0.5504589850983281,0.5676485687250654,0.5848874085652062,0.6021563030440337,0.6194519127572496,0.6367617149387343,0.6540882141417117,0.6714364194726297,0.6887988172718164,0.7061896000075406,0.7236020888712055,0.7410437975224825,0.7585122214081479,0.7760056908260523,0.7935225360740465,0.8110619223010559,0.8286188404006326,0.8461849418620303,0.8637552175788011,0.8813221538912734,0.8988740628844023,0.9164084400049639,0.9339119276357639,0.9513753424149815,0.9687878312786463,0.9861427154181613,1.003427472067407,1.0206320830134876,1.0377523740010302,1.054773317710691,1.0716848959295748,1.0884846041044576,1.105163258873518
KIRREL,Late,-1.0037057698376135,-1.0029648712975228,-1.0021756562366304,-1.001334685587683,-1.0004385067170871,-0.9994871331911827,-0.9984771191595463,-0.9974050255549244,-0.9962691498016156,-0.9950660392660262,-0.9937905455220313,-0.9924426753528008,-0.9910172803322099,-0.9895092120341336,-0.9879167610997003,-0.9862347791027849,-0.9844598541088146,-0.9825851215496227,-0.9806054465654244,-0.9785191469300287,-0.9763176419332273,-0.9739958238479159,-0.9715451323133967,-0.9689587434605236,-0.966224651078175,-0.9633326329289725,-0.9602655411588396,-0.9570045592538491,-0.9535240061319071,-0.9497861809334581,-0.9457430995130366,-0.9413296977028021,-0.9364517301370355,-0.9309773591211843,-0.9247234526282094,-0.917424897236939,-0.908714343586075,-0.8980748055813579,-0.8847927344246418,-0.8679154067391672,-0.8462337088837841,-0.8183365922427163,-0.7827916954796543,-0.7384914897092424,-0.6850884324269478,-0.6233002101646933,-0.5548499380630327,-0.4820049857006832,-0.4069859459151781,-0.3315712031172517,-0.2570141243499505,-0.18416396251294487,-0.11362740434222897,-0.04586765895930986,0.01878203005390358,0.0801129581190004,0.13806847219909527,0.19273539687179023,0.2443209172853882,0.29311926022723817,0.3394806543372424,0.3837668325118354,0.42634083001611595,0.4675372470660178,0.5076553028621021,0.5469567735058392,0.5856692479212682,0.6239779880508476,0.6620368904583772,0.6999704398819937,0.7378820660997658,0.7758422055502731,0.813919992303431,0.8521523268047206,0.8905713341478547,0.9291993716615657,0.9680509824626021,1.0071242129979676,1.0464260092338706,1.0859450839752227,1.125675359501592,1.1656025097576737,1.205712859872496,1.2459853548859898,1.2864050175585193,1.3269499246842398,1.3676037966548509,1.408343842018732,1.4491479205085944,1.4899984501474741,1.5308724224223065,1.5717507359260188,1.6126127698214308,1.6534439809917938,1.6942226632927078,1.7349334053616483,1.7755605787746467,1.8160876868619586,1.8564980158923958,1.89678244928531
RHCG,Late,-0.9218446671003602,-0.9216233758890562,-0.921388238711746,-0.9211378733238159,-0.9208718192785983,-0.9205886952360897,-0.9202880425588429,-0.9199684808114651,-0.9196295522611194,-0.9192698773770233,-0.9188876143725054,-0.9184818477818926,-0.9180516612349008,-0.9175952165633002,-0.9171102169614143,-0.9165962110286785,-0.9160499819706909,-0.9154710801961077,-0.9148558329869111,-0.9142033339235309,-0.9135099157156111,-0.9127732933174096,-0.9119907275687886,-0.9111580988742176,-0.9102708353329911,-0.9093243668536247,-0.9083113715199512,-0.907223156026514,-0.9060482806708361,-0.9047707266128524,-0.9033680613251212,-0.9018087102880111,-0.9000473760428922,-0.8980186715444973,-0.8956261942771241,-0.892728915487319,-0.8891172224833874,-0.8844792019984545,-0.8783534159117918,-0.8700630166678579,-0.8586458281331812,-0.8428041035375614,-0.8209529655490523,-0.7914557497024318,-0.7530920208463907,-0.7056021630475673,-0.6499592475664796,-0.5881150472189781,-0.5223724828478566,-0.4547993345001578,-0.38694351351051465,-0.31984962048898385,-0.25419818294600793,-0.1904344139110906,-0.12884113076383208,-0.06956596591323563,-0.012635608983046526,0.04204199317587842,0.09464452050990424,0.14541802703403625,0.19464168273894641,0.24260797347964813,0.28959769030855925,0.3358707820556501,0.3816553552665963,0.4271489478941502,0.4725138976931531,0.5178807001341514,0.5633536821195072,0.6090100756624012,0.6549049968621945,0.7010752669785443,0.7475417282338981,0.7943129490974845,0.8413867295569339,0.8887510274392767,0.9363881268554324,0.9842741750397114,1.0323811507819338,1.080678369699052,1.1291326000252748,1.177709799463938,1.2263749993973796,1.2750929996276883,1.3238283683767031,1.372547526508259,1.4212162001454416,1.4698026627940814,1.5182754195402577,1.566604828112045,1.6147628672992638,1.6627229053732313,1.710459700086761,1.7579496302544124,1.8051713904932392,1.8521036754202949,1.8987286533563745,1.9450287242025224,1.9909879089215288,2.03659184953793
ID1,Late,-1.3765170785879555,-1.366415164384621,-1.356056875745226,-1.3454424722456428,-1.334575414897495,-1.3234586455606634,-1.3120955387214817,-1.300491285897386,-1.2886509920805218,-1.2765814062435565,-1.2642893638844477,-1.251783084905803,-1.2390699239573233,-1.2261591392451037,-1.2130614599051788,-1.19978276965731,-1.186334489839857,-1.172725013406008,-1.1589622141572087,-1.1450517162373477,-1.1309982785374086,-1.1168046698666907,-1.1024678618400228,-1.087981884212353,-1.073332460310732,-1.058496314831987,-1.0434370206287737,-1.028100585919755,-1.0124104358227464,-0.9962562505922271,-0.9794864379190588,-0.961889443467714,-0.9431743692111814,-0.9229464002484338,-0.9006676088477847,-0.8756194889960567,-0.846848964617244,-0.8131166474487317,-0.7728642170067377,-0.7242255823488004,-0.6651642842352588,-0.5938115494396425,-0.509080966413125,-0.4114330227523019,-0.30343596213288804,-0.18961384589941618,-0.07543178445703072,0.03410854124560019,0.13550977896225358,0.22704367253840052,0.30840842176041344,0.3801666140678011,0.4432643169880301,0.49873948790718886,0.5475854371614138,0.5907096419985624,0.6289266515043824,0.6629705462443606,0.6934937269096525,0.7210721058345201,0.746207702755049,0.7693293370114739,0.790798338217358,0.8109144299793543,0.8299223058192916,0.8480213200067221,0.8653672180647335,0.8820856347152829,0.8982738243850096,0.9140048144191835,0.9293370959142531,0.9443115088073837,0.9589605866078423,0.973305095385374,0.9873616479957749,1.0011399352715926,1.014645840932588,1.027883172091548,1.0408529670519597,1.053554187510336,1.0659868334666767,1.0781488283140073,1.0900380954453535,1.1016529043549028,1.112991870638006,1.1240539559911757,1.1348381221109245,1.1453454073007399,1.1555751193582968,1.1655289887894076,1.1752087460998841,1.1846171600990256,1.1937576917984565,1.2026327639063137,1.2112472218388708,1.2196069493158892,1.2277154073489929,1.2355788257591054,1.2432041265694749,1.2505954629940508
S100A4,Late,-1.3588703884670608,-1.3484733634126416,-1.3378620741735658,-1.3270460062751859,-1.3160369672204146,-1.3048468139159426,-1.2934883913440183,-1.2819749891208907,-1.270319600440142,-1.2585354655142431,-1.2466354293254427,-1.2346308053388744,-1.222532314174338,-1.2103485026854064,-1.1980862379972046,-1.1857497194308522,-1.1733401326770183,-1.1608557486034772,-1.1482908857757728,-1.1356357128421075,-1.1228767919748983,-1.1099943616629944,-1.09696480690057,-1.083757991383119,-1.0703366646621222,-1.0566550788392641,-1.0426576052606544,-1.0282744857919293,-1.0134175840933541,-0.9979718881700296,-0.9817853331936469,-0.9646509173348974,-0.9462831855652023,-0.9262835482046421,-0.9040928532951937,-0.8789316080294989,-0.8497297265787205,-0.8150594397621852,-0.7731076289317715,-0.7217523030200648,-0.6588359990471341,-0.5827234519652186,-0.49311310111415096,-0.39181045696025973,-0.28294192064702456,-0.17219327416286526,-0.065286265446497,0.033489276661380234,0.12193784827186942,0.19972982737896874,0.26771555180751383,0.32724848745624957,0.37973071354135274,0.42640799572579435,0.46831148966144337,0.5062725621224303,0.5409690329412409,0.572956002966112,0.6026992510148773,0.6305886717025495,0.6569499347329004,0.6820579227260428,0.7061379169091004,0.7293780468682326,0.7519296857788573,0.7739155526252235,0.7954346525781987,0.8165636603010493,0.8373654173992363,0.8578857705786304,0.8781620690953073,0.8982213862195442,0.9180834834624921,0.9377633795726261,0.9572695719997413,0.9766089772727403,0.995785745308965,1.01480046895375,1.0336533458222068,1.0523423997632202,1.0708656546256752,1.089220146182899,1.1074040958988882,1.1254119705505201,1.143242584447126,1.1608909972109178,1.178357011226784,1.1956362789622719,1.2127264290360427,1.2296262757574274,1.2463340405904226,1.2628491306896938,1.2791701627494605,1.2952975319999454,1.3112308432109254,1.3269710844579585,1.3425186509712677,1.357874135596187,1.3730387240233861,1.3880159733248718
SYT8,Late,-1.3234888419904738,-1.3173937999245033,-1.3109947876132495,-1.304279177866231,-1.297236252254318,-1.2898533835870292,-1.2821197800213364,-1.2740229611945548,-1.265551951728911,-1.2566955192979885,-1.2474428720587594,-1.237784906687853,-1.2277120793785103,-1.2172180031215925,-1.206297025046942,-1.1949459149430404,-1.1831645993959892,-1.1709557947200204,-1.158324639888004,-1.1452808255344957,-1.131836391538792,-1.1180071953028927,-1.1038097549538812,-1.0892630846913782,-1.0743825280200963,-1.0591811526139063,-1.0436612343036504,-1.02781043955444,-1.0115938967646545,-0.9949423032144419,-0.9777382700806629,-0.959796427270493,-0.9408386095238481,-0.9204625086788751,-0.8981006353028875,-0.8729717186917904,-0.8440310790749327,-0.8099270197596071,-0.7689940730524201,-0.7193314797164125,-0.6590360578559868,-0.5866592044328797,-0.501861453582053,-0.4060555823594737,-0.30262406270842895,-0.1963772668911912,-0.09236474965020039,0.005356783830661961,0.09438728639312995,0.17393932056566436,0.24436072139769208,0.3065876629184009,0.3617377983132013,0.4108935420963925,0.45501103687745875,0.4949131056268467,0.531301291555262,0.5647755330383729,0.5958498741910142,0.6249602467403909,0.6524772440443557,0.6787077361971688,0.7039019177637199,0.7282629984140834,0.7519516077574081,0.7750922557649534,0.7977789122263493,0.8200835227617813,0.8420560088219902,0.8637319027336796,0.8851332286662942,0.9062734947770933,0.9271594551447065,0.9477887605243931,0.9681596489825974,0.9882650727850975,1.0080965159197077,1.0276442877518728,1.0468984039914444,1.0658488803482746,1.0844854388766223,1.1028001508754877,1.1207836193659078,1.1384287966136601,1.1557292221957078,1.1726801976225694,1.1892770244047635,1.2055167659863637,1.2213982477450003,1.2369200014027097,1.2520820269594923,1.2668860863489035,1.2813333541933138,1.2954279416710195,1.3091716107155758,1.3225705280944278,1.3356282176746859,1.3483520208461655,1.3607466360983478,1.3728173492318998
ECM1,Late,-1.211405418865223,-1.2078755063842908,-1.2041791691705748,-1.200314646248897,-1.196280629466267,-1.1920758358264831,-1.1876989823333441,-1.1831499935164849,-1.1784276870068568,-1.1735320250692778,-1.1684626429303175,-1.1632188110431168,-1.1577998627527861,-1.1522055213346545,-1.1464340258135435,-1.1404840428796748,-1.134353559989987,-1.128039482859523,-1.121538692046538,-1.1148463826044728,-1.107956667844873,-1.10086109508688,-1.0935491739497871,-1.0860053575384445,-1.078210979515958,-1.0701384177288098,-1.061749006193433,-1.0529899911248304,-1.043787738603743,-1.0340379234292263,-1.0235935544874328,-1.0122483964281461,-0.9997097248630858,-0.9855655973843722,-0.9692371814507591,-0.9499148813022227,-0.926481785853264,-0.8974293682954242,-0.8607896633961156,-0.8141577828241214,-0.7549062006720574,-0.6807505296245078,-0.590725704969956,-0.4863173356827491,-0.3720339710426064,-0.2546797675722302,-0.14140076254687794,-0.03763816801449696,0.05385807718581912,0.13276576490994055,0.20029423228346113,0.25829401265133584,0.30867229244569816,0.35310823696982496,0.3929696711153952,0.4293248527393987,0.4629959056824163,0.49460832832793034,0.5246415084331657,0.5534613263266845,0.5813511480715315,0.6085283283183377,0.6351619206842604,0.6613831429769027,0.6872928236036407,0.7129682442180321,0.7384683723317756,0.7638360751120793,0.7891049620280682,0.8142967685448058,0.8394265887352522,0.8645030765345716,0.8895300557745807,0.9145073252009732,0.9394320672534632,0.9642976405399482,0.98909820868555,1.013822501449125,1.0384622674041208,1.063005632546476,1.0874423329065772,1.111760494480362,1.1359490482809929,1.159996925321632,1.1838938616326664,1.207628586972952,1.231192246153019,1.2545749777118662,1.277768530222942,1.3007650547683072,1.323557104938634,1.3461376368332083,1.3685020216029884,1.390644020364484,1.4125592055229603,1.4342431494836818,1.4556938397035875,1.4769078548594727,1.4978833836625824,1.5186180110612428
NDFIP2,Late,-1.2170484301143398,-1.2115117680550689,-1.205857743478677,-1.2001097992141216,-1.194291823207365,-1.188428593638381,-1.182544740314808,-1.1766635576932682,-1.1708084886027186,-1.1650019372657703,-1.159265566043358,-1.1536170312433676,-1.1480742859183546,-1.1426514254401605,-1.1373616549466155,-1.1322159539905223,-1.1272205542099583,-1.1223818356153354,-1.117701430302341,-1.1131782996646287,-1.1088078441598082,-1.104582793543456,-1.100489200816066,-1.0965092612974177,-1.0926176033181965,-1.0887750565819172,-1.0849311744946213,-1.0810153318247673,-1.0769235195653992,-1.0725138937640935,-1.0675822940876531,-1.061835536801779,-1.0548586244849953,-1.0460599966369724,-1.0346025365426708,-1.0193175153179423,-0.9986078531469976,-0.9703583540196276,-0.9319042507961466,-0.8801545026179206,-0.811981420659528,-0.7250054094094835,-0.6187266024705934,-0.4956324620420128,-0.36157152883154375,-0.22476837812242947,-0.09363394085088902,0.025492129845856963,0.12946730790886973,0.2180559780698965,0.29284602105994584,0.3561416592442358,0.4102370256691928,0.4570882612017218,0.4982479339570605,0.5349187500841116,0.568031597613743,0.598321809839066,0.62637605097335,0.6526702994678261,0.6775873559472375,0.7014355381240713,0.724460550585372,0.7468532001541703,0.768758891718935,0.7902850468503301,0.8115111931200079,0.8324895575899487,0.8532539691525718,0.8738222324880978,0.8942011727239445,0.9143872289240679,0.9343747629397314,0.9541486407927476,0.9736934317602586,0.9929922213960546,1.012026314785904,1.030779094228268,1.0492315680642441,1.067368602315645,1.0851750630042831,1.1026387835986742,1.1197470040779938,1.136490525357461,1.1528637092883396,1.168857653530519,1.184471171105318,1.1997015913107032,1.2145480239126638,1.2290110624005406,1.2430936742210368,1.2568009040335484,1.2701360160294493,1.283104945102146,1.295716593591749,1.3079765996469948,1.3198953493313454,1.331481448240241,1.3427435019691214,1.3536927868154596
KRT16,Late,-1.21492105483238,-1.2126965510960257,-1.2103633766839952,-1.2079201847379728,-1.2053642815413261,-1.2026946456511713,-1.1999091980244703,-1.1970061217583936,-1.1939839434441797,-1.190841180633749,-1.187575844677239,-1.1841859921213749,-1.1806696795128815,-1.1770247374155454,-1.173248779449531,-1.1693386056964232,-1.1652919201695626,-1.1611053240855473,-1.156774171235153,-1.1522943758468431,-1.147660351622368,-1.1428654456240046,-1.1379009981855335,-1.1327541553973874,-1.1274092792401922,-1.1218429759601092,-1.1160230475079984,-1.1099033933643168,-1.1034176287809223,-1.0964717990911226,-1.0889296275434208,-1.080595232126347,-1.0711879601083762,-1.0603037720733244,-1.0473618376322187,-1.0315274119658961,-1.0116056600009744,-0.9859015289090757,-0.9520474044782755,-0.9068470201775206,-0.8462399507172629,-0.7656209892174003,-0.6608196838150752,-0.5298879169475705,-0.3751577240729046,-0.20418908419436704,-0.02836191960049675,0.14046765617123963,0.2932172260972519,0.4250535755513683,0.5349990119465722,0.6246145169532289,0.6966706052454348,0.7542185165433509,0.800087629557008,0.8366874647745266,0.8659765892097204,0.8895060051263712,0.9084911753205278,0.9238781186104851,0.9364044433089332,0.9466434590926376,0.9550464086940674,0.9619687903941231,0.9676919077551933,0.9724409482562699,0.9763979999102307,0.9797097166051281,0.9824987438015821,0.9848642970491033,0.9868895380692208,0.988645045853423,0.99018896129224,0.9915733508548026,0.9928403016036584,0.9940266939544421,0.9951644909340367,0.9962805935514935,0.9973991548633258,0.9985398444245388,0.9997203069830047,1.0009551500758964,1.002256811804173,1.003636573236146,1.005103256745752,1.0066636598997938,1.00832385711967,1.0100902120849413,1.0119653281190641,1.0139526763199807,1.0160541368657428,1.0182715899344024,1.0206059033004449,1.0230572215929516,1.0256254001828413,1.0283091374083857,1.0311090117859085,1.034022853879196,1.0370499405428437,1.0401879577115567
SPRR1B,Late,-1.2252942924950927,-1.2223527077294314,-1.2193070668522943,-1.2161599684144004,-1.21291396026304,-1.2095735296516499,-1.2061419976548076,-1.2026249796772377,-1.1990276728203781,-1.1953552488339527,-1.1916144005705451,-1.187811820882739,-1.1839533660165453,-1.180046793596549,-1.1760986697167628,-1.1721159660986276,-1.1681055277050132,-1.1640720192513565,-1.1600222349970986,-1.1559596734788176,-1.1518858304476585,-1.1478015425101948,-1.1437019674889888,-1.1395782069323102,-1.135414720239273,-1.1311855979578305,-1.126851671689339,-1.1223535677188334,-1.1176085380507337,-1.1124943367185307,-1.106837076313621,-1.1003900846555539,-1.092800820804828,-1.0835666616730961,-1.071971091758192,-1.0569909919248168,-1.0371665344065892,-1.010430616472017,-0.9738968947409686,-0.9236620671645969,-0.854764118751834,-0.7615909912044243,-0.639161731800694,-0.48548699151700797,-0.3042608700555452,-0.10599444169551403,0.09413036873191322,0.28094755727216464,0.44361571680828554,0.5772835432856962,0.6822031341517145,0.7617300423153297,0.8204600265506543,0.8630062876112615,0.8933946777330797,0.9148651460077439,0.929897090096928,0.9403288135102769,0.9474925995393682,0.9523422810842306,0.9555550531381016,0.9576095560675704,0.9588455028446862,0.9595044446036046,0.9597614095800742,0.9597417366497525,0.959536691984235,0.9592180716385098,0.9588377959235292,0.9584374416507976,0.9580498646420893,0.9577002137980217,0.9574107986272071,0.9571992639228206,0.95708163196832,0.9570690575180112,0.9571747234633472,0.9574063367254847,0.957772618294154,0.9582810722767975,0.9589377830848548,0.9597472126200483,0.9607136199703857,0.9618426839198776,0.9631356213508118,0.9645956772826227,0.9662250826661718,0.9680248515700322,0.9699964036902065,0.9721401446541239,0.974457696971502,0.9769472353189086,0.9796093681374877,0.98244368979981,0.9854489834235877,0.9886248433813913,0.991970052790933,0.9954827863287808,0.9991612186715029,1.0030043357505258
EMP1,Late,-1.3275330880543312,-1.321548949611054,-1.3153203187028697,-1.3088447080585492,-1.3021204490024585,-1.295146171961199,-1.2879224751392435,-1.2804490751765787,-1.2727276407488393,-1.2647596201405378,-1.2565483821873897,-1.2480959733783807,-1.2394068959892792,-1.230484707762476,-1.2213347610537804,-1.2119619674367577,-1.20237212004946,-1.192571200936615,-1.182564971751829,-1.1723597293842887,-1.1619604798608978,-1.1513704975640335,-1.140591230778209,-1.129618869885466,-1.1184432139253213,-1.1070440498834855,-1.0953853280693624,-1.0834096208535675,-1.0710279217074423,-1.058107114393575,-1.0444521527693984,-1.0297808732304448,-1.01369118791768,-0.9956164082887224,-0.9747643227149596,-0.9500404688868037,-0.9199575215782924,-0.8825376278957979,-0.8352462269726727,-0.775033420531207,-0.6986175218027193,-0.6031824989739041,-0.4875703541232773,-0.35366574618449953,-0.2071639595516186,-0.05682421895927878,0.08782426724809282,0.21910760615611827,0.3327230074455565,0.4276998686171277,0.5053939099127869,0.5683102857266785,0.6192254204391219,0.6607000070068908,0.6948822921450122,0.723481755329965,0.7478194839131758,0.7688966832753729,0.7874702394968304,0.8041088876089153,0.8192398085740719,0.8331843956164031,0.8461872199119309,0.858432150624915,0.8700597343220082,0.8811770181193895,0.8918681284565965,0.9021947748476616,0.912208591783918,0.9219466049737851,0.9314397951120627,0.9407123422532289,0.949782885189277,0.9586672920809582,0.967378408582214,0.9759265615913111,0.984320063001976,0.9925679803346383,1.00067509922508,1.008648975940325,1.016494396116156,1.024217152890625,1.0318202687705413,1.0393110481473622,1.0466922616523298,1.0539702061746308,1.0611479042210754,1.0682306451785806,1.0752234665584957,1.0821303983699007,1.0889562262485772,1.0957059877058752,1.102383964626442,1.1089946907704915,1.1155434555249415,1.1220345407744388,1.1284729840303331,1.1348625634261365,1.1412078127220633,1.1475145250561662
KRT15,Late,-1.2451025707022767,-1.2412969414710053,-1.2373255579971563,-1.2331900368832218,-1.228888824511222,-1.2244248811532537,-1.2197979338764284,-1.2150096832625894,-1.2100611580587768,-1.2049534499965442,-1.1996888685080238,-1.1942678754796419,-1.1886940820234602,-1.1829679710207421,-1.1770950641137676,-1.1710771038740544,-1.164919590949045,-1.1586280679758563,-1.1522105339876008,-1.1456743371774263,-1.1390287572635365,-1.1322829479951102,-1.1254479526567065,-1.118530993472448,-1.1115361434408224,-1.1044624367993015,-1.0972983683768995,-1.0900149233081013,-1.0825621758691768,-1.0748530814635802,-1.0667503338536344,-1.0580491074040526,-1.0484402741265237,-1.0374763080635059,-1.0245124157636942,-1.0086294852281557,-0.9885347803286455,-0.9624444956862669,-0.9279427973320576,-0.8819020843139176,-0.8205385830264806,-0.739819521090857,-0.6364273362646555,-0.5093263532107808,-0.3614065533097692,-0.20007424341985094,-0.035855983158208746,0.12056345076208275,0.2611672216063949,0.3818581448341874,0.4820490368284343,0.5634290582402882,0.6287248506140277,0.6808533527016231,0.7224815807086674,0.7558632044787686,0.7828229273344008,0.8048129202002795,0.8229699275615393,0.8381871537875578,0.851158940146294,0.8624286330339375,0.8724189844997028,0.8814588576792126,0.8898057332603675,0.8976584743445858,0.9051710990602466,0.9124647056304264,0.919633854803519,0.9267511047381504,0.93387104201199,0.9410378397632755,0.9482844178973089,0.9556336187973615,0.9631044217965922,0.9707099276736418,0.9784575266113332,0.9863525932880832,0.9943957995386938,1.002586809445764,1.0109229356700855,1.019399979244145,1.0280110538612215,1.0367506168841976,1.0456094305845443,1.054580104779439,1.063651554194647,1.0728160527299442,1.0820620112349948,1.0913800240225695,1.100760685405439,1.1101935819441708,1.1196672924471298,1.1291722432683857,1.1387012121838163,1.148241770249583,1.1577873670763654,1.1673277571834315,1.176856390181461,1.1863636924245244
S100A7,Late,-1.1654386921372077,-1.1643220041515538,-1.1631395178109347,-1.1618900453454815,-1.160574242076501,-1.1591902444340272,-1.1577394040182554,-1.1562198572592188,-1.1546323004358063,-1.1529761396630838,-1.151250822013698,-1.1494570437665381,-1.1475942315154601,-1.1456618323331116,-1.1436617917046223,-1.1415948673452532,-1.139461714576311,-1.1372643403192981,-1.1350059597443762,-1.1326872691304337,-1.130311545084005,-1.1278800777689129,-1.1253935839428364,-1.1228521455209395,-1.1202501717933226,-1.1175783039525726,-1.1148165137412491,-1.1119366428219486,-1.1088879857085538,-1.1055966958813002,-1.101949628020802,-1.0977775249207768,-1.0928315487937408,-1.0867470338112257,-1.0789871079925992,-1.068767740830595,-1.0549432258929397,-1.0358475521085178,-1.0090832469550293,-0.9712834538670247,-0.9179350978770116,-0.843506284173262,-0.7423092333881828,-0.6104998716934059,-0.44894187161377086,-0.26528668281283024,-0.07310502657337278,0.11222811243374314,0.27835140839751027,0.41854789983793605,0.5315438059648416,0.6197046728656087,0.6870877585812383,0.7380552093907404,0.7765366595106081,0.8057610408499909,0.8282331552739748,0.8458339387635304,0.8599451362941392,0.871566604349719,0.8814216538226997,0.8900250395996073,0.8977460352368489,0.9048495543727163,0.9115238380526005,0.9179050292779986,0.9240915900752639,0.9301533121635752,0.9361411467745399,0.9420913004103609,0.9480311327355992,0.9539801395591334,0.959952082628407,0.9659571194236765,0.9720013116670297,0.9780895742682683,0.98422600298556,0.9904114169705382,0.9966481098477771,1.0029342794836826,1.0092709088602152,1.0156565235044346,1.0220898127737268,1.0285693021951514,1.0350940087867484,1.0416604921116568,1.0482672776969362,1.054912235748339,1.0615932364716185,1.068307658581547,1.0750530446232238,1.0818274286327285,1.0886286808158139,1.0954527054143122,1.1022995024282232,1.1091657952510128,1.116048798767127,1.1229481853159125,1.129861497442468,1.1367859500312403
GJB6,Late,-1.1898345189312018,-1.1885438157613741,-1.1871838513230546,-1.1857546655439541,-1.1842554465606254,-1.1826854224373322,-1.1810462967563893,-1.1793364591001396,-1.1775551109143731,-1.1757039823998785,-1.1737806246570779,-1.1717859294048392,-1.1697182862255056,-1.1675785868379447,-1.1653652341337364,-1.1630774561771444,-1.1607153328235897,-1.158277266964652,-1.1557633251465151,-1.1531711117065493,-1.1504998547090177,-1.1477463333186062,-1.1449064615996063,-1.1419745298894155,-1.138938173907014,-1.1357825671625668,-1.132481264202482,-1.128997105637515,-1.1252714243516952,-1.1212199595666175,-1.1167155947612664,-1.1115744229010498,-1.1055262797874448,-1.0981748695844393,-1.088943569606138,-1.0769796437392567,-1.0610314514240797,-1.039249607656138,-1.0089149821130023,-0.9660930715829054,-0.9052991928029073,-0.8194550411098662,-0.700721476007705,-0.542931263331615,-0.34563018544687646,-0.1177564596274373,0.12250710094685424,0.3531041095706148,0.5555054467215379,0.7194194522134054,0.8430269130816539,0.9303810775490973,0.9882783872611764,1.0239482067191157,1.0437781178127712,1.0528445828928656,1.054909750554148,1.052606294316564,1.0477074304221732,1.0413566884998777,1.034265740061742,1.026858990051975,1.019379837793823,1.011956903752064,1.0046532204723504,0.9974962582195109,0.990493896061752,0.9836478375813884,0.9769553144571587,0.9704161137412731,0.9640323649116256,0.9578083269240035,0.9517495364209302,0.9458657890007167,0.9401662414183057,0.9346604763242189,0.9293587152123457,0.9242733090544696,0.9194127757621651,0.9147845685080601,0.910399334681623,0.9062602684996943,0.9023767396650062,0.8987506647076628,0.8953860896356625,0.892284292135741,0.8894476146335816,0.8868743535468693,0.8845651477189722,0.8825172288286287,0.8807276156067874,0.8791946044711335,0.8779120199357754,0.8768785843139767,0.8760868444331098,0.8755323283895978,0.8752109901754428,0.8751143118790702,0.8752393122314286,0.8755793898510479
IGFBP6,Late,-1.2944400135276897,-1.289565912183469,-1.2845186792987393,-1.2792998098031545,-1.2739122234811942,-1.2683608956456116,-1.262650451235023,-1.256786472877353,-1.2507752906653542,-1.2446228142428133,-1.2383383168452378,-1.2319276613998629,-1.2253996773349554,-1.2187631473622302,-1.2120264804609888,-1.2051983191932913,-1.1982873061211976,-1.1913032984371112,-1.1842537240727484,-1.1771470153656867,-1.1699895257669537,-1.1627859269317171,-1.155537526923424,-1.148241055583457,-1.140885861538034,-1.1334518099533828,-1.1259012472888537,-1.1181747500907149,-1.110180613768028,-1.1017798098630072,-1.0927666921151775,-1.0828400789158878,-1.0715612084118034,-1.0582991735725484,-1.0421461783659673,-1.021808875058928,-0.9954602260319592,-0.9605545996677186,-0.9136404369787763,-0.8502487859153158,-0.7650757762159793,-0.652790115003575,-0.5098237322107942,-0.33699855884781343,-0.14170104233312616,0.062442253241289665,0.259256469322669,0.43509084264526626,0.5821433353468836,0.6987052428334433,0.7873469097781233,0.852693835395404,0.8997686095890063,0.9330918996314508,0.9563444091961356,0.9723474442718387,0.9831782096122532,0.9903275238144429,0.9948440800304162,0.9974594594594094,0.9986796957891697,0.9988531076289886,0.9982211261179244,0.9969515571095949,0.9951632475114623,0.9929412214475757,0.9903486396958001,0.987433526871258,0.9842332562152895,0.9807801555816538,0.977100012506876,0.9732173064640338,0.9691527796020712,0.9649262397388985,0.9605565603613924,0.9560622412240165,0.9514591659543403,0.9467643393771737,0.9419934582538798,0.9371616587472011,0.9322835164212605,0.9273730462415605,0.9224433288425703,0.917506136795312,0.9125762325301151,0.9076625856249011,0.9027773423831058,0.8979309673123045,0.8931331774552455,0.8883921949250236,0.8837169892995608,0.8791159695581584,0.874595676018051,0.8701626489964731,0.8658238025430728,0.8615845557778443,0.8574497672221619,0.8534242953973998,0.8495118776276922,0.8457171855682064
PDLIM7,Late,-1.4004068957983844,-1.391163859416406,-1.3816028258766657,-1.3717340942137484,-1.3615686577791783,-1.3511198243142735,-1.340402695212443,-1.329433239763269,-1.3182301466643418,-1.3068128567899349,-1.2952021996481988,-1.2834191783265185,-1.2714845644732993,-1.2594210391085274,-1.2472496631793326,-1.2349923076692726,-1.2226669669589998,-1.2102923876058491,-1.1978835552837401,-1.1854526205390938,-1.1730079151751704,-1.1605523321792128,-1.1480814742106116,-1.1355845793568227,-1.1230372308055137,-1.1104018197225247,-1.0976219907163598,-1.0846132685595204,-1.0712573879335083,-1.0573840097494493,-1.0427564876508577,-1.027037036447228,-1.0097529420230373,-0.9902376601174734,-0.9675587230823387,-0.9404181054013966,-0.9070378928345237,-0.8650365782831955,-0.8113423878926821,-0.7422458177003836,-0.653732211449297,-0.5423252399486169,-0.40652193846580464,-0.24851831575735725,-0.07528207373855009,0.10217630958233542,0.27158501375902383,0.42286116821286324,0.5503065138308529,0.6527365459161758,0.732190936194711,0.7923111455691008,0.8370885706789133,0.8701588864523047,0.8945127473817079,0.9124696349191554,0.9257553895343947,0.9356218646672623,0.9429649606072033,0.9484199773528036,0.9524372951580701,0.9553367626926005,0.9573500503748227,0.9586468029766724,0.9593554691317436,0.9595751047232401,0.9593837046872363,0.9588469976938954,0.9580191404644082,0.9569475779895618,0.9556723492128008,0.9542309472487956,0.9526562364326283,0.9509771466367297,0.949219599026798,0.947407200378737,0.9455605487617178,0.9436997793669522,0.9418406300450426,0.9399967556957767,0.9381815797799623,0.936406674246572,0.9346801394598865,0.9330105386621452,0.9314041207057934,0.9298659772483789,0.9284007370694907,0.9270111774368821,0.9256996127403476,0.924467431613764,0.9233160226910079,0.9222451545330999,0.9212545957010604,0.9203448090728484,0.9195127859417312,0.9187594520636264,0.9180817987318014,0.9174800573852353,0.9169500621222983,0.9164925072599287
