cell_id,ANXA4,C8orf4,CALB1,CAV1,COL17A1,DCDC2,DMBT1,ECM1,EMP1,EPCAM,FABP5,FAM3B,GATA6,GJB6,ID1,IGFBP6,INHBA,KCNJ16,KIRREL,KRT14,KRT15,KRT16,KRT17,KRT19,KRT5,KRT6A,LAMC2,LDHB,LEFTY1,LGALS1,LY6D,MT1X,MT2A,NDFIP2,NR0B2,NR5A2,PDLIM3,PDLIM7,PIGR,PTHLH,RHCG,S100A2,S100A4,S100A7,SFRP5,SLC3A1,SLC4A4,SLPI,SPINK1,SPRR1B,SYT8,TFPI2,VCAM1,t,dataset,sample_type
CELL_0001,2.5888453,0.0,1.976417,2.478598,2.3085585,0.0,0.0,1.976417,0.0,0.0,2.9840038,0.0,0.0,0.0,0.0,2.3085585,0.0,0.0,0.0,3.2127519,0.0,0.0,3.076072,0.0,2.963895,3.076072,0.0,2.8586178,0.0,3.035057,2.5888453,1.976417,3.407661,0.0,0.0,0.0,0.0,1.976417,0.0,0.0,0.0,3.5946655,1.976417,1.976417,0.0,0.0,0.0,2.889756,0.0,2.5888453,0.0,0.0,0.0,0.4917347,GSE165399,PASC
CELL_0002,0.0,0.0,2.4879327,2.0362127,2.0362127,0.0,0.0,0.0,0.0,0.0,0.0,0.0,0.0,0.0,0.0,2.8299053,0.0,0.0,0.0,2.3355052,0.0,0.0,3.0161572,2.5868175,0.0,3.1694782,2.0362127,0.0,0.0,3.1294687,0.0,3.0161572,3.254649,0.0,0.0,0.0,0.0,2.0362127,0.0,2.3355052,0.0,3.2917364,2.3355052,0.0,0.0,0.0,0.0,2.4879327,0.0,0.0,0.0,0.0,0.0,0.5041407,GSE165399,PASC
CELL_0003,0.70403,0.0,1.7857866,1.7480266,2.004918,0.0,0.0,1.3483952,1.3483952,0.0,2.103803,0.0,0.0,0.0,1.8195769,1.7053822,0.0,0.0,0.0,2.478125,0.0,1.599929,2.4233491,2.0917547,2.3069336,2.4175262,1.8195769,1.850085,0.0,2.4175262,2.2967012,2.32144,2.4599333,0.0,0.0,0.0,0.0,1.0191512,0.0,1.8195769,0.0,2.626268,1.451125,1.0191512,0.0,0.0,0.0,2.1567154,0.0,0.0,1.3483952,0.0,0.0,0.4661269,GSE165399,PASC
CELL_0004,0.0,0.0,2.5001981,0.0,0.0,0.0,0.0,1.6757075,2.7508337,0.0,2.1616967,0.0,0.0,1.9958612,1.6757075,0.0,0.0,0.0,0.0,2.6946247,0.0,2.4093883,2.738161,2.3483624,2.1616967,2.566336,1.6757075,1.9958612,0.0,2.2697577,2.813473,0.0,2.3483624,1.9958612,0.0,0.0,0.0,0.0,0.0,0.0,2.774004,2.784646,1.9958612,1.6757075,0.0,0.0,0.0,2.8606145,0.0,2.89239,1.6757075,0.0,0.0,0.57307214,GSE165399,PASC
CELL_0005,0.0,0.0,2.4110804,1.8722551,0.0,0.0,0.0,0.0,0.0,1.3630987,2.5956419,0.0,0.0,0.0,1.3630987,0.0,2.2382815,0.0,0.0,2.5956419,0.0,2.2766378,2.6557724,2.3100214,2.5772705,2.6353226,0.0,1.8722551,0.0,1.6953481,2.5347252,2.3895211,2.5956419,0.0,0.0,0.0,0.0,0.0,0.0,0.0,1.6953481,2.5097203,1.6953481,0.0,0.0,0.0,0.0,2.3658001,0.0,2.5956419,1.9886397,0.0,0.0,0.5554066,GSE165399,PASC
CELL_0006,2.4570775,0.0,0.0,0.0,0.0,1.9012364,0.0,0.0,0.0,2.167577,0.0,1.5910316,1.5910316,0.0,0.0,0.0,0.0,0.0,0.0,0.0,0.0,0.0,0.0,0.0,0.0,0.0,0.0,0.0,1.5910316,1.5910316,0.0,1.9012364,2.426975,1.5910316,1.5910316,1.5910316,0.0,0.0,0.0,0.0,0.0,0.0,0.0,0.0,0.0,1.9012364,2.6992671,0.0,1.5910316,0.0,0.0,0.0,0.0,0.0947666,GSE165399,normal
CELL_0007,0.0,0.0,2.7024376,2.58765,2.58765,0.0,0.0,2.0950282,2.0950282,0.0,0.0,0.0,0.0,0.0,0.0,2.0950282,0.0,0.0,0.0,2.7024376,0.0,0.0,2.777491,2.499046,2.7432706,2.7432706,2.0950282,2.362797,0.0,2.499046,2.0950282,0.0,2.58765,0.0,0.0,0.0,0.0,0.0,0.0,0.0,0.0,2.8068318,2.362797,0.0,0.0,0.0,0.0,2.777491,0.0,0.0,0.0,0.0,0.0,0.47446355,GSE165399,PASC
CELL_0008,0.0,0.0,0.0,2.3263578,1.5711462,0.0,0.0,0.0,1.8787796,0.0,2.1431422,0.0,0.0,0.0,1.7561514,1.8787796,1.2305396,0.0,0.0,2.7177186,0.0,0.0,2.512067,2.183824,2.347259,2.502151,1.2305396,2.2504768,0.0,2.2783718,2.2192295,2.347259,2.8671596,0.0,0.0,0.0,0.0,1.2305396,0.0,1.5711462,1.2305396,2.5981252,1.2305396,0.0,0.0,0.0,0.0,2.3843002,0.0,1.7561514,0.0,0.0,0.0,0.4465604,GSE165399,PASC
CELL_0009,2.8341749,0.0,0.0,0.0,0.0,2.8341749,0.0,0.0,0.0,2.8341749,0.0,0.0,0.0,0.0,0.0,0.0,0.0,0.0,0.0,0.0,0.0,0.0,0.0,0.0,0.0,0.0,0.0,0.0,0.0,0.0,0.0,0.0,0.0,0.0,2.8341749,2.8341749,0.0,0.0,0.0,0.0,0.0,0.0,0.0,0.0,0.0,0.0,0.0,0.0,3.290862,0.0,0.0,0.0,0.0,0.13438144,GSE165399,normal
CELL_0010,0.0,0.0,2.1202188,2.4986033,0.0,0.0,0.0,0.0,0.0,0.0,1.5195044,0.0,0.0,0.0,0.0,1.5195044,0.0,0.0,0.0,2.5376265,0.0,0.0,2.4513526,2.3920367,2.518975,2.4986033,2.262937,2.1202188,0.0,1.841471,2.4235382,2.262937,2.9900248,0.0,0.0,0.0,1.5195044,0.0,0.0,0.0,0.0,2.7627795,0.0,0.0,0.0,0.0,0.0,2.2005315,0.0,0.0,1.5195044,0.0,0.0,0.5221211,GSE165399,PASC
CELL_0011,0.6461677,0.0,1.5341454,1.9649824,1.6850507,0.0,0.0,0.0,1.5918143,0.95212305,2.0833344,0.0,0.0,0.6461677,0.6461677,1.5918143,1.9106499,0.0,0.0,2.3770452,0.0,1.2797745,2.2996733,2.113292,2.2305615,2.3311794,1.5341454,2.186129,0.0,2.3740852,2.2187076,2.1997077,2.5874817,1.143831,0.0,0.0,0.0,0.95212305,0.0,1.5341454,0.0,2.5693102,1.8438169,0.95212305,0.0,0.0,0.0,1.9961303,0.6461677,1.2797745,0.0,0.0,0.0,0.4470537,GSE165399,PASC
CELL_0012,1.3850569,0.0,2.0807936,2.103962,1.884224,0.0,0.0,1.1830401,2.3114629,0.0,2.2276368,0.0,0.0,0.84298617,2.0807936,0.84298617,0.0,0.0,0.0,2.4101722,0.0,0.84298617,2.5386224,2.340237,2.2276368,2.1639004,1.5244441,1.9978402,0.0,2.4932213,2.4167838,2.4583073,2.7370462,1.3850569,0.0,0.0,0.0,0.0,0.0,0.84298617,0.0,2.875857,1.884224,0.0,0.0,0.0,0.84298617,2.488566,0.84298617,1.7787713,1.9978402,0.0,0.0,0.46176136,GSE165399,PASC
CELL_0013,0.0,0.0,1.1452123,1.1452123,0.0,1.1452123,0.0,1.6718112,1.959333,1.6718112,1.4849168,0.0,0.0,1.1452123,0.0,0.0,0.0,0.0,0.0,1.959333,0.0,2.0173988,2.3125715,2.1437693,0.0,1.6718112,2.1437693,0.0,0.0,2.1075735,1.1452123,2.0659945,2.2746928,0.0,0.0,0.0,0.0,0.0,0.0,0.0,0.0,2.2299562,1.6718112,1.1452123,0.0,0.0,0.0,2.253318,1.1452123,1.1452123,0.0,0.0,0.0,0.48153552,GSE165399,PASC
CELL_0014,0.0,0.0,2.151141,2.0887725,2.008587,0.0,0.0,2.1318858,1.2150339,1.4135386,1.4135386,0.0,0.0,0.0,1.4135386,1.4135386,1.7312232,0.0,0.0,2.3797803,0.0,0.0,2.5960248,2.2912762,1.5496314,2.268807,2.1318858,2.0378478,0.0,2.5355766,1.2150339,2.4966934,2.7964833,0.87645185,0.0,0.0,0.0,1.2150339,0.0,2.1859381,0.87645185,2.7407813,1.8515811,1.5496314,0.0,0.0,0.0,2.3797803,0.87645185,0.0,1.2150339,0.0,0.0,0.50751996,GSE165399,PASC
CELL_0015,0.0,0.0,2.356573,1.6036385,0.0,0.0,0.0,0.0,0.0,0.0,0.0,0.0,0.0,0.0,0.0,0.0,0.0,0.0,0.0,1.9108253,0.0,2.1741974,2.4307115,1.6036385,0.0,2.3088129,2.070196,0.0,0.0,2.070196,1.6036385,0.0,2.070196,0.0,0.0,0.0,0.0,0.0,0.0,0.0,0.0,1.6036385,1.9108253,1.6036385,0.0,0.0,0.0,2.070196,1.6036385,1.6036385,0.0,0.0,0.0,0.4872406,GSE165399,PASC
CELL_0016,2.310224,0.0,0.0,0.0,0.0,2.0848966,0.0,0.0,0.0,2.199032,0.0,0.0,1.7237939,0.0,0.0,0.0,0.0,0.0,0.0,0.0,0.0,0.0,0.0,2.2783723,0.0,0.0,1.7237939,0.0,1.4035785,1.7237939,0.0,1.4035785,1.7237939,0.0,2.003888,0.0,0.0,0.0,0.0,0.0,0.0,0.0,0.0,0.0,2.2783723,0.0,2.5834944,0.0,1.4035785,0.0,0.0,1.8929033,2.338351,0.11801186,GSE165399,normal
CELL_0017,0.0,0.0,2.4497654,2.3763306,2.2753563,0.0,0.0,2.5917573,0.0,0.0,1.8174777,0.0,0.0,0.0,0.0,0.0,1.8174777,0.0,0.0,2.6248734,0.0,0.0,2.6248734,2.4497654,1.8174777,2.8271632,2.1200757,1.8174777,0.0,2.3763306,2.6537237,2.2753563,2.976765,0.0,0.0,0.0,0.0,0.0,0.0,0.0,0.0,2.9817235,0.0,0.0,0.0,0.0,0.0,2.7020028,0.0,0.0,1.8174777,0.0,0.0,0.5006295,GSE165399,PASC
CELL_0018,0.0,0.0,1.9367455,0.0,0.0,0.0,0.0,0.0,1.6196526,0.0,2.2870553,0.0,0.0,2.3970425,0.0,0.0,0.0,0.0,0.0,2.92505,1.6196526,2.7110875,2.6474504,2.3970425,2.6319473,2.790404,0.0,0.0,0.0,1.9367455,2.9182544,0.0,2.4382155,0.0,0.0,0.0,0.0,0.0,0.0,0.0,0.0,2.1014245,2.2870553,0.0,0.0,0.0,0.0,2.5040977,0.0,3.0881226,0.0,0.0,0.0,0.54291236,GSE165399,PASC
CELL_0019,0.0,0.0,0.0,0.0,0.0,0.0,0.0,0.0,0.0,3.00508,0.0,0.0,0.0,0.0,0.0,0.0,0.0,0.0,0.0,0.0,2.7589803,0.0,0.0,0.0,0.0,0.0,0.0,2.7589803,0.0,0.0,0.0,0.0,0.0,0.0,2.7589803,0.0,0.0,0.0,0.0,0.0,0.0,0.0,0.0,0.0,0.0,0.0,0.0,0.0,3.521918,0.0,0.0,0.0,0.0,0.40953943,GSE165399,normal
CELL_0020,2.405098,0.0,0.0,1.1080567,0.0,1.1080567,0.0,0.0,1.4431757,1.6282539,2.0197842,0.0,1.1080567,0.0,2.3853445,0.0,0.0,1.1080567,0.0,0.0,0.0,0.0,0.0,1.1080567,0.0,0.0,0.0,1.4431757,0.0,1.7518046,0.0,0.0,1.8427114,0.0,1.6282539,0.0,0.0,0.0,2.3395588,0.0,0.0,0.0,1.4431757,0.0,0.0,0.0,2.0197842,1.7518046,2.4553008,0.0,0.0,0.0,0.0,0.42583123,GSE165399,normal
CELL_0021,0.0,0.0,1.9506587,1.7054801,1.5004606,0.0,0.0,0.7436324,2.1495888,1.5004606,2.1119456,0.0,0.0,0.7436324,2.0153885,1.3975914,1.065646,0.0,0.0,2.2817106,1.065646,0.7436324,2.511881,2.2452152,2.0515292,2.403451,1.796449,1.9738934,0.0,2.2020457,2.4422042,2.0153885,2.561191,1.065646,0.0,0.0,0.0,0.0,0.0,1.065646,1.065646,2.7186363,1.7054801,0.7436324,0.0,0.0,0.0,1.2611808,0.7436324,1.2611808,0.7436324,0.0,0.0,0.49453518,GSE165399,PASC
CELL_0022,0.0,0.0,2.9352791,2.1375358,0.0,0.0,0.0,2.1375358,0.0,0.0,0.0,0.0,0.0,0.0,2.562765,0.0,0.0,0.0,0.0,3.0370674,2.9563992,2.1375358,2.1375358,2.6557477,2.8186307,0.0,2.4195192,0.0,0.0,2.1375358,0.0,0.0,0.0,2.1375358,0.0,0.0,0.0,0.0,0.0,0.0,0.0,2.9116714,0.0,0.0,0.0,0.0,0.0,2.1375358,0.0,0.0,2.6557477,0.0,0.0,0.408818,GSE165399,PASC
CELL_0023,0.7475967,0.0,1.6691192,1.3773489,0.0,0.0,0.0,0.0,1.5523108,1.8509824,1.2474039,0.0,0.0,0.0,1.5523108,0.0,0.0,0.0,0.0,2.2986987,2.026565,1.6157149,1.9621345,1.9432181,1.7551181,1.5523108,1.4750177,1.4750177,0.0,1.3773489,1.8509824,2.053569,2.2986987,0.7475967,0.0,0.0,0.0,0.0,0.0,0.0,0.0,2.1800225,1.6157149,1.0600154,0.0,0.0,0.0,2.026565,0.7475967,2.139023,0.0,0.0,0.7475967,0.49174666,GSE165399,PASC
CELL_0024,1.7307576,0.0,2.2520454,2.2520454,1.537118,0.0,0.0,0.0,0.0,0.0,2.8396661,0.0,0.0,1.537118,1.537118,1.1852751,0.0,0.0,0.0,2.6854565,1.1852751,1.7307576,2.5892186,2.0884979,2.3079994,2.4563904,0.0,2.0284476,0.0,2.3931484,1.9545245,2.219065,2.5733154,0.0,0.0,0.0,0.0,1.537118,0.0,0.0,0.0,2.4420743,2.731993,0.0,0.0,0.0,0.0,2.3320882,0.0,0.0,0.0,0.0,0.0,0.4733736,GSE165399,PASC
CELL_0025,0.0,0.0,1.8156601,2.2085717,1.9189605,0.0,0.0,1.2708862,1.5142384,0.0,2.3095813,0.0,0.0,0.7465289,0.7465289,0.7465289,2.0386372,0.0,0.0,2.2285836,0.0,1.0724028,2.2724814,2.2643135,2.0386372,2.4520621,2.1369214,2.1752236,0.0,2.4292848,0.0,2.07543,2.7669308,0.7465289,0.0,0.0,0.0,1.0724028,0.0,1.9727266,0.0,2.7763283,1.5972763,0.0,0.0,0.0,0.0,1.8156601,1.0724028,0.7465289,1.7229997,0.0,0.0,0.4660053,GSE165399,PASC
CELL_0026,0.0,0.0,2.0948281,1.8036821,0.0,0.0,0.0,0.0,0.0,2.0948281,1.8036821,0.0,0.0,1.8036821,1.8036821,0.0,0.0,0.0,0.0,2.4120924,0.0,1.8036821,2.0948281,2.0948281,1.8036821,2.3413517,0.0,2.3413517,0.0,2.244167,2.7102888,0.0,2.5490773,1.8036821,0.0,0.0,0.0,1.8036821,0.0,0.0,0.0,2.3413517,2.0948281,0.0,0.0,0.0,0.0,2.0948281,0.0,0.0,0.0,0.0,0.0,0.50169474,GSE165399,PASC
CELL_0027,1.2740375,0.0,1.079061,1.9330566,1.6592441,0.0,0.0,0.0,1.6592441,0.0,2.2573698,0.0,0.0,1.079061,1.5928183,1.4097172,0.7563622,0.0,0.0,2.4824023,0.0,1.4097172,2.5309796,1.9580388,2.2417197,2.3494442,1.079061,2.0023315,0.0,2.5869029,2.2334862,1.6592441,2.763806,0.0,0.0,0.0,0.0,1.079061,0.0,1.6592441,0.0,2.6294873,1.8425109,0.0,0.0,0.0,0.0,2.0579028,0.0,0.0,1.4097172,0.0,0.0,0.4882435,GSE165399,PASC
CELL_0028,1.9611356,0.0,0.0,0.0,0.0,0.0,0.0,0.0,0.0,0.0,2.972267,0.0,0.0,2.2480855,0.0,0.0,0.0,0.0,0.0,2.964041,0.0,2.7755852,2.6562943,1.9611356,2.394488,2.816664,0.0,2.2480855,0.0,2.394488,2.797171,2.6562943,2.394488,0.0,0.0,0.0,0.0,0.0,0.0,0.0,0.0,2.9046276,2.2480855,0.0,0.0,0.0,0.0,2.7755852,0.0,0.0,0.0,0.0,0.0,0.49335623,GSE165399,PASC
CELL_0029,0.0,0.0,2.5223362,0.0,0.0,0.0,0.0,2.1327171,2.7756004,0.0,2.7188346,0.0,0.0,2.5223362,2.464897,0.0,0.0,0.0,0.0,2.5689175,0.0,2.6412098,2.8667269,2.6959038,2.8327348,2.8667269,0.0,0.0,0.0,2.464897,2.3909287,1.8277318,2.1327171,0.0,0.0,0.0,0.0,0.0,0.0,0.0,2.9555068,2.5223362,2.1327171,0.0,0.0,0.0,0.0,3.0314198,0.0,2.9792733,1.8277318,0.0,0.0,0.9253605,GSE165399,PASC
CELL_0030,1.5996389,0.0,0.98790056,1.5996389,1.8362542,0.0,0.0,0.0,1.4809347,0.6840224,1.785209,0.0,0.0,1.5453105,1.7235147,0.0,0.0,0.0,0.0,2.568184,0.6840224,2.0401537,2.2435098,1.9339322,2.41258,2.4614613,1.5453105,1.3041569,0.0,1.3041569,2.301104,2.1993835,2.4511912,0.98790056,0.0,0.0,0.0,0.98790056,0.0,0.0,0.0,1.7559323,1.6464045,1.4026686,0.0,0.0,0.0,1.6872973,1.1738765,1.7559323,0.6840224,0.0,0.0,0.4796401,GSE165399,PASC
CELL_0031,1.2394555,0.0,1.4273707,1.8993703,1.784983,0.0,0.0,0.61178213,0.91218865,0.0,1.6890403,0.0,0.0,0.61178213,0.0,1.9669361,0.61178213,0.0,0.0,2.1878557,0.0,0.0,2.1941452,2.2679298,1.5549932,2.1138635,1.951486,1.5549932,0.0,2.5448308,1.6890403,1.951486,2.5470634,1.1030734,0.0,0.0,0.0,1.5549932,0.0,0.0,0.0,2.3938253,2.4676895,1.6055127,0.0,0.0,0.0,2.1050804,0.91218865,1.2394555,1.2394555,0.0,0.0,0.46672976,GSE165399,PASC
CELL_0032,0.0,0.0,2.220279,1.5777576,0.0,0.0,0.0,1.0693089,0.0,1.698872,1.962021,0.0,0.0,0.0,1.0693089,1.698872,0.0,0.0,0.0,1.9145074,0.0,0.0,1.857784,2.0694377,1.962021,1.857784,1.0693089,1.698872,0.0,2.0027037,1.9145074,1.3965738,2.3758485,0.0,0.0,0.0,0.0,1.3965738,0.0,0.0,0.0,1.9145074,2.0694377,1.0693089,0.0,0.0,0.0,1.857784,0.0,1.0693089,0.0,0.0,0.0,0.46258664,GSE165399,PASC
CELL_0033,2.1994479,0.0,0.0,0.0,0.0,0.0,0.0,0.0,1.491412,1.491412,0.0,0.0,0.0,0.0,1.825009,0.0,0.0,0.0,0.0,0.0,0.0,0.0,2.758736,2.4609685,0.0,0.0,1.491412,0.0,0.0,1.825009,0.0,1.825009,1.491412,1.491412,0.0,0.0,0.0,1.491412,2.3614736,0.0,2.0006113,0.0,1.825009,0.0,0.0,1.491412,1.491412,2.8795125,2.0006113,0.0,0.0,0.0,0.0,0.42421305,GSE165399,normal
CELL_0034,1.4191916,0.0,1.8505661,2.0666058,1.7856447,0.0,0.3430868,0.3430868,1.8245019,1.0362599,2.0940726,0.0,0.3430868,0.3430868,0.72756773,1.7158489,0.3430868,0.0,0.0,1.833456,0.3430868,1.1071652,1.740932,2.220416,1.4191916,2.2240877,2.109754,1.7641164,0.0,2.4345627,1.6587272,1.7527453,2.6706238,0.56603646,0.0,0.3430868,0.0,1.5893638,0.0,0.56603646,0.0,2.3973086,1.8421394,0.8523079,0.0,0.0,0.0,1.7750741,0.0,0.8523079,0.0,0.0,0.0,0.4576654,GSE165399,PASC
CELL_0035,1.0469701,0.0,2.3644507,1.7993371,2.288796,0.0,0.0,2.4591517,1.577036,0.0,0.0,0.0,0.0,0.0,0.0,2.1537664,2.1537664,0.0,0.0,2.3644507,0.0,1.577036,2.7520895,2.2570577,2.353437,2.735349,2.685501,1.9333093,0.0,2.4371486,2.3418655,2.353437,2.685501,1.0469701,0.0,0.0,0.0,0.0,0.0,2.1780114,2.2394996,2.833441,1.3866287,0.0,0.0,0.0,0.0,2.329682,0.0,2.4037902,1.0469701,0.0,0.0,0.49559033,GSE165399,PASC
CELL_0036,0.0,0.0,0.0,0.0,0.0,0.0,0.0,0.0,0.0,0.0,0.0,0.0,0.0,0.0,2.2525256,0.0,0.0,0.0,0.0,0.0,0.0,0.0,0.0,0.0,0.0,0.0,0.0,0.0,0.0,2.5348642,0.0,0.0,0.0,0.0,0.0,2.2525256,0.0,0.0,0.0,0.0,0.0,0.0,0.0,0.0,0.0,0.0,2.2525256,0.0,3.3637042,0.0,0.0,0.0,0.0,0.4873693,GSE165399,normal
CELL_0037,0.0,0.0,2.3029685,2.3829207,1.8221881,0.0,0.0,0.0,1.8221881,0.0,2.706101,0.0,0.0,2.251409,2.10599,0.0,0.0,0.0,0.0,2.9208312,0.0,2.6721494,2.8569674,2.10599,2.810685,2.9403014,0.0,2.10599,0.0,1.495532,2.9976065,2.7210755,2.7871046,1.9937096,0.0,0.0,0.0,0.0,0.0,0.0,2.1878226,2.9482448,0.0,0.0,0.0,0.0,0.0,2.4149995,1.495532,2.6070669,1.8221881,0.0,0.0,0.52076405,GSE165399,PASC
CELL_0038,1.6058872,0.0,2.223033,2.3031912,1.6058872,0.0,0.0,1.276532,1.7827603,0.0,2.3631558,0.0,0.0,0.0,0.0,0.0,0.0,0.0,0.0,2.252741,0.0,0.0,1.8995299,1.9849805,2.051522,2.4612157,1.9849805,1.8995299,0.0,2.5280576,0.0,1.8995299,2.8923392,1.276532,0.0,0.0,0.0,0.0,0.0,1.9849805,0.0,2.7804356,1.9849805,1.276532,0.0,0.0,0.0,1.6058872,0.0,0.0,0.0,0.0,0.0,0.51152694,GSE165399,PASC
CELL_0039,0.0,0.0,1.6127065,1.6127065,0.0,0.0,0.0,0.0,0.0,0.0,2.4993615,0.0,0.0,0.0,0.0,0.0,0.0,0.0,0.0,2.5265148,1.9304506,2.433297,2.6956518,2.433297,2.717534,2.5265148,0.0,2.0955603,0.0,1.6127065,2.6837351,2.0955603,2.433297,1.6127065,0.0,0.0,0.0,0.0,0.0,0.0,0.0,2.3426204,2.2032897,2.0955603,0.0,0.0,0.0,2.3426204,1.6127065,2.3426204,0.0,0.0,0.0,0.55220187,GSE165399,PASC
CELL_0040,0.97725123,0.0,1.8951594,1.7509646,1.4863365,0.0,0.0,0.51328254,1.7938398,0.0,2.1966588,0.0,0.51328254,0.97725123,1.6100074,0.97725123,1.5732602,0.0,0.0,2.4152389,0.0,1.6432819,2.3580222,2.0108767,2.0844662,2.173137,0.97725123,1.8487533,0.0,2.24491,2.3724408,2.1177173,2.4120052,0.0,0.0,0.0,0.0,1.1125878,0.51328254,1.5323423,0.792277,2.5524275,2.0012658,1.2177238,0.0,0.0,0.0,1.9912987,0.51328254,0.792277,1.4340072,0.0,0.0,0.4631227,GSE165399,PASC
CELL_0041,0.0,0.0,2.144239,0.0,2.521559,0.0,0.0,0.0,2.4441535,0.0,0.0,0.0,0.0,1.976954,0.0,1.6545454,1.6545454,0.0,0.0,2.2532947,0.0,0.0,2.971363,1.976954,2.2532947,2.7123077,2.7123077,0.0,0.0,2.7829802,0.0,2.5526178,2.944885,0.0,0.0,0.0,0.0,0.0,0.0,1.6545454,0.0,2.9230998,1.6545454,1.6545454,0.0,0.0,0.0,2.604533,0.0,0.0,0.0,0.0,0.0,0.5048917,GSE165399,PASC
CELL_0042,1.923375,0.0,1.612951,1.923375,2.0844367,0.0,0.0,0.0,0.0,0.0,1.612951,0.0,0.0,0.0,2.0844367,1.612951,2.0844367,0.0,0.0,2.373715,0.0,1.923375,2.1895201,2.0844367,1.612951,2.1895201,0.0,1.612951,0.0,2.414046,2.0844367,1.612951,2.8243108,0.0,0.0,0.0,0.0,1.612951,0.0,2.2660365,0.0,2.6040213,1.923375,0.0,0.0,0.0,0.0,2.0844367,0.0,0.0,1.612951,0.0,0.0,0.44150236,GSE165399,PASC
CELL_0043,1.1233264,0.0,2.0235174,1.2612126,1.6306967,0.0,0.0,0.0,1.6753234,1.4509885,1.7148986,0.6252101,0.0,1.8115718,1.9792364,0.6252101,0.6252101,0.0,0.0,2.1826456,0.6252101,1.9627846,2.1052852,2.3916357,1.5207105,2.288306,1.366633,1.9267712,0.0,1.579751,2.247089,1.9792364,2.241378,0.93008184,0.0,0.0,0.0,0.93008184,0.0,0.93008184,0.93008184,2.4930458,1.6753234,0.0,0.0,0.0,0.0,2.4965363,0.0,0.93008184,0.93008184,0.0,0.0,0.46456814,GSE165399,PASC
CELL_0044,2.1308377,0.0,0.0,0.0,0.0,0.0,2.5154278,0.0,0.0,1.7393354,1.0078983,1.3376472,1.3376472,0.0,1.5228245,0.0,0.0,0.0,0.0,1.0078983,0.0,0.0,1.0078983,1.6473478,1.0078983,1.0078983,0.0,0.0,0.0,1.0078983,1.3376472,0.0,2.1693172,0.0,1.0078983,1.0078983,0.0,0.0,2.3979366,0.0,0.0,1.9191703,1.3376472,0.0,0.0,0.0,1.5228245,1.9191703,2.538533,1.0078983,0.0,0.0,0.0,0.40707034,GSE165399,PASC
CELL_0045,1.6046702,0.0,0.0,0.0,0.0,0.0,0.0,0.0,1.6046702,0.0,0.0,0.0,1.6046702,0.0,0.0,0.0,0.0,0.0,0.0,1.6046702,0.0,0.0,0.0,1.6046702,0.0,1.6046702,1.6046702,0.0,0.0,2.1045146,1.6046702,1.6046702,2.4120288,0.0,1.9332479,1.9332479,0.0,0.0,1.9332479,0.0,0.0,2.1045146,1.9332479,0.0,0.0,0.0,1.6046702,2.2163088,3.1517131,0.0,0.0,2.1045146,0.0,0.33272302,GSE165399,PASC
CELL_0046,0.0,0.0,0.0,2.4584508,0.0,0.0,0.0,0.0,0.0,0.0,3.0066628,0.0,0.0,0.0,2.1803665,0.0,0.0,0.0,0.0,2.8097692,0.0,2.6912575,3.0540497,0.0,2.7579315,2.987827,0.0,0.0,0.0,2.8518653,3.157269,2.4584508,2.6912575,0.0,0.0,0.0,0.0,2.1803665,0.0,0.0,0.0,2.9669757,2.4584508,2.987827,0.0,0.0,0.0,2.8518653,0.0,3.254484,0.0,0.0,0.0,0.5291181,GSE165399,PASC
CELL_0047,1.0249912,0.0,1.1588011,1.641731,2.034791,0.0,0.0,0.0,1.7295572,0.83972776,2.195159,0.0,0.0,0.5538782,1.3448311,1.7028394,1.2618966,0.0,0.0,2.291197,0.83972776,1.2618966,2.128235,1.8181065,1.9650809,2.1159964,1.7982622,2.0963798,0.0,2.3505118,1.641731,1.7028394,2.4638216,0.5538782,0.0,0.0,0.0,1.0249912,0.0,0.5538782,0.5538782,2.5364509,1.3448311,1.1588011,0.0,0.0,0.0,1.6063895,1.1588011,1.2618966,0.0,0.0,0.0,0.49004316,GSE165399,PASC
CELL_0048,0.0,0.0,1.7592179,2.2966363,1.6678221,0.0,0.0,0.0,1.7592179,1.0293767,2.0767658,0.0,0.0,0.0,1.0293767,0.0,0.0,0.0,0.0,2.5958269,0.0,1.543973,2.452956,2.1675382,2.354239,2.4127061,1.3594425,1.9795153,0.0,2.1026533,2.2337806,2.126182,2.6097398,1.0293767,0.0,0.0,0.0,1.0293767,0.0,1.0293767,0.0,2.583325,1.3594425,1.0293767,0.0,0.0,0.0,2.0767658,0.0,0.0,1.3594425,0.0,0.0,0.4881804,GSE165399,PASC
CELL_0049,0.0,0.0,2.1529875,2.6735258,2.1529875,0.0,0.0,0.0,0.0,0.0,2.7414234,0.0,0.0,0.0,0.0,0.0,0.0,0.0,0.0,3.0425375,0.0,2.4362972,2.8370275,2.8370275,3.1694875,2.9036083,2.1529875,2.4362972,0.0,0.0,2.994408,2.5801632,2.4362972,0.0,0.0,0.0,0.0,0.0,0.0,0.0,2.1529875,2.9303935,0.0,0.0,0.0,0.0,0.0,2.1529875,0.0,0.0,0.0,0.0,0.0,0.50530076,GSE165399,PASC
CELL_0050,0.0,0.0,1.5935264,1.5935264,0.0,0.0,0.0,0.0,2.4691267,0.0,2.594342,0.0,0.0,0.0,1.9312122,1.5935264,1.5935264,0.0,0.0,1.9312122,0.0,0.0,1.9312122,0.0,1.5935264,2.1078022,0.0,0.0,0.0,2.9026754,1.5935264,1.9312122,2.9237757,0.0,0.0,0.0,0.0,0.0,0.0,2.1078022,0.0,2.3070931,1.5935264,0.0,0.0,0.0,0.0,1.5935264,1.5935264,1.5935264,0.0,0.0,0.0,0.44552797,GSE165399,PASC
CELL_0051,0.0,0.0,0.0,0.0,0.0,0.0,0.0,0.0,0.0,2.1577005,0.0,0.0,0.0,0.0,0.0,0.0,0.0,0.0,0.0,0.0,0.0,0.0,0.0,0.0,0.0,0.0,0.0,1.8415234,0.0,2.1577005,0.0,0.0,0.0,0.0,1.8415234,1.8415234,0.0,0.0,1.8415234,0.0,0.0,0.0,0.0,0.0,0.0,0.0,0.0,0.0,3.1363916,0.0,1.8415234,0.0,0.0,0.48843482,GSE165399,normal
CELL_0052,0.0,0.0,1.9035987,1.9035987,1.5827253,0.0,0.0,0.0,1.5827253,1.5827253,2.448813,0.0,0.0,0.0,0.0,0.0,2.3211365,0.0,0.0,1.9035987,0.0,0.0,2.1799266,2.1799266,0.0,2.3211365,0.0,2.532043,0.0,2.532043,1.9035987,2.0707705,2.8266776,0.0,0.0,0.0,0.0,1.9035987,0.0,2.1799266,0.0,2.678724,2.0707705,0.0,0.0,0.0,0.0,2.554203,0.0,1.5827253,0.0,0.0,0.0,0.516479,GSE165399,PASC
CELL_0053,0.6805842,0.0,1.6063467,1.794903,1.9918748,0.0,0.0,1.4857926,0.6805842,0.0,1.7322103,0.0,0.0,1.6538582,2.0426552,1.5511626,1.406355,0.0,0.0,2.1123815,1.794903,0.0,2.1860445,2.0308752,1.9774535,2.0749927,1.1744691,1.8467737,0.0,2.478192,1.89077,1.89077,2.4963014,1.1744691,0.0,0.0,0.0,0.9864736,0.0,1.9460188,0.0,2.5804322,1.406355,0.0,0.0,0.0,0.0,1.406355,0.9864736,0.9864736,0.0,0.0,0.0,0.48730123,GSE165399,PASC
CELL_0054,2.2583706,0.0,0.0,0.0,0.0,0.0,1.2376559,0.0,0.9051458,1.9681586,0.0,0.0,0.0,0.0,1.2376559,0.0,0.9051458,0.0,0.0,0.9051458,0.9051458,0.0,1.9681586,2.4035583,1.2376559,0.9051458,1.4298071,0.0,0.0,1.6579969,2.1682484,1.2376559,1.9335316,0.0,0.0,0.0,0.0,0.0,1.796957,0.0,0.0,1.6579969,1.5606699,0.0,0.0,0.0,1.2376559,2.1166713,2.5342417,0.9051458,1.6579969,0.0,0.0,0.41499963,GSE165399,PASC
CELL_0055,0.0,0.0,2.2976348,0.0,0.0,0.0,0.0,0.0,2.5665846,2.2976348,2.5665846,0.0,0.0,0.0,0.0,0.0,2.5665846,0.0,0.0,2.2976348,0.0,2.2976348,2.2976348,2.2976348,0.0,0.0,0.0,2.8559358,0.0,2.906087,2.2976348,2.2976348,3.22744,0.0,0.0,0.0,0.0,2.2976348,0.0,2.5665846,0.0,2.9468386,2.2976348,0.0,0.0,0.0,0.0,2.5665846,0.0,2.5665846,0.0,0.0,0.0,0.48797137,GSE165399,PASC
CELL_0056,1.6403068,0.0,2.4025521,1.307461,1.307461,0.0,0.0,0.0,0.0,0.0,1.6403068,0.0,0.0,0.0,0.0,1.6403068,2.089273,0.0,0.0,2.189055,0.0,0.0,2.31827,1.9362919,0.0,1.6403068,0.0,1.6403068,0.0,2.3641522,1.307461,2.089273,2.7461774,0.0,0.0,0.0,0.0,1.307461,0.0,0.0,0.0,2.1436136,1.8186646,1.6403068,0.0,0.0,0.0,2.189055,0.0,1.307461,0.0,0.0,0.0,0.48017812,GSE165399,PASC
CELL_0057,1.2741799,0.0,1.9352471,1.7037932,1.6100798,0.0,0.0,0.0,1.4224385,1.4793999,1.7297397,0.0,0.0,0.5711505,0.0,1.8157086,0.0,0.0,0.0,2.206567,0.0,1.4224385,1.675493,1.7297397,1.8667628,2.1110053,1.5286146,1.7536608,0.0,2.1226034,0.8577717,1.850748,2.433116,0.8577717,0.0,0.0,0.0,0.5711505,0.5711505,0.8577717,0.0,2.214185,1.4793999,0.0,0.0,0.0,0.0,1.8819057,0.5711505,0.8577717,0.0,0.0,0.0,0.4565741,GSE165399,PASC
CELL_0058,1.0211179,0.0,1.5076534,2.1895597,1.709274,0.0,0.0,1.1744747,1.4789035,0.28129598,2.0033162,0.0,0.0,0.15510607,0.8810655,1.2875564,0.9561142,0.0,0.0,2.0835195,0.28129598,0.38694745,1.8819498,1.6721973,1.5964603,2.1658928,1.709274,1.8372464,0.0,2.4937544,0.9897209,1.5167402,2.475383,1.0505478,0.0,0.0,0.0,0.9200104,0.0,1.7238985,0.15510607,2.5172796,1.1289533,0.47732097,0.0,0.0,0.0,1.6171101,0.38694745,0.6869796,0.15510607,0.0,0.0,0.48291618,GSE165399,PASC
CELL_0059,2.4130902,0.0,0.0,0.0,0.0,1.5085161,0.0,0.0,1.1847911,1.8459464,0.85625505,0.85625505,0.0,0.0,0.0,0.85625505,0.0,0.85625505,0.0,0.0,0.0,0.0,0.0,1.9208357,0.0,0.0,1.1847911,0.0,0.0,1.6840278,0.0,0.85625505,2.1240275,0.0,0.85625505,0.0,0.0,0.0,2.2974446,0.0,0.0,0.0,1.606699,0.0,0.0,1.1847911,1.8459464,1.9208357,2.3630254,0.0,1.7472494,0.0,0.0,0.45075867,GSE165399,normal
CELL_0060,0.0,0.0,0.0,0.0,0.0,0.0,0.0,0.0,0.0,1.7297778,1.208895,1.7297778,0.0,0.0,0.0,0.0,0.0,0.0,0.0,1.208895,0.0,0.0,1.5462627,2.2486224,1.208895,0.0,0.0,0.0,0.0,1.208895,1.208895,0.0,2.4002461,1.5462627,0.0,1.208895,1.7297778,1.208895,1.5462627,0.0,0.0,1.208895,2.0668788,1.5462627,0.0,0.0,1.5462627,2.5322604,2.296354,1.208895,0.0,1.208895,2.189806,0.18055828,GSE165399,PASC
CELL_0061,1.248082,0.0,0.0,0.0,1.248082,0.0,0.0,0.0,2.011412,1.5996199,1.7911732,0.0,0.0,2.2342768,1.7911732,1.248082,2.011412,0.0,0.0,1.248082,0.0,1.248082,1.5996199,2.1429055,1.5996199,2.0839908,0.0,0.0,0.0,0.0,2.6978548,2.1921635,2.5167542,0.0,0.0,0.0,0.0,0.0,0.0,0.0,1.5996199,1.5996199,2.641194,3.0949981,0.0,0.0,0.0,2.641194,1.248082,2.8136978,2.1921635,0.0,0.0,0.543042,GSE165399,PASC
CELL_0062,1.099497,0.0,1.099497,1.9349607,1.864335,0.0,0.0,0.0,0.0,0.91071945,2.1112068,0.0,0.0,1.5449204,1.2341057,1.3369836,0.0,0.0,0.0,2.218186,1.2341057,0.0,1.9645677,2.0036883,1.8836894,2.1112068,1.4192907,1.9501619,0.0,2.5175211,0.91071945,1.9645677,2.723322,0.6125408,0.0,0.0,0.0,1.099497,0.0,1.3369836,0.0,2.5877423,0.6125408,0.6125408,0.0,0.0,0.0,1.6381786,0.6125408,1.099497,0.0,0.0,0.0,0.4983097,GSE165399,PASC
CELL_0063,0.0,0.0,2.3003578,0.9978223,0.0,0.0,0.0,0.0,1.849425,1.3435057,1.9124206,0.0,0.0,2.0104527,2.0498455,0.9978223,1.7721212,0.0,0.0,2.432249,0.9978223,1.9652269,2.4775426,2.21378,2.3408196,2.4148393,0.9978223,0.9978223,0.0,1.540367,2.6130335,2.5906866,2.5654895,1.540367,0.0,0.0,0.0,0.0,0.0,0.0,0.9978223,2.2691603,1.9124206,0.9978223,0.0,0.0,0.0,2.598422,0.0,2.3408196,2.0498455,0.0,0.0,0.56090575,GSE165399,PASC
CELL_0064,0.0,0.0,2.2815473,0.8749403,1.2307203,0.0,0.0,0.8749403,1.857702,0.0,2.7795174,0.0,0.0,1.9688649,2.17588,1.5896506,0.0,0.0,0.0,2.528327,0.0,2.7664921,3.0599144,2.3446727,2.0532143,2.928557,1.4429336,1.5896506,0.0,2.6081462,2.835512,2.8845205,2.9820635,1.4429336,0.0,0.0,0.0,0.0,0.0,2.2815473,2.6809444,3.108758,1.5896506,0.0,0.0,0.0,0.0,2.950261,1.4429336,2.9737847,0.0,0.0,0.0,0.48952162,GSE165399,PASC
CELL_0065,0.0,0.0,2.117409,2.3743477,1.8140707,0.0,0.0,0.0,0.0,0.0,2.5903356,0.0,0.0,0.0,0.0,2.3743477,0.0,0.0,0.0,2.3743477,0.0,0.0,2.3743477,2.117409,2.2731028,2.7008524,0.0,2.447977,0.0,2.7008524,0.0,1.8140707,2.9952693,0.0,0.0,0.0,0.0,0.0,0.0,1.8140707,0.0,3.0040364,0.0,1.8140707,0.0,0.0,0.0,2.7732394,0.0,0.0,0.0,0.0,0.0,0.5032561,GSE165399,PASC
CELL_0066,0.0,0.0,2.2357447,1.9613936,2.314541,0.0,0.0,0.0,2.5603733,0.0,2.1274576,0.0,0.0,0.0,0.0,1.6414165,1.6414165,0.0,0.0,2.6266503,1.6414165,2.1274576,2.7897108,1.9613936,2.2357447,2.6918836,2.6449342,1.6414165,0.0,2.8060818,1.9613936,2.2357447,2.975413,1.6414165,0.0,0.0,0.0,0.0,0.0,2.5603733,0.0,3.0609994,0.0,1.9613936,0.0,0.0,0.0,2.5022473,0.0,2.1274576,0.0,0.0,0.0,0.5183268,GSE165399,PASC
CELL_0067,0.0,0.0,0.0,0.0,0.0,0.0,0.0,0.0,2.9328446,3.1538768,0.0,0.0,0.0,0.0,0.0,0.0,0.0,0.0,0.0,0.0,0.0,0.0,0.0,2.9328446,0.0,0.0,0.0,2.9328446,0.0,0.0,0.0,0.0,2.9328446,0.0,0.0,0.0,0.0,0.0,2.9328446,0.0,0.0,0.0,0.0,0.0,0.0,0.0,3.266421,0.0,0.0,0.0,0.0,0.0,0.0,0.2131038,GSE165399,normal
CELL_0068,0.0,0.0,2.2009044,2.2714424,2.10411,0.0,0.0,0.0,0.9991963,0.0,2.039158,0.0,0.0,0.0,0.0,1.7651917,1.5364155,0.0,0.0,2.5093908,0.0,0.0,2.5248754,2.2009044,1.7651917,2.4806888,1.9556881,1.9556881,0.0,2.6387248,2.3263135,1.9556881,2.5392647,1.3418185,0.0,0.0,0.0,0.9991963,0.0,1.9556881,1.3418185,2.6468456,0.9991963,1.5364155,0.0,0.0,0.0,1.9035996,1.3418185,1.3418185,0.0,0.9991963,0.0,0.5114929,GSE165399,PASC
CELL_0069,0.0,0.0,0.0,0.0,0.0,0.0,0.0,0.0,2.1391017,2.4198103,0.0,0.0,0.0,0.0,2.56241,0.0,0.0,0.0,0.0,0.0,0.0,0.0,3.021227,2.7223284,2.1391017,2.4198103,0.0,0.0,0.0,2.56241,0.0,0.0,2.56241,2.1391017,0.0,2.1391017,0.0,2.1391017,0.0,0.0,0.0,2.56241,0.0,0.0,0.0,0.0,0.0,2.4198103,2.8171847,0.0,0.0,0.0,2.1391017,0.30829746,GSE165399,PASC
CELL_0070,2.4093413,0.0,0.0,0.0,0.0,0.0,1.5748816,0.0,1.2374412,2.3777344,0.0,1.5748816,0.0,0.0,0.0,0.0,0.0,0.0,0.0,0.0,0.0,0.0,1.5748816,2.5223029,0.0,0.0,0.0,1.5748816,0.0,1.2374412,0.0,0.0,1.5748816,2.0927196,0.0,0.0,0.0,1.2374412,2.3940809,0.0,0.0,0.0,0.0,0.0,0.0,1.8787696,2.214754,2.0927196,2.6436815,0.0,2.036599,0.0,0.0,0.476665,GSE165399,normal
CELL_0071,0.0,0.0,2.3186355,1.7639344,1.4097263,0.7557182,0.0,0.0,0.7557182,1.7157393,2.0907228,0.0,0.0,0.7557182,1.5931312,0.7557182,0.7557182,0.0,0.0,2.306653,0.0,1.4097263,2.4649208,1.9066523,2.0033958,2.0753639,0.0,1.6596745,0.0,2.1189923,1.4097263,2.1444805,2.1784718,1.0786357,0.7557182,0.0,0.0,1.0786357,0.0,0.0,0.0,1.933992,2.2511857,1.2738472,0.0,0.0,0.0,2.041732,2.0907228,1.2738472,0.7557182,0.0,0.0,0.47059333,GSE165399,PASC
CELL_0072,2.6010401,0.0,0.0,0.0,0.0,0.0,0.0,0.0,0.0,0.0,0.0,0.0,0.0,0.0,0.0,0.0,0.0,0.0,0.0,0.0,0.0,0.0,0.0,2.1140978,0.0,0.0,0.0,0.0,0.0,0.0,0.0,0.0,2.3787837,2.1140978,0.0,0.0,0.0,0.0,2.843207,0.0,0.0,0.0,0.0,0.0,0.0,0.0,2.1140978,2.3787837,2.6648707,0.0,0.0,0.0,0.0,0.42270526,GSE165399,normal
CELL_0073,0.0,0.0,2.369204,2.3794487,2.1219144,0.0,0.0,0.0,1.7429775,0.0,1.5076008,0.0,0.0,0.0,0.0,1.8859197,0.96274984,0.0,0.0,2.5429304,0.0,0.0,2.4482672,2.1716304,1.5076008,2.3794487,1.5076008,2.0616314,0.0,2.6481414,1.5076008,2.0261273,2.697197,0.96274984,0.0,0.0,0.0,0.0,0.0,0.0,0.0,2.5654938,0.0,0.0,0.0,0.0,0.0,1.7429775,0.0,0.96274984,0.96274984,0.0,0.96274984,0.46665645,GSE165399,PASC
CELL_0074,1.0951723,0.0,1.917361,2.066553,1.448246,0.0,0.0,0.0,1.8236128,1.448246,2.4214845,0.0,0.90745807,0.0,0.90745807,0.61071366,0.3746541,0.0,0.0,2.343199,0.61071366,1.4129629,2.011015,2.1436589,1.7190583,2.0840526,1.448246,1.9747982,0.0,2.2875278,2.2822845,1.7486838,2.3736718,0.3746541,0.0,0.0,0.0,1.2289631,0.0,0.7789223,0.0,2.2067456,2.326744,0.90745807,0.0,0.0,0.0,1.5102663,0.3746541,1.167021,0.61071366,0.0,0.0,0.4572297,GSE165399,PASC
CELL_0075,0.0,0.0,0.0,2.5187757,2.374029,0.0,0.0,0.0,2.374029,0.0,2.374029,0.0,0.0,0.0,2.374029,2.0893795,0.0,0.0,0.0,2.0893795,0.0,0.0,2.8134131,2.0893795,2.0893795,2.374029,2.374029,0.0,0.0,2.5187757,0.0,0.0,3.072827,0.0,0.0,0.0,0.0,0.0,0.0,0.0,0.0,2.8951232,2.0893795,2.0893795,0.0,0.0,0.0,2.6127434,0.0,0.0,2.6127434,0.0,0.0,0.44212943,GSE165399,PASC
CELL_0076,1.0133439,0.0,1.3554329,0.0,0.0,0.0,0.0,1.0133439,0.0,0.0,2.927155,0.0,0.0,1.9649235,1.0133439,1.0133439,0.0,0.0,0.0,2.674582,0.0,2.6627223,2.139353,0.0,2.5338974,2.4522552,0.0,1.0133439,0.0,1.5489904,2.6602542,2.746951,2.5522773,1.0133439,0.0,0.0,0.0,1.0133439,0.0,0.0,0.0,2.5730867,1.3554329,1.3554329,0.0,0.0,0.0,2.3763356,1.0133439,2.081632,1.5489904,0.0,1.0133439,0.51493025,GSE165399,PASC
CELL_0077,0.0,0.0,0.0,0.0,0.0,0.0,0.0,0.0,0.0,0.0,3.2255,0.0,0.0,0.0,0.0,2.1649952,0.0,0.0,0.0,3.1508799,0.0,2.5782156,2.961552,2.1649952,2.8271828,2.7344253,0.0,0.0,0.0,0.0,2.961552,2.9801784,2.7856064,0.0,0.0,0.0,0.0,0.0,0.0,0.0,0.0,3.0126991,2.1649952,0.0,0.0,0.0,0.0,2.8918598,0.0,0.0,0.0,0.0,0.0,0.46556604,GSE165399,PASC
CELL_0078,2.960233,0.0,0.0,2.960233,0.0,0.0,0.0,0.0,0.0,0.0,0.0,0.0,0.0,0.0,0.0,0.0,0.0,0.0,0.0,0.0,0.0,0.0,0.0,0.0,3.1697438,2.960233,0.0,0.0,0.0,3.5440016,0.0,0.0,3.5440016,0.0,0.0,0.0,0.0,0.0,0.0,0.0,0.0,3.5440016,3.1697438,0.0,0.0,0.0,0.0,0.0,0.0,0.0,0.0,0.0,0.0,0.47130334,GSE165399,normal
CELL_0079,1.2159873,0.0,2.1782732,1.2159873,1.5311327,0.0,0.0,0.0,0.0,0.0,2.4111006,0.0,0.0,0.0,0.0,1.7006177,1.7006177,0.0,0.0,1.2159873,0.0,1.5311327,2.275773,0.0,1.5311327,2.0915236,0.0,2.0107353,0.0,1.9587394,1.7006177,1.2159873,2.0542622,1.2159873,0.0,0.0,0.0,1.2159873,0.0,0.0,0.0,2.2910397,1.5311327,0.0,0.0,0.0,0.0,1.2159873,1.2159873,1.2159873,0.0,0.0,0.0,0.47825158,GSE165399,PASC
CELL_0080,0.0,0.0,0.0,0.0,0.0,0.0,0.0,0.0,3.6812563,0.0,0.0,0.0,0.0,0.0,0.0,0.0,0.0,0.0,0.0,0.0,0.0,0.0,0.0,0.0,0.0,0.0,0.0,0.0,0.0,0.0,0.0,0.0,0.0,3.6812563,0.0,0.0,0.0,0.0,0.0,0.0,0.0,0.0,0.0,0.0,0.0,0.0,3.6812563,0.0,0.0,0.0,0.0,0.0,0.0,0.36748722,GSE165399,normal
CELL_0081,0.0,0.0,1.9342786,1.6499268,1.6499268,0.0,0.0,1.3278178,2.1331103,1.3278178,1.821407,0.0,0.0,1.3278178,1.3278178,1.3278178,1.3278178,0.0,0.0,2.0809882,1.3278178,0.0,2.3449042,2.0167768,2.2751744,2.2751744,2.17671,1.821407,0.0,1.6499268,2.0809882,2.1331103,2.5637867,0.0,0.0,0.0,0.0,0.0,0.0,1.3278178,0.0,2.4655008,0.0,1.3278178,0.0,0.0,0.0,2.0167768,0.0,1.3278178,1.3278178,0.0,0.0,0.49950173,GSE165399,PASC
CELL_0082,1.197419,0.0,1.5161538,1.8857002,0.69275755,0.0,0.0,0.0,1.3325021,1.0051376,2.556024,0.0,0.0,0.0,2.048022,0.0,0.0,0.0,0.0,2.596107,0.0,1.9508158,2.413589,1.5830979,2.3674471,2.4842923,0.0,1.9871902,0.0,1.5161538,2.5341449,2.5075674,2.631091,0.0,0.0,0.0,0.0,0.69275755,0.0,0.0,0.0,2.5696404,1.4348047,1.0051376,0.0,0.0,0.0,2.003729,0.0,1.6396078,1.4348047,0.0,0.0,0.51392716,GSE165399,PASC
CELL_0083,1.8638195,0.0,2.0298405,2.217374,2.4058595,0.0,0.0,2.217374,2.0298405,0.0,1.8638195,0.0,0.0,2.5108027,2.217374,2.2787876,2.0298405,0.0,0.0,2.7334826,0.0,2.328594,2.911387,2.217374,2.7595336,2.7031677,2.436875,0.0,0.0,2.6100605,2.436875,2.0298405,2.816261,0.0,0.0,0.0,0.0,0.0,0.0,1.8638195,0.0,2.9345136,2.1383367,1.8638195,0.0,0.0,0.0,2.2787876,0.0,2.1383367,1.8638195,0.0,0.0,0.44548318,GSE165399,PASC
CELL_0084,1.2317065,0.0,2.012087,1.8582302,1.8582302,0.0,0.0,0.0,1.5618311,1.8582302,2.4436498,0.0,0.0,0.0,1.4278328,0.8947122,1.8043559,0.0,0.0,1.8582302,1.8043559,0.0,2.012087,2.2297704,1.9802934,1.4278328,1.5618311,1.7401967,0.0,2.4589207,1.4278328,0.0,1.9447056,1.2317065,0.0,0.0,0.0,1.2317065,0.0,1.9044285,0.0,2.5638332,2.6695385,0.0,0.0,0.0,0.0,1.5618311,0.0,0.8947122,1.2317065,0.0,0.0,0.4230958,GSE165399,PASC
CELL_0085,1.2622412,0.0,2.2723715,2.129787,1.7503288,0.0,0.0,0.0,1.5801345,1.3974841,2.446623,0.0,0.0,0.74732983,1.702297,2.0272994,0.74732983,0.0,0.0,2.3256865,0.74732983,1.3974841,2.0761628,2.1416068,1.6464306,0.74732983,1.4993817,1.0680786,0.0,1.919858,1.5801345,1.4993817,2.129787,1.0680786,0.0,0.0,0.0,1.4993817,0.0,0.0,0.0,1.9677963,2.5234725,0.74732983,0.0,0.0,0.0,2.1173894,1.0680786,0.0,0.0,0.0,0.0,0.43294346,GSE165399,PASC
CELL_0086,0.0,0.0,2.056371,1.1445953,0.0,0.0,0.0,0.0,0.0,1.481404,2.7275681,0.0,0.0,1.789638,1.6664168,0.0,0.0,0.0,0.0,2.7275681,0.0,2.3171418,2.546764,1.481404,2.332782,2.6120915,0.0,2.0975065,0.0,1.1445953,2.4892216,2.5867753,2.5035017,1.1445953,0.0,0.0,0.0,0.0,0.0,1.1445953,0.0,2.66341,1.8801899,1.1445953,0.0,0.0,0.0,2.5912378,0.0,1.6664168,1.481404,0.0,0.0,0.5149601,GSE165399,PASC
CELL_0087,1.4470061,0.0,2.1024342,1.4470061,1.7955704,0.0,0.0,0.0,0.0,0.0,2.4025607,0.0,0.0,0.0,1.980783,1.4470061,0.0,0.0,0.0,2.8620522,0.0,2.4025607,2.750432,2.495161,2.1911733,2.5421221,0.0,2.315999,0.0,2.6301074,2.7950888,2.6301074,1.980783,0.0,0.0,0.0,0.0,1.4470061,0.0,0.0,0.0,2.9555564,1.7955704,0.0,0.0,0.0,0.0,2.467852,0.0,1.4470061,0.0,0.0,0.0,0.49243322,GSE165399,PASC
CELL_0088,0.0,0.0,0.0,0.0,0.0,0.0,0.0,0.0,2.457382,0.0,2.0525312,0.0,0.0,0.0,0.0,0.0,0.0,0.0,0.0,2.8144817,0.0,2.5057814,3.0041914,2.457382,2.7518928,2.8925343,0.0,2.3207743,0.0,0.0,2.9965653,2.2150173,2.5808485,0.0,0.0,0.0,0.0,0.0,0.0,0.0,0.0,2.7201903,1.7375298,0.0,0.0,0.0,0.0,2.6828194,1.7375298,2.3976781,2.0525312,0.0,0.0,0.53224087,GSE165399,PASC
CELL_0089,0.9919547,0.0,2.3162775,1.1266849,0.0,0.0,0.0,0.0,1.6187916,1.4967836,0.8070041,0.0,0.0,0.8070041,0.5259221,0.0,1.5825552,0.0,0.0,1.1266849,1.7342376,1.1266849,1.939062,2.233135,1.2310557,1.7795199,0.5259221,1.5421903,0.0,1.7089328,2.0041406,1.9510461,1.9265373,0.0,0.0,0.0,0.0,0.5259221,0.0,1.2310557,1.8539885,1.4451041,2.3535037,0.0,0.0,0.0,0.0,2.3058221,0.8070041,1.6814984,0.8070041,0.0,0.0,0.536347,GSE165399,PASC
CELL_0090,1.742652,0.0,1.742652,2.2433352,2.1526022,0.0,0.0,0.0,0.0,1.4313072,2.0917346,0.0,0.0,1.0945925,1.0945925,1.9646186,0.0,0.0,0.0,2.4380538,0.0,1.4313072,2.309514,2.2433352,2.0917346,2.6243725,1.4313072,1.4313072,0.0,2.2616656,1.9646186,2.294612,2.6335192,1.0945925,0.0,0.0,0.0,1.4313072,0.0,2.0917346,0.0,2.724363,1.4313072,1.742652,0.0,0.0,0.0,1.9062552,1.0945925,1.4313072,0.0,0.0,0.0,0.5009736,GSE165399,PASC
CELL_0091,3.1520417,0.0,0.0,0.0,0.0,0.0,0.0,0.0,0.0,3.4723365,0.0,0.0,0.0,0.0,0.0,0.0,0.0,0.0,0.0,0.0,0.0,0.0,0.0,0.0,0.0,0.0,0.0,0.0,0.0,0.0,0.0,0.0,0.0,0.0,0.0,0.0,0.0,0.0,0.0,0.0,0.0,0.0,0.0,0.0,0.0,0.0,3.3641179,0.0,3.1520417,0.0,0.0,0.0,3.1520417,0.12329887,GSE165399,normal
CELL_0092,1.5470718,0.0,2.082462,1.7355262,2.240952,0.0,0.0,1.5470718,0.0,0.0,0.0,0.0,0.0,0.0,1.860747,2.2694879,2.1311321,0.0,0.0,2.082462,0.0,1.2023216,2.6475394,1.7355262,1.2023216,2.5961828,2.4647105,1.5470718,0.0,2.6424503,1.5470718,2.7215185,3.0667636,0.0,0.0,0.0,0.0,1.2023216,0.0,1.2023216,0.0,2.9387455,1.2023216,0.0,0.0,0.0,0.0,2.536158,0.0,0.0,0.0,0.0,0.0,0.4804812,GSE165399,PASC
CELL_0093,3.1203487,0.0,0.0,0.0,0.0,0.0,0.0,0.0,0.0,2.6957126,2.6957126,0.0,0.0,0.0,0.0,0.0,0.0,0.0,0.0,0.0,0.0,0.0,0.0,2.6957126,0.0,0.0,0.0,0.0,0.0,2.6957126,0.0,0.0,2.9264748,0.0,0.0,0.0,0.0,0.0,0.0,0.0,0.0,0.0,2.9264748,0.0,0.0,0.0,0.0,0.0,3.1763217,0.0,0.0,0.0,0.0,0.42836305,GSE165399,normal
CELL_0094,0.0,0.0,2.0533614,0.0,0.0,0.0,0.0,0.0,0.0,1.7350684,0.0,0.0,0.0,1.7350684,1.7350684,1.7350684,2.5116153,0.0,0.0,2.5874662,1.7350684,0.0,2.5116153,2.3245952,2.3245952,0.0,0.0,1.7350684,0.0,0.0,2.217658,2.3245952,2.4626992,1.7350684,0.0,0.0,0.0,0.0,0.0,0.0,0.0,2.3245952,2.6904612,1.7350684,0.0,0.0,0.0,1.7350684,1.7350684,1.7350684,1.7350684,0.0,0.0,0.556855,GSE165399,PASC
CELL_0095,1.5029795,0.0,1.9419535,2.1271117,1.8761322,0.0,0.0,0.0,1.5029795,1.5029795,1.9419535,0.0,0.0,0.0,1.3727006,1.9699727,1.3727006,0.0,0.0,2.406829,0.0,1.3727006,2.318546,2.1271117,1.7917289,2.4800375,1.8368107,1.7391834,0.0,2.384534,1.995445,1.8761322,2.577054,0.0,0.0,0.0,0.0,0.0,0.0,2.2131107,0.0,2.7006664,1.5029795,0.85608554,0.0,0.0,0.0,2.0785513,0.0,0.85608554,0.0,0.0,0.0,0.44493067,GSE165399,PASC
CELL_0096,0.0,0.0,1.835731,0.0,2.1603332,0.0,0.0,0.0,2.9168863,0.0,0.0,0.0,0.0,0.0,0.0,0.0,0.0,0.0,0.0,2.5756226,0.0,3.1211138,3.170015,2.8907351,0.0,2.6664698,0.0,0.0,0.0,2.1603332,0.0,1.835731,1.835731,0.0,0.0,0.0,0.0,0.0,0.0,0.0,0.0,0.0,1.835731,2.6664698,0.0,0.0,0.0,3.039848,0.0,3.2418554,0.0,0.0,0.0,0.95923555,GSE165399,PASC
CELL_0097,0.0,0.0,2.414566,0.0,0.0,0.0,0.0,0.0,2.026815,1.7249302,2.3573015,0.0,0.0,1.7249302,2.1823304,0.0,1.7249302,0.0,0.0,2.5621371,0.0,1.7249302,2.697901,2.6106396,2.1823304,2.1823304,0.0,2.026815,0.0,0.0,2.6106396,2.6313004,2.2836006,0.0,0.0,0.0,0.0,0.0,0.0,1.7249302,2.1823304,2.2836006,2.7243834,0.0,0.0,0.0,0.0,2.736384,0.0,2.8040547,0.0,0.0,0.0,0.62591887,GSE165399,PASC
CELL_0098,1.1882108,0.0,1.5272764,2.2856162,1.9961746,0.0,0.0,0.0,1.8354819,0.0,1.8354819,0.0,0.0,0.0,1.5272764,1.5272764,0.0,0.0,0.0,2.3260245,0.0,0.0,2.3439462,1.9257696,2.1421535,2.491234,1.5272764,2.2373118,0.0,2.599689,0.0,2.1777844,2.9030883,0.0,0.0,0.0,0.0,0.0,0.0,1.7124555,0.0,2.8629189,0.0,0.0,0.0,0.0,0.0,1.7124555,0.0,1.1882108,1.1882108,0.0,0.0,0.5164736,GSE165399,PASC
CELL_0099,0.0,0.0,0.0,0.0,0.0,1.6035862,0.0,0.0,0.0,1.9388798,0.0,0.0,1.6035862,0.0,1.6035862,0.0,0.0,0.0,0.0,0.0,0.0,0.0,0.0,0.0,0.0,0.0,0.0,0.0,0.0,0.0,0.0,0.0,2.3114972,0.0,0.0,1.9388798,0.0,0.0,0.0,0.0,0.0,0.0,0.0,0.0,0.0,0.0,0.0,0.0,3.1574743,0.0,0.0,0.0,0.0,0.4430773,GSE165399,normal
CELL_0100,2.2886436,0.0,0.0,0.0,0.0,2.1284883,2.0663512,0.0,0.0,1.3945724,0.0,1.3945724,0.0,0.0,0.0,1.3945724,0.0,0.0,0.0,0.0,0.0,0.0,1.7103894,1.7103894,1.7103894,0.0,0.0,0.0,0.0,1.3945724,1.3945724,1.3945724,1.7103894,1.3945724,0.0,1.3945724,0.0,0.0,1.7103894,0.0,0.0,1.3945724,0.0,0.0,0.0,0.0,2.0663512,2.3635945,0.0,0.0,0.0,2.2886436,2.4504251,0.15005979,GSE165399,PASC
CELL_0101,0.9919867,0.0,2.0421624,1.7806544,0.9919867,0.0,0.0,0.9919867,0.9919867,0.0,1.9272281,0.0,0.6764002,0.0,1.8475336,1.433762,0.6764002,0.0,0.0,2.3277664,0.0,2.2355323,2.7651122,1.5181292,1.9272281,2.617049,1.3279359,1.7414005,0.0,2.2200124,2.0575206,2.5150912,2.6206274,0.9919867,0.0,0.0,0.0,0.6764002,0.0,0.9919867,0.0,2.7396371,1.8764135,0.6764002,0.0,0.0,0.0,2.5993407,1.1887609,1.433762,0.0,0.0,0.0,0.47459188,GSE165399,PASC
CELL_0102,2.686299,0.0,0.0,0.0,0.0,1.7200578,0.0,0.0,0.0,0.0,1.7200578,0.0,0.0,0.0,0.0,0.0,0.0,0.0,0.0,1.7200578,0.0,1.7200578,1.7200578,2.1891913,0.0,0.0,0.0,0.0,0.0,1.7200578,1.7200578,0.0,2.3687544,1.7200578,0.0,0.0,2.0295508,0.0,2.0295508,0.0,0.0,1.7200578,1.7200578,0.0,0.0,0.0,1.7200578,2.1891913,2.3687544,1.7200578,0.0,2.7175586,0.0,0.15291893,GSE165399,PASC
CELL_0103,0.0,0.0,2.188125,2.45708,0.0,0.0,0.0,0.0,0.0,2.188125,2.188125,0.0,0.0,0.0,0.0,2.45708,0.0,0.0,0.0,2.5936759,0.0,0.0,2.9018612,2.188125,2.188125,2.7470791,2.188125,2.6824393,0.0,2.8724983,0.0,2.6824393,3.0349543,0.0,0.0,0.0,0.0,0.0,0.0,2.188125,0.0,3.2348077,0.0,0.0,0.0,0.0,0.0,2.8724983,0.0,0.0,0.0,0.0,0.0,0.5074865,GSE165399,PASC
CELL_0104,0.0,0.0,1.7401663,2.0705059,0.0,0.0,0.0,0.0,1.7401663,1.7401663,0.0,0.0,0.0,0.0,0.0,0.0,1.7401663,0.0,0.0,0.0,0.0,2.771284,2.7098308,2.5468893,0.0,2.0705059,0.0,0.0,0.0,1.7401663,0.0,2.352592,2.352592,2.0705059,0.0,0.0,0.0,0.0,0.0,0.0,2.4334116,2.0705059,0.0,2.8459322,0.0,0.0,0.0,1.7401663,0.0,2.9580276,0.0,0.0,0.0,0.99887484,GSE165399,PASC
CELL_0105,1.4317445,0.0,1.6155787,2.141463,2.081595,0.0,0.0,0.0,1.7383232,0.0,2.2112417,0.0,0.0,0.0,1.7383232,1.4317445,1.828653,0.0,0.0,2.4058993,0.0,1.828653,2.4058993,2.346625,2.081595,2.2487767,2.1669252,2.081595,0.0,1.899212,2.0457778,1.9565973,2.5867157,1.0989634,0.0,0.0,0.0,1.0989634,0.0,0.0,0.0,2.6765873,1.6155787,0.0,0.0,0.0,0.0,1.6155787,0.0,1.0989634,1.4317445,0.0,0.0,0.487963,GSE165399,PASC
CELL_0106,0.659728,0.0,1.9032571,1.8416631,0.9696066,0.0,0.0,0.83601797,1.16323,0.659728,2.5140293,0.0,0.0,0.9696066,2.165223,0.659728,0.408928,0.0,0.0,2.5913599,1.2369395,1.8550135,2.4087484,2.1287372,2.3053236,2.4937425,0.0,2.0742602,0.0,1.891898,2.6493347,2.4044063,2.5412138,0.659728,0.0,0.0,0.0,1.075842,0.0,0.83601797,0.0,2.559743,1.40465,0.0,0.0,0.0,0.0,2.4342818,0.408928,0.83601797,1.5237067,0.0,0.0,0.5025521,GSE165399,PASC
CELL_0107,0.0,0.0,2.154029,1.6773447,0.0,0.0,0.0,0.0,0.0,0.0,1.6773447,0.0,0.0,0.0,0.0,0.0,1.991502,0.0,0.0,2.25993,0.0,0.0,2.3968198,2.3369818,0.0,0.0,1.6773447,1.991502,0.0,1.991502,0.0,2.4859018,2.9335358,0.0,0.0,0.0,0.0,0.0,0.0,0.0,1.6773447,0.0,2.622858,0.0,0.0,0.0,0.0,2.907617,0.0,2.550818,0.0,0.0,0.0,0.50601315,GSE165399,PASC
CELL_0108,2.945702,0.0,0.0,0.0,0.0,0.0,0.0,0.0,2.5037348,2.2362995,0.0,0.0,2.2362995,0.0,0.0,0.0,0.0,0.0,0.0,0.0,0.0,0.0,0.0,0.0,0.0,0.0,0.0,0.0,0.0,0.0,0.0,0.0,0.0,0.0,0.0,0.0,0.0,0.0,3.0487254,0.0,0.0,0.0,2.2362995,0.0,0.0,2.2362995,2.8418612,2.5037348,2.8418612,0.0,0.0,0.0,0.0,0.48617253,GSE165399,normal
CELL_0109,0.0,0.0,2.4038785,0.0,2.0290596,0.0,0.0,0.0,2.0290596,0.0,0.0,0.0,0.0,0.0,2.137203,0.0,0.0,0.0,0.0,2.6435156,0.0,1.5464166,2.5637233,2.0290596,2.2159848,2.2159848,0.0,0.0,0.0,2.0290596,2.3683658,2.2772021,2.8131542,0.0,0.0,0.0,0.0,0.0,0.0,0.0,0.0,2.7374299,1.8635721,1.5464166,0.0,0.0,0.0,2.0290596,0.0,1.5464166,1.5464166,0.0,0.0,0.47021738,GSE165399,PASC
CELL_0110,1.0432104,0.0,2.083862,2.0794277,1.7915629,0.0,0.0,1.8260947,1.9835311,1.0432104,1.7242038,0.0,0.0,1.2362869,1.5537432,1.6760697,0.85368675,0.0,0.0,2.217037,0.0,1.3711672,2.4270303,2.1527684,1.8368077,2.3792405,1.9960207,1.9423342,0.0,2.5356965,1.7528352,2.4109297,2.7247353,1.1803163,0.0,0.33818293,0.0,0.56206715,0.0,1.8571783,0.33818293,2.720421,1.6397703,1.1166471,0.0,0.0,0.0,2.1593711,1.5772301,1.6397703,1.3711672,0.0,0.0,0.47552222,GSE165399,PASC
CELL_0111,1.2558446,0.0,2.2232351,2.4465091,2.314703,0.0,0.0,1.7570088,1.5817841,0.9197877,2.023509,0.0,0.0,0.9197877,0.0,2.1004634,0.0,0.0,0.0,2.6054015,0.0,1.2558446,2.484274,2.349758,2.418846,2.540214,2.1418438,2.1219573,0.0,2.6349301,2.5465932,2.294935,2.6778693,1.2558446,0.0,0.0,0.0,0.0,0.0,1.679908,0.0,2.7488651,1.44979,0.0,0.0,0.0,0.0,1.44979,0.0,1.2558446,1.2558446,0.0,0.0,0.49931774,GSE165399,PASC
CELL_0112,0.0,0.0,0.994442,2.173185,2.1524785,0.0,0.0,0.0,1.331517,0.0,2.0783377,0.0,0.0,0.0,1.331517,1.522393,0.994442,0.0,0.0,2.173185,0.0,0.0,2.1923437,2.0483248,1.7464827,2.3079028,1.331517,2.1053944,0.0,2.447743,2.0147195,2.1299818,2.642219,0.0,0.0,0.0,0.0,0.0,0.0,1.6511866,0.0,2.7231097,1.8819878,0.994442,0.0,0.0,0.0,1.8211503,1.331517,0.994442,0.0,0.0,0.0,0.47175393,GSE165399,PASC
CELL_0113,0.0,0.0,2.5597742,0.0,0.0,0.0,0.0,0.0,2.2874444,0.0,3.09623,0.0,0.0,0.0,2.5597742,2.5597742,0.0,0.0,0.0,3.0573227,2.2874444,2.5597742,3.0086727,2.69781,3.0777621,2.9445665,0.0,2.5597742,0.0,2.5597742,3.200664,3.1284773,3.0573227,0.0,0.0,0.0,0.0,2.2874444,0.0,0.0,0.0,3.142709,2.69781,0.0,0.0,2.2874444,0.0,2.5597742,0.0,2.5597742,2.2874444,0.0,0.0,0.49364683,GSE165399,PASC
CELL_0114,0.0,0.0,1.9899276,1.0972334,1.0972334,0.0,0.0,0.0,2.0551958,1.0972334,2.4837437,0.0,0.0,1.0972334,2.764487,0.0,0.0,0.0,0.0,2.5534387,1.0972334,2.735944,3.037856,2.1098406,1.0972334,2.3866384,0.0,1.6683943,0.0,2.1098406,1.9899276,2.599044,2.509271,0.0,0.0,0.0,0.0,1.0972334,0.0,0.0,2.3866384,2.2940683,2.1565938,3.1145098,0.0,0.0,0.0,3.0233,2.3662624,3.0848942,0.0,0.0,0.0,0.6982086,GSE165399,PASC
CELL_0115,2.3988442,0.0,0.0,0.0,0.0,0.0,0.0,0.0,0.0,2.26492,0.0,2.0023384,0.0,0.0,1.6943983,0.0,0.0,0.0,0.0,0.0,0.0,0.0,0.0,2.6731784,0.0,0.0,0.0,0.0,0.0,2.0023384,0.0,0.0,2.26492,0.0,0.0,0.0,0.0,0.0,0.0,0.0,0.0,2.0023384,1.6943983,0.0,1.6943983,0.0,0.0,2.6202362,0.0,0.0,0.0,2.3988442,2.3988442,0.17228252,GSE165399,PASC
CELL_0116,0.0,0.0,2.471665,0.0,0.0,0.0,0.0,0.0,0.0,0.0,0.0,0.0,0.0,2.0256844,0.0,0.0,2.3211584,0.0,0.0,2.3211584,0.0,0.0,2.7401903,2.0256844,2.3211584,2.0256844,2.0256844,0.0,0.0,2.471665,2.3211584,2.0256844,2.9041994,0.0,0.0,0.0,0.0,2.0256844,0.0,0.0,0.0,2.9389315,0.0,0.0,0.0,0.0,0.0,2.3211584,0.0,2.0256844,0.0,0.0,0.0,0.46198335,GSE165399,PASC
CELL_0117,1.9248657,0.0,0.0,1.9248657,0.0,0.0,0.0,0.0,0.0,0.0,0.0,2.2309299,0.0,0.0,0.0,0.0,0.0,0.0,0.0,2.2309299,0.0,0.0,0.0,0.0,0.0,1.9248657,0.0,0.0,0.0,2.2309299,2.2309299,0.0,2.5628421,0.0,0.0,1.9248657,0.0,0.0,2.2309299,0.0,0.0,0.0,0.0,0.0,0.0,0.0,1.9248657,2.3874156,3.0455818,0.0,0.0,0.0,0.0,0.36913344,GSE165399,PASC
CELL_0118,2.1571398,0.0,0.0,0.0,0.0,2.0495954,0.0,0.0,0.0,2.296326,0.0,1.5688071,0.0,0.0,0.0,0.0,0.0,0.0,0.0,0.0,0.0,0.0,0.0,2.6373737,0.0,0.0,0.0,0.0,0.0,0.0,0.0,0.0,1.5688071,0.0,1.5688071,1.5688071,0.0,0.0,0.0,0.0,0.0,0.0,0.0,0.0,0.0,0.0,1.5688071,1.5688071,1.8849317,0.0,0.0,0.0,1.5688071,0.12335334,GSE165399,normal
CELL_0119,1.7739301,0.0,0.0,0.0,0.0,0.0,0.0,0.0,0.0,1.7739301,0.0,2.2659192,0.0,0.0,0.0,0.0,0.0,0.0,0.0,1.7739301,0.0,0.0,1.7739301,0.0,0.0,1.7739301,0.0,0.0,0.0,0.0,1.7739301,2.4539275,2.7003334,0.0,1.7739301,1.7739301,0.0,0.0,2.2659192,0.0,0.0,1.7739301,0.0,0.0,0.0,0.0,0.0,2.0985093,3.3576896,0.0,0.0,0.0,0.0,0.35142374,GSE165399,PASC
CELL_0120,0.9751304,0.0,0.0,0.0,0.0,0.0,0.0,0.0,0.0,1.6645098,0.9751304,0.0,0.9751304,0.0,0.9751304,0.9751304,0.0,0.0,0.0,0.0,0.0,0.0,0.9751304,0.0,0.0,0.0,0.0,1.6645098,0.0,1.6645098,0.0,0.9751304,0.9751304,0.9751304,1.3258065,0.0,0.0,0.0,0.0,0.0,0.0,0.0,1.6645098,0.0,0.0,0.0,1.6645098,0.9751304,2.9730103,0.0,0.0,0.0,0.0,0.38061845,GSE165399,normal
CELL_0121,2.0959308,0.0,0.0,0.0,0.0,0.0,0.0,0.0,0.0,2.3892694,0.0,0.0,0.0,0.0,0.0,0.0,0.0,0.0,0.0,0.0,0.0,0.0,0.0,0.0,0.0,0.0,0.0,2.0959308,0.0,0.0,0.0,0.0,2.0959308,0.0,0.0,0.0,2.0959308,0.0,0.0,0.0,0.0,0.0,2.0959308,0.0,0.0,0.0,0.0,0.0,3.1671553,0.0,0.0,0.0,0.0,0.33091903,GSE165399,normal
CELL_0122,1.1341379,0.0,1.3226624,1.763991,1.763991,0.0,0.0,0.53158057,1.1341379,1.6880286,2.1113684,0.0,0.0,0.8139873,0.8139873,1.7857522,0.8139873,0.0,0.0,1.6254984,1.3226624,0.0,2.255789,2.1526625,1.8430731,2.15802,1.5893581,2.098154,0.0,2.5474453,1.238473,1.39267,2.536336,0.0,0.0,0.0,0.0,0.0,0.0,0.99932545,0.0,2.5649707,1.5893581,0.99932545,0.0,0.0,0.0,1.763991,0.53158057,1.238473,0.53158057,0.0,0.0,0.47233436,GSE165399,PASC
CELL_0123,0.0,0.0,1.9608496,2.4922223,2.2493696,0.0,0.0,1.6259806,2.2493696,0.0,2.3322535,0.0,0.0,0.0,1.9608496,0.0,0.0,0.0,0.0,2.8627343,0.0,0.0,2.8387158,2.4486914,2.7907543,2.5903654,0.0,1.9608496,0.0,0.0,2.7907543,2.2493696,2.9260979,1.9608496,0.0,0.0,0.0,2.3322535,0.0,1.6259806,0.0,3.051317,2.1354392,1.6259806,0.0,0.0,0.0,0.0,0.0,1.6259806,2.3965786,0.0,0.0,0.49236152,GSE165399,PASC
CELL_0124,0.0,0.0,0.0,0.0,0.0,0.0,0.0,0.0,0.0,0.0,0.0,0.0,0.0,0.0,0.0,0.0,0.0,0.0,0.0,0.0,0.0,0.0,0.0,0.0,0.0,0.0,0.0,0.0,0.0,0.0,0.0,0.0,2.9684563,0.0,0.0,0.0,0.0,0.0,0.0,0.0,0.0,0.0,0.0,0.0,0.0,0.0,0.0,0.0,3.8343852,0.0,0.0,0.0,2.9684563,0.4614992,GSE165399,normal
CELL_0125,0.46386588,0.0,1.8286031,1.8286031,1.4678264,0.0,0.0,0.73702824,1.5631435,1.2687296,1.345197,0.0,0.0,0.92533773,1.2687296,1.345197,0.73702824,0.0,0.0,2.0482965,0.46386588,1.0663874,2.4022958,2.058608,1.8286031,2.291217,1.345197,1.8286031,0.0,2.4709733,1.345197,2.7346766,2.8505344,0.46386588,0.0,0.0,0.0,0.46386588,0.0,1.6403035,0.0,2.543499,1.6738287,0.92533773,0.0,0.0,0.0,1.7046304,0.46386588,0.92533773,1.5182037,0.0,0.0,0.46747947,GSE165399,PASC
CELL_0126,1.2040209,0.0,1.7202482,1.2040209,0.0,0.0,0.0,0.0,0.0,0.0,2.3549838,0.0,0.0,1.8408073,1.5384655,0.0,0.0,0.0,0.0,2.7836678,2.1759074,1.5384655,2.321094,2.5790155,2.397941,1.9292179,0.0,1.2040209,0.0,1.2040209,2.5843658,1.8408073,2.3702276,1.2040209,0.0,0.0,0.0,0.0,0.0,0.0,0.0,2.5154698,1.8408073,1.9292179,0.0,0.0,0.0,1.7202482,0.0,0.0,1.7202482,0.0,0.0,0.51278836,GSE165399,PASC
CELL_0127,1.073732,0.0,1.8004196,0.0,0.7605491,0.0,0.0,0.7605491,1.2607065,1.765228,1.5639559,0.0,0.0,0.7605491,1.4871733,0.0,0.0,0.0,0.0,0.7605491,0.0,1.2607065,1.951761,2.1938984,1.8861418,1.8861418,0.7605491,0.7605491,0.0,1.073732,2.3568952,1.4871733,2.0344012,1.073732,0.0,0.0,0.0,0.0,0.7605491,0.7605491,1.2607065,1.9705168,2.2450786,0.7605491,0.0,0.0,0.0,2.1790059,0.7605491,1.909801,1.6799083,0.0,0.0,0.51393574,GSE165399,PASC
CELL_0128,2.44121,0.0,2.0209887,0.0,0.0,0.0,2.5333834,0.0,0.0,2.2993898,0.0,0.0,0.0,0.0,0.0,0.0,0.0,0.0,0.0,2.2993898,0.0,0.0,0.0,0.0,0.0,2.0209887,0.0,2.2993898,0.0,2.44121,0.0,0.0,2.0209887,0.0,2.0209887,0.0,2.0209887,0.0,0.0,0.0,0.0,0.0,2.0209887,0.0,2.2993898,0.0,2.0209887,0.0,0.0,2.0209887,0.0,0.0,2.44121,0.2008499,GSE165399,PASC
CELL_0129,2.3528018,0.0,0.0,1.8779137,0.0,0.0,0.0,0.0,0.0,1.8779137,0.0,0.0,1.8779137,0.0,1.8779137,0.0,0.0,0.0,0.0,1.8779137,0.0,0.0,0.0,0.0,0.0,1.8779137,0.0,0.0,0.0,1.8779137,0.0,0.0,1.8779137,0.0,0.0,2.1918707,0.0,0.0,0.0,0.0,0.0,0.0,0.0,0.0,0.0,0.0,0.0,1.8779137,3.116448,0.0,0.0,0.0,0.0,0.40941712,GSE165399,PASC
CELL_0130,2.308191,0.0,0.0,0.0,0.0,0.0,1.849344,0.0,0.0,1.849344,0.0,0.0,2.1527016,0.0,1.849344,0.0,0.0,0.0,0.0,2.308191,0.0,0.0,0.0,1.849344,0.0,0.0,0.0,0.0,0.0,1.849344,1.849344,1.849344,2.409254,2.308191,0.0,0.0,0.0,0.0,1.849344,0.0,0.0,2.1527016,0.0,0.0,0.0,0.0,0.0,2.308191,2.9939947,1.849344,2.308191,0.0,0.0,0.40175825,GSE165399,PASC
CELL_0131,0.70176756,0.0,1.7549086,2.1150956,1.7357017,0.0,0.0,1.2061431,0.88066757,0.44180426,2.0756211,0.0,0.0,0.0,1.2785051,1.9980352,0.0,0.0,0.0,2.368249,0.88066757,0.0,2.170866,2.056633,2.0694458,2.4136624,2.0361474,2.0431554,0.0,2.5199745,1.3944931,1.3944931,2.6152806,1.1199403,0.0,0.0,0.0,1.0144731,0.0,1.2785051,0.0,2.6832743,1.5575777,0.44180426,0.0,0.0,0.0,1.9536872,0.44180426,1.1199403,0.0,0.0,0.0,0.48927426,GSE165399,PASC
CELL_0132,2.0141191,0.0,0.0,0.0,0.0,0.0,0.0,0.0,0.0,1.003067,1.003067,1.527385,0.0,1.003067,0.0,0.0,0.0,0.0,0.0,1.338237,0.0,0.0,1.338237,1.6548271,0.0,1.003067,1.003067,0.0,0.0,1.6548271,1.338237,1.6548271,2.0769765,0.0,1.8228562,1.003067,0.0,1.003067,1.7490549,0.0,0.0,1.003067,1.338237,0.0,0.0,0.0,1.338237,1.6548271,2.6258268,1.338237,0.0,0.0,1.527385,0.120567635,GSE165399,PASC
CELL_0133,1.1525214,0.0,2.1686134,1.9345939,1.9900455,0.0,0.0,0.0,1.4806734,1.6598471,2.236038,0.0,0.0,0.0,1.1525214,1.1525214,1.6598471,0.0,0.0,0.0,1.1525214,0.0,1.9345939,2.076189,1.1525214,2.076189,2.215573,1.8663703,0.0,2.5411284,1.1525214,1.4806734,2.3437974,0.0,0.0,0.0,0.0,1.4806734,0.0,1.1525214,0.0,2.1932132,2.1107836,0.0,0.0,0.0,0.0,1.7789297,0.0,1.1525214,0.0,0.0,0.0,0.42081094,GSE165399,PASC
CELL_0134,1.697951,0.0,1.697951,2.5497365,0.0,0.0,0.0,1.697951,1.697951,0.0,2.179714,0.0,0.0,0.0,2.424853,1.697951,0.0,0.0,0.0,2.8064568,2.0155065,0.0,2.58021,2.364458,2.2866669,2.6725647,0.0,1.697951,0.0,2.7503898,2.60712,2.514735,3.121398,0.0,0.0,0.0,0.0,0.0,0.0,0.0,0.0,2.9089534,1.697951,1.697951,0.0,0.0,0.0,2.0155065,0.0,1.697951,0.0,0.0,0.0,0.50681525,GSE165399,PASC
CELL_0135,0.0,0.0,2.6818726,0.0,0.0,0.0,0.0,0.0,0.0,2.1719158,3.1309366,0.0,0.0,0.0,2.4494612,0.0,0.0,0.0,0.0,3.2485943,0.0,2.1719158,2.7484431,2.8002036,2.1719158,2.4494612,0.0,2.5903802,0.0,2.1719158,3.0701044,0.0,2.8422391,0.0,0.0,0.0,0.0,0.0,0.0,0.0,0.0,2.8422391,2.8422391,2.4494612,0.0,0.0,0.0,2.4494612,0.0,0.0,2.1719158,0.0,0.0,0.52636373,GSE165399,PASC
CELL_0136,0.0,0.0,0.0,0.0,0.0,0.0,0.0,0.0,0.0,0.0,0.0,0.0,0.0,0.0,0.0,2.0671422,0.0,0.0,0.0,0.0,0.0,0.0,2.0671422,2.0671422,0.0,2.0671422,0.0,0.0,0.0,2.483442,0.0,0.0,2.343039,0.0,0.0,0.0,0.0,0.0,0.0,0.0,0.0,2.343039,0.0,0.0,0.0,0.0,0.0,2.5746837,0.0,0.0,0.0,0.0,0.0,0.3652556,GSE165399,PASC
CELL_0137,2.3835797,0.0,0.0,0.0,0.0,0.0,0.0,0.0,0.0,0.0,0.0,1.8553399,0.0,0.0,1.8553399,0.0,0.0,0.0,0.0,0.0,0.0,0.0,1.8553399,2.1416693,0.0,0.0,0.0,1.8553399,0.0,0.0,0.0,0.0,2.4529889,0.0,0.0,0.0,0.0,0.0,2.6188705,0.0,0.0,1.8553399,0.0,0.0,0.0,0.0,2.1416693,1.8553399,2.1416693,1.8553399,2.1416693,0.0,0.0,0.4079041,GSE165399,PASC
CELL_0138,1.6312541,0.0,2.043259,2.201682,2.0643559,0.0,0.0,1.2170389,1.6312541,1.2170389,2.1020288,0.0,0.0,1.5353117,1.2170389,1.2170389,1.7066854,0.0,0.0,2.4206817,1.2170389,0.0,2.201682,2.201682,2.244232,2.3619764,2.2343047,2.0643559,0.0,2.54458,2.043259,1.5353117,2.6160944,0.8895755,0.0,0.0,0.0,1.4063468,0.0,1.8200101,0.0,2.5908973,1.5353117,0.0,0.0,0.0,0.0,1.5353117,0.8895755,1.7682874,1.6312541,0.0,0.0,0.4803931,GSE165399,PASC
CELL_0139,0.0,0.0,2.3627193,1.0390763,0.0,0.0,0.0,1.9157265,0.0,1.9157265,1.3751919,0.0,0.0,1.3751919,1.7832592,0.0,1.0390763,0.0,0.0,2.0453124,0.0,1.6899282,2.6229105,2.5331604,1.3751919,2.0781078,1.0390763,1.0390763,0.0,1.7832592,2.4851296,2.3314679,2.3200068,1.5634781,0.0,0.0,0.0,1.6899282,0.0,1.8562816,2.0081718,1.8562816,2.3900976,1.5634781,0.0,0.0,0.0,2.1577907,1.0390763,2.35278,0.0,0.0,0.0,0.78967696,GSE165399,PASC
CELL_0140,2.6349168,0.0,0.0,0.0,0.0,0.0,0.0,0.0,2.2044952,0.0,0.0,1.9024347,0.0,0.0,0.0,0.0,0.0,0.0,0.0,1.9024347,0.0,0.0,2.7348788,2.6733432,0.0,0.0,0.0,0.0,0.0,2.3590033,0.0,2.2044952,2.588973,1.9024347,0.0,1.9024347,0.0,0.0,0.0,0.0,0.0,2.3590033,0.0,0.0,0.0,0.0,0.0,2.4593673,2.8218293,0.0,0.0,0.0,0.0,0.23463479,GSE165399,PASC
CELL_0141,0.0,0.0,0.0,0.0,0.0,0.0,0.0,0.0,1.6905806,1.3605235,2.6379118,0.0,0.0,1.3605235,1.3605235,0.0,1.3605235,0.0,0.0,2.5664055,1.9817572,2.54634,2.401249,1.8662189,2.401249,2.54634,0.0,1.6905806,0.0,1.9817572,2.8048844,2.267706,2.499264,1.3605235,0.0,0.0,0.0,0.0,1.3605235,1.3605235,2.0661542,2.420853,2.2296145,2.644454,0.0,0.0,0.0,2.6092734,0.0,2.935736,0.0,0.0,0.0,0.55014426,GSE165399,PASC
CELL_0142,1.9772164,0.0,1.585875,1.248791,1.248791,0.0,0.0,0.0,0.0,0.0,0.0,0.0,0.0,0.0,1.7681862,0.0,0.0,0.0,0.0,2.5899017,0.0,2.1487014,2.444903,2.1886847,1.8888391,2.2816243,1.7681862,2.0460606,0.0,2.4575284,1.7681862,2.3063436,2.7803116,1.248791,0.0,0.0,0.0,0.0,0.0,0.0,0.0,2.1487014,1.7681862,1.7681862,0.0,0.0,0.0,2.0460606,0.0,1.248791,1.248791,0.0,0.0,0.48879263,GSE165399,PASC
CELL_0143,1.7665663,0.0,1.9615498,2.3266954,1.9615498,0.0,0.0,0.0,0.0,0.0,1.9615498,0.0,0.0,1.5958278,1.5958278,1.7665663,0.0,0.0,0.0,2.025715,0.0,1.2765629,2.1214242,1.5958278,2.2199314,2.1912327,1.7665663,1.5958278,0.0,2.2455695,1.7665663,1.8791649,2.6818166,0.0,0.0,0.0,0.0,1.2765629,0.0,0.0,0.0,2.4323063,1.2765629,0.0,0.0,0.0,0.0,0.0,1.2765629,1.2765629,1.8791649,1.2765629,0.0,0.46030235,GSE165399,PASC
CELL_0144,0.0,0.0,2.616746,0.0,0.0,0.0,0.0,0.0,0.0,0.0,2.381679,0.0,0.0,0.0,2.1013675,0.0,0.0,0.0,0.0,0.0,0.0,0.0,0.0,2.616746,0.0,2.1013675,0.0,0.0,0.0,0.0,2.9525163,2.7364337,2.616746,0.0,0.0,0.0,0.0,2.1013675,0.0,0.0,0.0,0.0,2.381679,2.616746,0.0,0.0,0.0,2.6840835,0.0,3.1159604,0.0,0.0,2.1013675,0.5119129,GSE165399,PASC
CELL_0145,1.8795136,0.0,0.0,0.0,0.0,0.0,0.0,0.0,0.0,0.0,2.4389045,0.0,0.0,0.0,0.0,0.0,2.5691772,0.0,0.0,2.1827683,0.0,0.0,0.0,1.8795136,1.8795136,2.1827683,0.0,0.0,0.0,2.653976,0.0,0.0,3.1196752,0.0,0.0,0.0,0.0,0.0,0.0,0.0,0.0,1.8795136,2.8202956,0.0,0.0,0.0,0.0,0.0,0.0,1.8795136,1.8795136,0.0,0.0,0.42781222,GSE165399,PASC
CELL_0146,2.479783,0.0,0.0,0.0,0.0,0.0,0.0,0.0,1.8002646,2.4234996,0.0,1.8002646,0.0,0.0,0.0,0.0,0.0,0.0,0.0,0.0,0.0,0.0,0.0,2.0984406,0.0,0.0,0.0,0.0,0.0,1.8002646,0.0,0.0,1.8002646,2.0984406,0.0,0.0,0.0,0.0,2.4234996,0.0,0.0,0.0,0.0,0.0,0.0,1.8002646,2.3510587,2.479783,2.7845018,0.0,2.2514913,0.0,0.0,0.49798065,GSE165399,normal
CELL_0147,0.0,0.0,1.881542,2.5684807,1.881542,0.0,0.0,0.0,2.4387197,0.0,2.183619,0.0,0.0,0.0,0.0,2.5684807,0.0,0.0,0.0,2.801638,0.0,0.0,2.8625062,2.183619,0.0,2.183619,2.183619,2.4387197,0.0,2.7399225,2.5684807,1.881542,3.0796394,0.0,0.0,0.0,0.0,2.183619,0.0,1.881542,0.0,3.170536,1.881542,0.0,0.0,0.0,0.0,2.6144826,0.0,0.0,2.5117607,0.0,0.0,0.49721578,GSE165399,PASC
CELL_0148,0.0,0.0,2.3220913,0.0,0.0,0.0,0.0,0.0,2.3220913,0.0,0.0,0.0,0.0,0.0,0.0,0.0,0.0,0.0,0.0,2.724232,0.0,0.0,2.9908593,0.0,2.6282184,2.6812096,2.3220913,2.038757,0.0,2.560048,0.0,0.0,2.760252,0.0,0.0,0.0,0.0,2.038757,0.0,2.724232,0.0,2.86309,2.038757,0.0,0.0,0.0,0.0,2.760252,0.0,2.3220913,0.0,0.0,0.0,0.5137438,GSE165399,PASC
CELL_0149,1.1397527,0.0,1.7963316,1.9823613,2.055907,0.0,0.0,0.0,1.6288303,0.0,1.9988166,0.0,0.45921382,0.0,0.72291124,1.6550865,0.72291124,0.0,0.0,2.150477,0.0,0.9022056,1.8415649,1.915332,1.915332,2.2618768,1.9042816,1.8927827,0.0,2.4108195,0.72291124,1.7796211,2.665541,0.45921382,0.0,0.0,0.0,0.72291124,0.0,1.9259641,0.0,2.5456247,1.1397527,0.45921382,0.0,0.0,0.0,1.6288303,0.45921382,0.72291124,0.45921382,0.0,0.0,0.47978905,GSE165399,PASC
CELL_0150,0.0,0.0,2.3273075,0.0,0.0,0.0,0.0,1.5712812,2.182535,0.0,2.907955,0.0,0.0,1.5712812,2.0706093,0.0,0.0,0.0,0.0,2.7362225,0.0,2.565986,2.6809564,2.3786013,2.6389222,2.5865955,0.0,2.3786013,0.0,2.264025,2.9883237,2.9001515,2.9117284,0.0,0.0,0.0,0.0,0.0,0.0,1.5712812,2.653884,2.4581163,1.8992817,0.0,0.0,0.0,0.0,2.922574,0.0,2.922574,0.0,0.0,0.0,0.58422524,GSE165399,PASC
CELL_0151,1.6774946,0.0,1.9895345,0.0,0.0,0.0,0.0,0.0,2.874756,0.0,2.2560515,0.0,0.0,0.0,2.1509035,0.0,0.0,0.0,0.0,2.3325624,1.6774946,1.6774946,2.699535,2.3919873,2.1509035,2.4401758,1.9895345,0.0,0.0,1.9895345,2.699535,1.9895345,2.5149405,0.0,0.0,0.0,0.0,0.0,0.0,0.0,0.0,2.4401758,2.595169,1.6774946,0.0,0.0,0.0,2.635986,1.6774946,1.6774946,2.4401758,0.0,0.0,0.55323005,GSE165399,PASC
CELL_0152,0.0,0.0,1.748995,2.0292554,1.9182554,0.0,0.0,0.0,1.4278963,0.0,2.2243123,0.0,0.0,1.9182554,0.0,1.4278963,1.4278963,0.0,0.0,2.7779076,0.0,2.0292554,2.303588,1.9182554,2.6083868,2.6660717,0.0,2.2243123,0.0,2.303588,2.411248,2.450674,2.678091,0.0,0.0,0.0,0.0,0.0,0.0,1.4278963,0.0,2.678091,0.0,1.4278963,0.0,0.0,0.0,1.748995,0.0,0.0,0.0,0.0,0.0,0.48783568,GSE165399,PASC
CELL_0153,0.0,0.0,0.0,0.0,0.0,0.0,0.0,2.169689,2.3286233,2.3286233,0.0,0.0,0.0,0.0,0.0,1.859702,0.0,0.0,0.0,2.169689,0.0,2.169689,2.169689,2.9517787,1.859702,1.859702,0.0,1.859702,0.0,2.169689,0.0,0.0,2.3286233,2.169689,0.0,0.0,0.0,0.0,0.0,0.0,1.859702,2.5069273,0.0,0.0,0.0,0.0,0.0,2.169689,0.0,2.5651758,0.0,0.0,0.0,0.95098346,GSE165399,PASC
CELL_0154,0.0,0.0,1.4463683,1.4463683,1.4463683,0.0,0.0,1.5265045,0.0,1.0209616,1.8896948,0.0,0.0,1.0209616,0.0,1.9536229,1.5265045,0.0,0.0,1.4463683,0.0,1.34544,1.8896948,0.70842046,2.035349,2.210272,2.020879,1.34544,0.0,2.1083748,2.08629,1.0209616,2.2236526,1.2118592,0.0,0.0,0.0,1.0209616,0.0,1.0209616,0.0,2.5182726,1.2118592,1.0209616,0.0,0.0,0.0,2.1381922,1.5923841,1.6957734,0.0,0.0,0.0,0.45466912,GSE165399,PASC
CELL_0155,1.7398505,0.0,0.0,0.0,0.0,0.0,0.0,0.0,0.0,1.7398505,0.0,1.7398505,0.0,0.0,0.0,0.0,1.7398505,0.0,0.0,1.7398505,0.0,0.0,1.7398505,1.7398505,0.0,1.7398505,0.0,0.0,0.0,1.7398505,0.0,0.0,2.39608,2.092834,0.0,1.7398505,0.0,0.0,0.0,0.0,0.0,1.7398505,2.092834,0.0,0.0,0.0,0.0,2.092834,3.3957894,1.7398505,0.0,0.0,0.0,0.49289617,GSE165399,PASC
CELL_0156,1.0834475,0.0,1.8408682,0.3660698,0.207166,0.0,0.207166,0.207166,1.8561096,1.7898524,2.4367805,0.207166,0.0,0.49366462,1.1556958,0.49366462,1.6337008,0.0,0.0,2.338048,0.49366462,2.033656,2.579649,1.9182572,2.2279844,1.743343,0.68920577,1.7836183,0.0,1.4219075,1.6972202,1.897574,2.2934995,0.68920577,0.0,0.0,0.0,0.207166,0.0,0.8952038,0.207166,2.4059863,1.6435425,0.5994357,0.0,0.0,0.0,2.430834,0.5994357,0.9493067,1.1209737,0.0,0.0,0.463944,GSE165399,PASC
CELL_0157,0.0,0.0,2.1308937,2.4271183,1.9818968,0.0,0.0,0.0,2.1586092,0.0,1.86716,0.0,0.0,1.3644537,2.1308937,0.0,1.5604348,0.0,0.0,2.6269655,1.3644537,1.01861,2.6336994,2.2280185,2.571896,2.4958842,2.065701,1.9818968,0.0,2.065701,2.3984962,1.692684,2.6433747,1.5604348,0.0,0.0,0.0,1.5604348,0.0,1.01861,0.0,2.8111076,1.5604348,0.0,0.0,0.0,0.0,1.3644537,0.0,1.01861,2.1586092,0.0,0.0,0.43842962,GSE165399,PASC
CELL_0158,0.0,0.0,2.5396466,1.7360362,1.7360362,0.0,0.0,0.0,2.210501,0.0,0.0,0.0,0.0,0.0,2.04907,0.0,2.6040072,0.0,0.0,2.7126029,0.0,1.7360362,2.836001,2.6040072,2.210501,2.210501,0.0,2.04907,0.0,0.0,2.3155768,2.6754377,2.6040072,0.0,0.0,0.0,0.0,0.0,0.0,1.7360362,0.0,2.3155768,2.9040523,0.0,0.0,0.0,0.0,2.6948364,0.0,2.49943,1.7360362,0.0,0.0,0.53638476,GSE165399,PASC
CELL_0159,0.0,0.0,1.6557144,2.0598688,1.8562258,0.0,0.0,0.0,1.3509122,0.83624107,2.161887,0.0,0.0,0.0,1.9506192,1.3509122,0.0,0.0,0.0,2.108735,0.0,0.83624107,2.2584872,1.3509122,2.2737262,2.2809706,0.83624107,1.9997038,0.0,1.8911846,2.3013716,1.1606327,2.3815134,0.83624107,0.0,0.0,0.0,1.4814279,0.0,0.0,0.83624107,2.3580554,1.4814279,0.83624107,0.0,0.0,0.0,2.161887,0.0,0.0,0.0,0.0,0.0,0.5155625,GSE165399,PASC
CELL_0160,2.048163,0.0,2.048163,2.7186444,2.048163,0.0,0.0,0.0,0.0,0.0,0.0,0.0,0.0,0.0,0.0,0.0,2.048163,0.0,0.0,2.9066138,2.6246061,0.0,2.6764965,0.0,2.8339248,2.7841976,2.325194,0.0,0.0,2.325194,2.048163,2.048163,3.0081816,0.0,0.0,0.0,0.0,0.0,0.0,0.0,0.0,2.9589074,0.0,0.0,0.0,0.0,0.0,0.0,2.048163,0.0,2.048163,0.0,0.0,0.48764306,GSE165399,PASC
CELL_0161,0.8497709,0.0,2.199623,2.4163084,2.1820767,0.0,0.0,2.285985,1.7255791,0.8497709,2.1216483,0.0,0.0,0.0,1.3964479,2.199623,0.0,0.0,0.0,2.2316434,0.0,0.0,2.2602262,2.0729046,1.8509059,2.297956,2.3203216,1.9000393,0.0,2.7229183,1.192672,2.1633396,2.9416847,0.8497709,0.0,0.0,0.0,0.8497709,0.0,1.980784,0.0,2.7605345,1.192672,0.0,0.0,0.0,0.0,2.0451617,0.8497709,0.0,1.9429001,0.0,0.0,0.47233102,GSE165399,PASC
CELL_0162,1.6293316,0.0,1.9301287,1.6293316,1.6293316,0.0,0.0,0.0,1.6293316,0.0,1.6293316,0.0,0.0,0.0,0.89647144,0.0,1.2210767,0.0,0.0,2.2414255,0.89647144,2.0343707,2.2120805,2.1391058,1.7640786,1.896534,1.7640786,1.7640786,0.0,1.4079007,1.9872258,1.6293316,2.4838727,1.4079007,0.0,0.0,0.0,0.0,0.0,1.7035145,0.0,2.3837361,0.89647144,0.0,0.0,0.0,0.0,1.8585198,0.89647144,2.0743115,0.0,0.0,0.0,0.56042635,GSE165399,PASC
CELL_0163,0.0,0.0,1.7924253,1.9979244,1.9979244,0.0,0.0,0.0,1.9110848,1.2788202,2.0655422,0.0,0.0,0.0,1.6127709,1.6127709,0.0,0.0,0.0,2.4814513,0.0,0.0,2.2968652,2.2968652,2.3992038,2.3634055,1.9110848,2.1663325,0.0,2.623937,2.2055936,1.6127709,2.8549607,0.0,0.0,0.0,0.0,0.0,0.0,1.6127709,0.0,2.7469144,1.7924253,1.2788202,0.0,0.0,0.0,2.2397668,0.0,1.2788202,1.2788202,0.0,0.0,0.48699394,GSE165399,PASC
CELL_0164,0.7961254,0.0,0.0,0.7961254,0.0,0.0,0.0,0.0,0.0,1.9023175,1.4645587,1.5681633,0.7961254,0.0,0.0,0.0,0.0,0.0,0.0,0.0,0.0,0.0,0.0,1.7172872,0.0,0.0,0.0,1.5681633,0.0,1.7172872,0.0,0.0,2.083285,0.7961254,1.4645587,0.7961254,1.1277466,1.1277466,1.3266553,0.0,0.0,0.0,0.0,0.0,0.0,0.0,1.3266553,1.1277466,2.8156943,0.0,0.0,0.7961254,0.0,0.19511811,GSE165399,normal
CELL_0165,0.6144248,0.0,1.820046,1.976295,1.770102,0.0,0.0,0.6144248,1.1008443,1.1008443,1.9483261,0.0,0.0,0.0,1.6376667,1.3376244,1.3376244,0.0,0.0,2.4463944,0.6144248,1.3376244,2.4463944,2.1164863,2.3266747,2.460437,1.5447872,1.9626707,0.0,1.9171788,2.2250624,1.9001983,2.4312093,1.1008443,0.0,0.0,0.0,1.1008443,0.0,1.4874079,0.0,2.618295,0.0,0.0,0.0,0.0,0.0,1.9626707,0.0,1.1008443,0.6144248,0.0,0.0,0.48017284,GSE165399,PASC
CELL_0166,0.0,0.0,2.0080416,2.1123478,1.8484219,0.0,0.0,0.0,2.24747,0.0,0.0,0.0,0.0,0.0,1.5418735,2.0080416,2.4498641,0.0,0.0,2.0080416,0.0,0.0,2.4905689,2.1123478,1.8484219,2.24747,2.0080416,1.5418735,0.0,2.4498641,0.0,1.5418735,2.4262424,0.0,0.0,0.0,0.0,0.0,0.0,2.0080416,0.0,2.4262424,0.0,0.0,0.0,0.0,0.0,1.5418735,0.0,1.8484219,0.0,0.0,0.0,0.41101754,GSE165399,PASC
CELL_0167,0.0,0.0,0.0,2.6049483,2.7492235,0.0,0.0,0.0,0.0,2.3199058,2.6049483,0.0,0.0,0.0,0.0,0.0,0.0,0.0,0.0,2.8427348,0.0,0.0,2.8427348,2.3199058,0.0,2.8427348,0.0,2.6049483,0.0,0.0,2.9634914,0.0,2.8427348,0.0,0.0,0.0,0.0,0.0,0.0,0.0,0.0,2.6049483,3.163693,0.0,0.0,0.0,0.0,3.1811094,0.0,0.0,0.0,0.0,0.0,0.5018825,GSE165399,PASC
CELL_0168,0.0,0.0,1.522022,1.8343735,0.0,0.0,0.0,0.0,1.1796423,1.7096041,2.3125095,0.0,1.1796423,0.0,1.9259862,1.1796423,0.0,0.0,0.0,1.9259862,0.0,0.0,1.522022,2.2136729,0.0,2.1456003,2.1456003,1.9259862,0.0,2.6603422,1.7096041,2.0554893,2.9745307,0.0,0.0,0.0,0.0,0.0,0.0,1.1796423,0.0,2.7846458,1.7096041,1.1796423,0.0,0.0,0.0,2.5479593,1.1796423,0.0,0.0,0.0,0.0,0.49091542,GSE165399,PASC
CELL_0169,1.16491,0.0,2.017639,1.0803338,0.0,0.0,0.0,0.67229825,1.2969918,1.7408823,1.4389716,0.0,0.0,0.42103586,0.84635705,1.2360075,0.0,0.0,0.0,1.2360075,0.0,0.84635705,1.16491,1.6667904,0.67229825,1.2969918,0.9770507,1.5109564,0.0,1.9983276,1.977464,1.5109564,2.2912147,0.42103586,0.0,0.0,0.0,0.67229825,0.0,0.0,0.0,1.4767047,2.2302935,1.4389716,0.0,0.0,0.0,1.5710285,0.42103586,1.16491,0.0,0.42103586,0.42103586,0.43560025,GSE165399,PASC
CELL_0170,1.2687607,0.0,1.9880245,1.4103336,0.0,0.0,0.0,0.7380463,1.0669274,0.7380463,2.638096,0.0,0.0,1.7315056,1.6724857,0.0,0.0,0.0,0.0,2.50416,0.0,2.2407212,2.6278124,1.0669274,1.9327816,2.012334,0.7380463,1.8266572,0.0,0.7380463,2.8263328,2.8413846,2.9912567,0.7380463,0.0,0.0,0.0,0.7380463,0.0,0.7380463,0.0,2.0752575,2.1835387,1.7822825,0.0,0.0,0.0,2.649422,0.0,1.7822825,0.0,0.0,0.0,0.49675235,GSE165399,PASC
CELL_0171,0.5452286,0.0,1.9150883,2.2051325,1.9896526,0.0,0.0,0.5452286,1.7658502,0.5452286,1.8791491,0.0,0.5452286,0.0,0.8356199,1.2732701,0.5452286,0.0,0.0,2.596769,0.0,0.5452286,2.4647362,2.2962532,2.257419,2.4718323,1.5473032,2.0790594,0.0,2.1062467,2.4205103,2.2109013,2.611456,0.0,0.0,0.0,0.0,1.2732701,0.0,1.8384959,0.0,2.654618,1.4325092,0.5452286,0.0,0.0,0.0,1.6730248,0.0,0.5452286,1.6730248,0.0,0.0,0.47971466,GSE165399,PASC
CELL_0172,0.0,0.0,1.3540816,1.826297,1.5388951,0.0,0.0,0.0,1.826297,0.0,1.7546082,0.0,0.0,0.0,2.0442004,1.3540816,1.826297,0.0,0.0,2.2577496,0.0,0.0,2.4746666,1.6629993,2.3512032,2.342582,0.0,1.7546082,0.0,1.884669,2.144131,1.884669,2.552786,0.0,0.0,0.0,0.0,1.0239166,0.0,0.0,0.0,2.5701413,1.3540816,0.0,0.0,0.0,0.0,2.12254,0.0,0.0,0.0,0.0,0.0,0.49635318,GSE165399,PASC
CELL_0173,1.8436918,0.0,0.0,0.0,0.0,1.8436918,0.0,0.0,0.0,0.95997524,0.95997524,0.95997524,0.0,0.0,0.0,0.0,0.0,0.0,0.0,0.0,0.0,0.0,0.0,0.95997524,0.0,0.0,1.4838965,0.95997524,0.0,1.293739,0.0,0.95997524,1.7827127,0.0,1.4838965,0.95997524,0.0,1.6125662,0.0,0.0,0.0,0.0,0.95997524,0.0,0.0,0.0,1.4838965,0.0,2.5536273,0.0,0.95997524,0.0,0.0,0.0,GSE165399,normal
CELL_0174,1.4390378,0.0,1.4782298,1.984752,1.5763469,0.0,0.0,1.228976,0.406286,0.406286,1.8158649,0.0,0.0,1.068941,1.5138365,1.8679138,1.228976,0.0,0.0,2.2906969,1.7534055,1.4782298,1.9018084,1.9508234,1.8429912,1.735701,1.676127,1.9508234,0.0,2.4481616,2.0609064,1.6297379,2.4800441,0.406286,0.0,0.0,0.0,0.8306718,0.0,0.0,0.0,2.4916134,1.4390378,0.0,0.0,0.0,0.0,1.5138365,0.406286,0.96339864,1.1557541,0.0,0.0,0.48379472,GSE165399,PASC
CELL_0175,1.4991764,0.0,1.6744502,2.0417225,2.20569,0.0,0.0,1.7376069,1.3678298,0.0,1.597215,0.0,0.0,1.7376069,0.84889823,1.3678298,0.84889823,0.0,0.0,2.482775,0.0,0.84889823,2.4202225,2.1705456,2.4160933,2.1141632,2.1705456,1.7906805,0.0,2.2797668,2.2717133,1.9707515,2.502518,0.84889823,0.0,0.0,0.0,0.84889823,0.0,0.84889823,0.0,2.596765,0.84889823,0.0,0.0,0.0,0.0,1.597215,0.0,0.84889823,1.6744502,0.0,0.0,0.48299628,GSE165399,PASC
CELL_0176,3.380306,0.0,0.0,0.0,0.0,2.8732111,0.0,0.0,0.0,3.0960836,0.0,0.0,0.0,0.0,0.0,0.0,0.0,0.0,0.0,0.0,0.0,0.0,0.0,0.0,0.0,0.0,0.0,0.0,2.8732111,0.0,0.0,0.0,2.8732111,0.0,0.0,0.0,0.0,3.209532,0.0,0.0,0.0,0.0,0.0,0.0,2.8732111,2.8732111,3.4148917,0.0,0.0,0.0,0.0,0.0,0.0,0.12435977,GSE165399,normal
CELL_0177,1.2320869,0.0,1.5781915,1.8845443,1.3036213,0.0,0.0,0.462485,1.3922564,0.2700514,2.4901454,0.0,0.0,0.6097438,1.1913891,1.4862779,1.1466421,0.0,0.0,2.3826725,0.0,1.269337,2.352179,1.1913891,2.105062,2.2909288,0.7277073,2.0247147,0.0,1.7977008,1.8442656,2.4563866,2.6495974,0.462485,0.0,0.0,0.2700514,0.8252833,0.0,1.1466421,1.1466421,2.6942725,1.5441389,1.0970829,0.0,0.0,0.0,2.574674,0.90794146,1.1913891,0.2700514,0.0,0.0,0.4758659,GSE165399,PASC
CELL_0178,0.0,0.0,0.0,0.0,0.0,2.2899034,2.44161,0.0,1.9923798,2.2899034,0.0,1.9923798,0.0,0.0,0.0,0.0,0.0,0.0,0.0,0.0,0.0,0.0,1.9923798,0.0,0.0,1.9923798,0.0,0.0,0.0,1.9923798,0.0,2.2899034,2.7500272,0.0,1.9923798,0.0,0.0,0.0,2.2899034,0.0,0.0,1.9923798,0.0,0.0,0.0,0.0,2.2899034,2.7123144,3.1050088,0.0,0.0,1.9923798,1.9923798,0.14289619,GSE165399,PASC
CELL_0179,2.0783222,0.0,0.7942569,0.7942569,0.0,0.97798884,0.97798884,0.0,0.51606005,1.6662598,0.7942569,0.7942569,0.51606005,0.0,0.51606005,0.51606005,0.0,0.0,0.0,0.7942569,0.0,0.97798884,1.6363353,1.6363353,0.0,0.97798884,1.216156,0.7942569,0.0,1.8219503,1.216156,1.1121131,1.9361448,1.3702507,0.7942569,0.7942569,0.0,1.1121131,0.97798884,0.0,0.51606005,1.4815072,1.3002445,0.97798884,0.51606005,0.0,0.7942569,1.5269039,2.4232676,1.3002445,0.51606005,1.3002445,1.3002445,0.14285564,GSE165399,PASC
CELL_0180,1.250607,0.0,2.165506,0.7370287,0.0,0.0,0.0,1.5691077,2.018079,1.250607,2.520403,0.0,0.0,1.6916887,0.7370287,0.0,1.0565451,0.0,0.0,2.2031713,0.0,1.7820317,2.0671685,2.3966358,1.5691077,2.175482,0.0,0.7370287,0.0,1.250607,2.593169,2.1085865,1.7820317,1.0565451,0.0,0.0,0.0,0.7370287,0.0,1.0565451,1.9583039,2.2709043,1.7820317,0.0,0.0,0.0,0.0,2.5457828,0.0,2.414125,1.6356211,0.0,0.0,0.5748311,GSE165399,PASC
CELL_0181,0.0,0.0,2.2456052,2.0775006,1.9868304,0.0,0.0,1.9590365,1.1143559,0.78313255,2.1139042,0.0,0.0,1.3140215,1.1143559,1.1143559,0.0,0.0,0.0,2.533902,1.1143559,1.7647794,2.6680772,2.0573585,2.2653983,2.6191797,1.3140215,1.8945848,0.0,2.4828804,2.2653983,2.6173632,2.528186,0.78313255,0.0,0.0,0.0,0.78313255,0.0,1.4527965,0.78313255,2.7528353,1.639869,0.0,0.0,0.0,0.0,2.3088167,1.1143559,1.1143559,1.3140215,0.0,0.0,0.48921877,GSE165399,PASC
CELL_0182,1.831036,0.0,0.0,0.89324707,0.0,0.0,0.0,0.89324707,0.0,1.2382277,0.89324707,1.831036,0.0,0.0,0.89324707,0.0,0.0,0.89324707,0.0,0.0,0.0,0.0,0.0,0.89324707,0.0,0.0,0.0,0.89324707,0.0,1.8870221,0.0,0.89324707,2.1285393,0.0,1.5792881,1.2382277,0.89324707,0.0,0.0,0.0,0.0,0.0,1.5792881,0.0,0.89324707,0.0,0.0,0.89324707,2.9473445,0.0,0.0,0.0,0.89324707,0.2847048,GSE165399,normal
CELL_0183,2.0316086,0.0,2.6224556,0.0,2.6224556,0.0,0.0,0.0,2.0316086,0.0,0.0,0.0,0.0,0.0,0.0,2.0316086,2.0316086,0.0,0.0,2.7186954,0.0,0.0,2.9107475,2.0316086,2.0316086,2.4601927,2.6224556,0.0,0.0,2.9255753,2.3155842,0.0,2.8365345,0.0,0.0,0.0,0.0,2.0316086,0.0,2.554121,0.0,2.9640915,0.0,2.0316086,0.0,0.0,0.0,2.554121,2.0316086,0.0,2.0316086,0.0,0.0,0.49426776,GSE165399,PASC
CELL_0184,0.7721455,0.0,1.5817046,2.0885406,1.19686,0.0,0.0,0.8821944,0.44937536,0.7721455,1.7695416,0.0,0.3309923,0.18563102,1.4632614,1.5994513,0.3309923,0.0,0.0,2.2186456,0.0,0.54852974,2.297164,2.0885406,1.5110911,2.0855386,1.6828628,1.8243272,0.0,2.3894677,1.6162981,1.3607962,2.434964,0.9294259,0.0,0.0,0.0,1.3772491,0.0,0.18563102,0.3309923,2.5207772,1.2213012,0.3309923,0.0,0.0,0.0,1.8873501,0.6333522,0.8300861,0.3309923,0.0,0.0,0.46797612,GSE165399,PASC
CELL_0185,3.1762674,0.0,0.0,0.0,0.0,2.7661486,0.0,0.0,0.0,2.7661486,0.0,0.0,3.1021638,0.0,0.0,0.0,0.0,0.0,0.0,0.0,0.0,0.0,0.0,3.1021638,0.0,0.0,0.0,0.0,0.0,0.0,0.0,0.0,0.0,0.0,3.2305112,0.0,2.7661486,0.0,0.0,0.0,0.0,0.0,0.0,0.0,2.988772,0.0,3.2305112,0.0,0.0,0.0,0.0,2.7661486,0.0,0.13225843,GSE165399,normal
CELL_0186,0.0,0.0,2.0118186,1.8045915,1.8904568,0.0,0.0,1.1855042,2.096324,1.9574128,2.2330718,0.0,0.0,0.0,1.1855042,2.096324,1.1855042,0.0,0.0,1.6875216,0.0,0.0,1.8045915,2.3465872,2.0118186,2.0118186,1.5109485,2.0118186,0.0,2.4118214,1.6875216,1.5109485,2.3817077,0.0,0.0,0.0,0.0,1.1855042,0.0,1.5109485,0.0,2.4821665,1.8904568,0.0,0.0,0.0,0.0,2.057354,0.0,0.0,1.8045915,0.0,0.0,0.43605626,GSE165399,PASC
CELL_0187,0.0,0.0,0.94413,0.0,0.0,0.0,0.0,0.0,2.1119478,0.0,2.356958,0.0,0.0,1.7743975,0.0,0.0,2.0363467,0.0,0.0,2.2325776,1.2794589,1.6985154,2.3647997,2.187712,2.348827,2.4761639,0.0,1.6018368,0.0,1.4715478,2.4571779,2.0639346,2.4002583,1.2794589,0.0,0.0,0.0,0.0,0.0,0.94413,1.8362937,2.3723707,1.7743975,1.2794589,0.0,0.0,0.0,1.9714938,0.0,2.5378995,1.6018368,0.0,0.0,0.52722454,GSE165399,PASC
CELL_0188,1.3945388,0.0,0.0,0.0,0.0,1.7083459,0.0,0.0,0.0,1.8012335,0.0,1.582389,1.582389,0.0,1.0579717,1.0579717,0.0,0.0,0.0,0.0,0.0,0.0,0.0,1.9825013,0.0,0.0,1.0579717,0.0,0.0,1.8012335,0.0,0.0,1.0579717,1.0579717,1.582389,0.0,1.0579717,1.3945388,0.0,0.0,0.0,0.0,1.7083459,0.0,1.7083459,0.0,1.0579717,0.0,2.5849557,0.0,0.0,0.0,1.0579717,0.09683289,GSE165399,normal
CELL_0189,0.0,0.0,2.2869925,0.0,0.0,0.0,0.0,0.0,0.0,0.0,0.0,0.0,0.0,0.0,0.0,0.0,0.0,0.0,0.0,2.010736,0.0,2.2869925,2.2869925,1.6877651,0.0,0.0,0.0,0.0,0.0,0.0,0.0,0.0,1.6877651,0.0,0.0,0.0,0.0,0.0,0.0,1.6877651,0.0,1.6877651,1.6877651,1.6877651,0.0,0.0,0.0,1.6877651,2.010736,0.0,0.0,0.0,0.0,0.38096908,GSE165399,PASC
CELL_0190,0.0,0.0,2.4166598,0.0,0.0,0.0,0.0,0.0,2.4166598,0.0,1.7914356,0.0,0.0,1.7914356,0.0,0.0,0.0,0.0,0.0,0.0,0.0,2.4166598,2.3439684,2.4731367,2.3439684,2.0904884,1.7914356,0.0,0.0,2.0904884,0.0,2.8223393,2.4731367,0.0,0.0,0.0,0.0,0.0,0.0,2.0904884,1.7914356,2.4731367,0.0,0.0,0.0,0.0,0.0,2.752691,1.7914356,2.4731367,0.0,0.0,0.0,0.92519885,GSE165399,PASC
CELL_0191,1.125717,0.0,1.6485204,0.0,0.0,0.0,0.0,0.0,0.0,1.9924933,2.1502385,0.0,0.0,1.125717,0.0,0.0,0.0,0.0,0.0,2.3035338,0.0,1.7724154,1.9924933,2.1786695,2.1502385,1.934662,0.0,2.1786695,0.0,1.125717,2.3035338,1.6485204,2.396209,0.0,0.0,0.0,0.0,0.0,0.0,0.0,0.0,2.3035338,2.2042978,0.0,0.0,0.0,0.0,1.7724154,0.0,1.125717,1.4627556,0.0,0.0,0.5276628,GSE165399,PASC
CELL_0192,1.4852723,0.0,0.0,1.1606187,0.0,2.0329287,0.0,0.0,0.0,2.0329287,1.1606187,1.932619,1.1606187,0.0,1.1606187,1.1606187,1.1606187,0.0,0.0,0.0,0.0,0.0,2.3474855,2.0329287,1.4852723,0.0,1.9872209,1.1606187,0.0,1.6619949,0.0,0.0,1.4852723,1.1606187,0.0,0.0,1.932619,1.1606187,0.0,0.0,0.0,0.0,1.4852723,0.0,0.0,0.0,1.1606187,0.0,2.0720513,0.0,0.0,0.0,1.8654392,0.12027342,GSE165399,normal
CELL_0193,2.508572,0.0,0.0,0.0,0.0,0.0,2.6780293,0.0,0.0,0.0,0.0,0.0,0.0,0.0,0.0,0.0,0.0,1.9705654,0.0,1.9705654,1.9705654,0.0,1.9705654,2.578964,0.0,0.0,2.508572,0.0,0.0,2.508572,0.0,1.9705654,1.9705654,0.0,0.0,0.0,0.0,0.0,2.578964,1.9705654,0.0,0.0,0.0,0.0,0.0,0.0,1.9705654,2.7469616,2.508572,1.9705654,0.0,2.6336524,0.0,0.16286393,GSE165399,PASC
CELL_0194,0.0,0.0,0.0,0.0,0.0,0.0,0.0,0.0,0.0,0.0,0.0,0.0,0.0,0.0,0.0,0.0,0.0,0.0,0.0,0.0,0.0,0.0,0.0,0.0,0.0,0.0,0.0,0.0,0.0,0.0,0.0,0.0,0.0,0.0,0.0,0.0,0.0,0.0,0.0,0.0,0.0,0.0,3.4807496,0.0,0.0,0.0,0.0,0.0,0.0,0.0,0.0,0.0,0.0,0.28617406,GSE165399,normal
CELL_0195,1.2951623,0.0,2.0735836,1.831442,1.8573382,0.0,0.0,0.0,2.023114,0.0,2.4971223,0.0,0.0,0.658849,0.96699435,1.9609764,0.658849,0.0,0.0,2.5540276,0.658849,1.831442,2.4971223,1.831442,2.2419982,2.5146167,0.96699435,2.0366607,0.0,2.3308578,2.4249701,2.6045802,2.8040223,0.0,0.0,0.0,0.0,0.0,0.0,1.4810175,1.3985656,2.727055,1.4810175,0.658849,0.0,0.0,0.0,1.9609764,0.658849,1.2951623,1.4810175,0.0,0.0,0.47988418,GSE165399,PASC
CELL_0196,2.0116684,0.0,0.0,0.0,0.0,0.0,1.4934461,0.0,0.0,1.8327519,1.4934461,0.0,0.0,0.0,0.0,0.0,0.0,0.0,0.0,2.3344643,0.0,0.0,1.8327519,0.0,1.8327519,1.4934461,0.0,0.0,0.0,2.128892,0.0,2.0116684,2.6069803,0.0,0.0,0.0,0.0,0.0,2.3344643,0.0,0.0,2.2143233,1.4934461,0.0,0.0,0.0,1.4934461,2.2806823,0.0,1.8327519,0.0,1.8327519,1.4934461,0.16497824,GSE165399,PASC
CELL_0197,2.329064,0.0,0.49803102,0.7732381,0.9570639,0.49803102,1.8936362,0.49803102,0.9570639,1.9867153,1.282667,0.49803102,0.0,0.49803102,0.7732381,0.49803102,0.49803102,0.0,0.0,0.9570639,0.49803102,0.49803102,1.625303,2.3448946,0.0,0.7732381,1.4671746,0.49803102,0.0,1.4671746,1.1973692,0.0,1.8936362,1.0921407,0.0,0.7732381,0.0,0.7732381,1.7563112,0.49803102,0.0,1.4671746,1.3538318,0.0,0.0,1.282667,0.9570639,2.2015245,2.4173527,1.6559062,0.0,0.0,0.0,0.41743574,GSE165399,PASC
CELL_0198,0.0,0.0,1.6460243,1.1180464,1.6460243,0.0,0.0,0.0,0.0,1.1180464,1.4580415,0.0,0.0,0.0,1.1180464,2.3100193,0.0,0.0,0.0,1.6460243,0.0,0.0,1.9946816,1.1180464,0.0,1.4580415,0.0,1.6460243,0.0,2.5383804,1.7715497,1.9946816,2.814465,1.1180464,0.0,0.0,0.0,0.0,0.0,0.0,0.0,2.4778266,2.2929213,1.8639104,0.0,0.0,0.0,1.9360377,1.1180464,1.6460243,1.7715497,0.0,0.0,0.4661092,GSE165399,PASC
CELL_0199,1.2264771,0.0,2.393497,1.2264771,1.7734871,0.0,0.0,0.0,1.996402,0.0,2.2593644,0.0,0.0,1.2264771,1.7734871,1.2264771,1.5800099,0.0,0.0,2.712819,0.0,2.3716173,2.9599154,1.902065,1.902065,2.761177,1.5800099,1.5800099,0.0,2.8538728,0.0,2.926974,2.8314853,0.0,0.0,0.0,0.0,1.2264771,0.0,1.902065,0.0,1.996402,2.6192122,0.0,0.0,0.0,0.0,2.4808362,1.996402,0.0,0.0,0.0,0.0,0.46269596,GSE165399,PASC
CELL_0200,0.0,0.0,0.0,1.9297804,0.0,0.0,0.0,0.0,0.0,0.0,0.0,0.0,0.0,0.0,1.9297804,0.0,1.9297804,0.0,0.0,2.542511,0.0,0.0,1.9297804,2.7397604,2.4715545,2.5976362,1.9297804,2.4715545,0.0,1.9297804,2.9953816,2.7397604,1.9297804,0.0,0.0,0.0,0.0,0.0,0.0,0.0,0.0,2.2238007,2.2238007,0.0,0.0,0.0,0.0,2.2238007,0.0,0.0,1.9297804,0.0,0.0,0.53520507,GSE165399,PASC
CELL_0201,1.0601745,0.0,0.7462267,1.6204392,0.7462267,0.0,0.0,0.0,0.0,2.0984468,2.1900198,0.0,0.0,0.0,0.0,0.0,0.7462267,0.0,0.0,1.8842579,0.0,0.7462267,2.2662222,1.7969906,1.2489009,1.7969906,0.0,0.7462267,0.0,1.6743493,1.2489009,1.2489009,2.0624387,0.0,0.0,0.0,0.0,0.0,0.0,0.0,0.0,1.7969906,2.0203853,2.049179,0.0,0.0,0.0,2.407883,0.0,0.7462267,0.0,0.0,0.0,0.4840525,GSE165399,PASC
CELL_0202,0.0,0.0,1.7823738,1.4354813,0.0,0.0,0.0,0.0,2.0879397,0.0,2.613779,0.0,0.0,0.0,1.966784,1.4354813,2.4215305,0.0,0.0,2.6411653,0.0,2.8354669,3.067419,1.4354813,2.176334,2.8497257,1.4354813,1.4354813,0.0,1.7823738,2.2450228,1.4354813,1.7823738,0.0,0.0,0.0,0.0,0.0,0.0,0.0,0.0,2.613779,1.966784,3.0367491,0.0,0.0,0.0,2.858658,1.4354813,2.845093,0.0,0.0,0.0,0.5699539,GSE165399,PASC
CELL_0203,0.0,0.0,0.0,0.0,2.6162653,0.0,0.0,2.1278515,2.1278515,0.0,2.1278515,0.0,0.0,0.0,0.0,2.7300718,2.1278515,0.0,0.0,2.7300718,0.0,0.0,2.3933876,2.1278515,2.528437,2.9656043,2.6802583,2.3933876,0.0,2.8590105,2.1278515,2.1278515,2.8814917,0.0,0.0,0.0,0.0,2.1278515,0.0,0.0,0.0,3.0867722,0.0,0.0,0.0,0.0,0.0,2.528437,0.0,0.0,0.0,0.0,0.0,0.49757874,GSE165399,PASC
CELL_0204,1.7834516,0.0,2.5938985,0.0,1.7834516,0.0,0.0,2.6586378,2.4452958,0.0,1.7834516,0.0,0.0,0.0,0.0,0.0,1.7834516,0.0,0.0,0.0,0.0,0.0,0.0,2.5938985,2.36834,2.4452958,1.7834516,0.0,0.0,2.5534348,1.7834516,2.0996735,0.0,0.0,0.0,0.0,0.0,0.0,0.0,0.0,2.36834,2.685247,0.0,1.7834516,0.0,0.0,0.0,3.0912528,0.0,2.8918314,0.0,0.0,0.0,0.92542595,GSE165399,PASC
CELL_0205,0.0,0.0,1.6450317,0.0,1.6450317,0.0,0.0,0.0,0.0,1.6450317,0.0,0.0,0.0,0.0,0.0,1.9675494,0.0,0.0,0.0,0.0,0.0,0.0,2.3852775,1.6450317,0.0,0.0,1.9675494,1.9675494,0.0,2.595857,1.9675494,2.6179752,2.8609095,0.0,0.0,0.0,0.0,1.9675494,0.0,0.0,0.0,2.595857,0.0,1.6450317,0.0,0.0,0.0,0.0,0.0,1.9675494,0.0,0.0,0.0,0.42819452,GSE165399,PASC
CELL_0206,1.6970353,0.0,1.3722298,1.6970353,0.0,0.0,0.0,0.0,0.0,0.0,2.6508162,0.0,0.0,1.8693419,1.8693419,0.0,1.6970353,0.0,0.0,2.430769,1.3722298,2.0652878,2.3938115,2.1296232,2.6824007,2.5256543,1.3722298,1.3722298,0.0,1.9825865,2.502597,2.3938115,2.6508162,0.0,0.0,0.0,0.0,1.6970353,0.0,0.0,1.3722298,2.502597,1.3722298,0.0,0.0,0.0,0.0,1.9825865,0.0,2.2254822,0.0,0.0,0.0,0.5030761,GSE165399,PASC
CELL_0207,0.0,0.0,2.227973,2.0379436,1.7221777,0.0,0.0,0.0,1.8873378,1.0714731,1.8873378,0.0,0.0,0.0,1.0714731,0.0,1.8148732,0.0,0.0,2.4077048,1.408656,1.408656,2.3582773,2.3223505,2.3582773,2.186202,1.408656,1.9462969,0.0,1.408656,2.0379436,2.246498,2.5963166,1.0714731,0.0,0.0,0.0,1.7221777,0.0,1.0714731,0.0,2.5405128,1.8148732,0.0,0.0,0.0,0.0,2.294851,0.0,1.5964122,2.227973,0.0,0.0,0.48516008,GSE165399,PASC
CELL_0208,1.300907,0.0,2.0772157,1.300907,1.6207511,0.0,0.0,0.0,1.903781,0.0,1.6207511,0.0,0.0,0.9658636,1.716379,1.9477086,0.9658636,0.0,0.0,2.3500946,0.9658636,1.300907,2.2810273,2.0197928,2.199371,2.3324196,0.0,1.9477086,0.0,2.0772157,1.716379,0.9658636,2.3816822,0.0,0.0,0.0,0.0,0.0,0.0,0.0,0.0,2.5208824,0.9658636,0.9658636,0.0,1.300907,0.0,1.8525107,0.0,1.300907,2.0197928,0.0,0.0,0.5074102,GSE165399,PASC
CELL_0209,0.0,0.0,0.0,0.0,0.0,1.4548033,0.0,0.0,0.0,1.4548033,0.0,1.4548033,0.0,0.0,0.0,0.0,0.0,0.0,0.0,2.099297,0.0,0.0,1.9799341,1.7980545,0.0,0.0,0.0,1.4548033,0.0,0.0,0.0,0.0,2.4277942,0.0,1.4548033,1.4548033,0.0,0.0,0.0,0.0,0.0,1.7980545,1.4548033,0.0,0.0,0.0,0.0,1.7980545,2.8904018,0.0,0.0,0.0,0.0,0.1297164,GSE165399,PASC
CELL_0210,2.4430656,0.0,2.0134852,0.0,0.0,0.0,0.0,0.0,0.0,2.6590364,0.0,2.0134852,0.0,0.0,0.0,0.0,0.0,0.0,0.0,0.0,0.0,0.0,2.0134852,2.0134852,0.0,2.0134852,0.0,0.0,0.0,2.2980766,0.0,0.0,2.0134852,0.0,0.0,0.0,0.0,0.0,0.0,0.0,0.0,2.0134852,0.0,0.0,0.0,0.0,0.0,2.0134852,2.605774,0.0,0.0,0.0,2.2980766,0.14076988,GSE165399,PASC
CELL_0211,1.1486348,0.0,1.5649083,1.5649083,1.6414332,0.0,0.0,1.4678376,1.5649083,1.5649083,2.2502363,0.0,0.0,0.8264053,1.1486348,0.8264053,0.0,0.0,0.0,2.1461167,1.1486348,1.3379146,2.315469,1.9072816,2.107454,2.2261875,1.3379146,1.8412725,0.0,2.2719386,1.7040414,1.1486348,2.285298,0.0,0.0,0.0,0.0,1.3379146,0.0,1.1486348,0.0,2.5975175,1.3379146,0.0,0.0,0.0,0.0,1.9072816,1.1486348,0.0,0.0,0.0,0.0,0.4727284,GSE165399,PASC
CELL_0212,1.3929647,0.0,1.5775696,1.3929647,1.3929647,0.0,0.0,1.0610201,1.0610201,0.0,2.0944345,0.0,0.0,1.3929647,1.8938694,1.0610201,0.0,0.0,0.0,2.315754,1.2565004,1.0610201,2.3799865,1.9700279,1.792287,2.18893,0.0,2.146037,0.0,1.2565004,2.3099406,2.0478013,2.632696,0.0,0.0,0.0,0.0,0.7395206,0.0,0.0,0.0,2.6208487,1.4959159,0.7395206,0.0,0.0,0.0,2.1083262,0.7395206,1.3929647,1.2565004,0.0,0.0,0.50512314,GSE165399,PASC
CELL_0213,0.48231414,0.0,2.144403,2.290096,2.0016477,0.0,0.0,0.7505672,1.5524092,0.7505672,1.789293,0.0,0.48231414,0.48231414,1.1654546,1.6685405,1.6685405,0.0,0.0,2.388715,0.9302032,0.48231414,1.7540262,2.0238423,2.1726527,2.331693,1.7141712,1.9687189,0.0,2.0442424,2.0016477,1.9687189,2.6140935,1.0623858,0.0,0.0,0.0,1.2490582,0.0,1.5853728,0.48231414,2.4467304,1.3188468,0.0,0.0,0.0,0.0,1.8208386,1.0623858,0.0,0.0,0.48231414,0.0,0.47602206,GSE165399,PASC
CELL_0214,0.0,0.0,0.0,0.0,0.0,0.0,0.0,0.0,0.0,3.1314964,0.0,0.0,0.0,0.0,0.0,0.0,0.0,0.0,0.0,0.0,0.0,0.0,0.0,0.0,0.0,0.0,0.0,0.0,0.0,0.0,0.0,0.0,0.0,0.0,0.0,0.0,0.0,0.0,0.0,0.0,0.0,0.0,3.1314964,0.0,0.0,0.0,0.0,0.0,3.9343255,0.0,0.0,0.0,0.0,0.45183462,GSE165399,normal
CELL_0215,0.0,0.0,0.0,0.0,1.7729566,0.0,1.7729566,0.0,0.0,2.3097634,0.0,0.0,0.0,0.0,0.0,0.0,0.0,0.0,0.0,1.7729566,0.0,0.0,0.0,2.517439,1.7729566,0.0,0.0,0.0,0.0,1.7729566,1.7729566,0.0,2.0634608,0.0,0.0,0.0,0.0,0.0,2.0634608,0.0,0.0,2.0634608,2.0634608,0.0,0.0,0.0,2.2126396,0.0,0.0,0.0,0.0,0.0,2.2126396,0.18382052,GSE165399,PASC
CELL_0216,1.6209571,0.0,0.0,0.7857326,0.7857326,0.7857326,0.0,0.0,0.51018035,1.6779257,0.51018035,1.1008292,0.51018035,0.0,0.51018035,0.0,0.0,0.51018035,0.0,0.9678414,0.0,0.0,1.6779257,1.8532267,0.7857326,0.51018035,1.748088,0.7857326,0.0,1.9067866,1.5123329,0.7857326,1.8052714,0.7857326,0.0,0.51018035,0.0,0.51018035,2.0667024,0.51018035,0.0,1.6209571,1.4160231,1.2874272,0.0,0.0,0.7857326,2.1841795,1.8943228,1.3568805,0.0,0.0,1.9067866,0.1712329,GSE165399,PASC
CELL_0217,0.0,0.0,1.8285508,2.58672,1.8285508,0.0,0.0,0.0,0.0,0.0,2.2768943,0.0,0.0,1.8285508,2.124946,2.2768943,0.0,0.0,0.0,2.6191874,0.0,1.8285508,2.2768943,1.8285508,2.44761,2.6191874,2.124946,2.5034704,0.0,2.8287976,2.124946,2.124946,3.0727952,0.0,0.0,0.0,0.0,0.0,0.0,0.0,0.0,3.0081975,2.124946,0.0,0.0,0.0,0.0,2.124946,0.0,1.8285508,0.0,0.0,0.0,0.53792894,GSE165399,PASC
CELL_0218,1.3052979,0.0,1.9961727,1.9132555,1.9961727,0.0,0.0,1.9132555,1.7242134,0.9679863,2.3632534,0.0,0.0,0.9679863,1.3052979,1.9575653,0.0,0.0,0.0,2.523717,0.0,0.0,2.371651,2.030271,2.1569738,2.387544,0.9679863,1.9132555,0.0,2.563061,2.2419934,2.4891336,2.8166378,0.0,0.0,0.0,0.0,0.0,0.0,1.9961727,0.9679863,2.7860086,1.7998626,1.6277566,0.0,0.0,0.0,2.1569738,0.0,1.4976056,0.9679863,0.0,0.0,0.47270605,GSE165399,PASC
CELL_0219,2.4059677,0.0,0.0,0.0,0.0,0.0,1.1299375,0.0,0.0,2.0905635,1.1299375,0.0,1.1299375,0.0,0.0,0.0,0.0,0.0,0.0,0.0,0.0,0.0,0.0,2.05577,0.0,0.0,0.0,0.0,0.0,1.4577806,0.0,0.0,2.0158176,1.1299375,1.9133905,0.0,0.0,0.0,2.2988591,0.0,0.0,0.0,1.6374083,0.0,0.0,1.6374083,2.1959639,0.0,2.4933019,0.0,0.0,0.0,0.0,0.4752869,GSE165399,normal
CELL_0220,1.3179694,0.0,1.3179694,2.209969,1.8710699,0.0,0.0,0.66611487,1.5094805,0.66611487,1.8977892,0.0,0.0,0.0,1.5796012,2.095983,0.66611487,0.0,0.0,2.5470357,0.66611487,1.4244792,2.3689547,2.2880611,2.3602915,2.493934,1.5796012,2.0385215,0.0,2.643836,2.4915764,2.2880611,2.768146,1.1781163,0.0,0.0,0.0,0.66611487,0.0,2.1323082,0.0,2.7544544,1.4244792,0.0,0.0,0.0,0.0,1.922402,0.0,0.0,0.9808935,0.0,0.0,0.4711459,GSE165399,PASC
CELL_0221,1.6353489,0.0,0.0,0.90270334,0.0,0.0,0.0,0.0,2.0169556,1.6353489,1.9019418,0.0,0.0,1.5411172,1.2275859,0.0,1.414275,0.0,0.0,1.9653963,1.414275,0.90270334,1.5411172,1.9924036,1.8205296,1.5411172,1.2275859,1.9019418,0.0,2.3348477,2.387909,1.5411172,2.1136851,0.0,0.0,0.0,0.0,0.0,0.0,0.0,0.0,2.0394273,1.6353489,1.2275859,0.0,0.0,0.0,2.1576905,0.0,1.2275859,1.7093773,0.0,0.0,0.52241427,GSE165399,PASC
CELL_0222,0.0,0.0,2.6961825,0.0,0.0,0.0,0.0,1.9815581,1.9815581,2.4046624,0.0,0.0,0.0,0.0,1.9815581,2.6604264,2.261777,0.0,0.0,2.798309,0.0,2.261777,2.8790722,2.497544,0.0,1.9815581,1.9815581,0.0,0.0,2.261777,2.261777,2.4046624,1.9815581,0.0,0.0,0.0,0.0,2.497544,0.0,1.9815581,0.0,2.798309,2.6961825,1.9815581,0.0,0.0,0.0,2.8917685,0.0,2.4046624,0.0,0.0,0.0,0.49870336,GSE165399,PASC
CELL_0223,0.0,0.0,1.9287753,0.0,0.0,0.0,0.0,1.8070416,1.8070416,1.8070416,0.0,0.0,0.0,0.0,2.0872598,0.0,0.0,0.0,0.0,1.8070416,0.0,0.0,0.0,2.5458343,1.2816164,0.0,0.0,1.2816164,0.0,1.8070416,2.1435654,0.0,1.9287753,1.2816164,0.0,0.0,0.0,0.0,1.2816164,0.0,1.2816164,1.8070416,1.6228911,0.0,0.0,0.0,0.0,2.4456046,1.6228911,0.0,1.8070416,0.0,0.0,0.48491207,GSE165399,PASC
CELL_0224,0.0,0.0,0.0,0.0,0.0,0.0,0.0,0.0,1.793234,1.793234,2.103466,0.0,0.0,0.0,0.0,0.0,0.0,0.0,0.0,2.7008197,0.0,0.0,2.103466,2.4421124,2.103466,2.2629676,0.0,2.103466,0.0,0.0,2.4421124,0.0,1.793234,0.0,0.0,0.0,0.0,0.0,0.0,0.0,0.0,2.103466,2.4421124,0.0,0.0,0.0,0.0,2.2629676,0.0,2.103466,0.0,0.0,0.0,0.54351944,GSE165399,PASC
CELL_0225,0.0,0.0,1.8272368,1.6515914,1.7500309,0.0,0.0,0.97936136,0.97936136,0.0,2.1467931,0.0,1.5187938,0.0,2.292331,2.0933661,0.97936136,0.0,0.0,2.3926184,0.0,1.5187938,2.4553592,1.8272368,1.8272368,2.4484265,1.5187938,1.3227031,0.0,2.7114766,1.6515914,1.7500309,2.7932014,0.0,0.0,0.0,0.0,0.97936136,0.0,2.2629607,0.0,2.9100606,0.97936136,0.0,0.0,0.0,0.0,2.2112825,0.97936136,1.5187938,0.0,0.0,0.0,0.4887962,GSE165399,PASC
CELL_0226,0.0,0.0,0.0,0.0,0.0,0.0,0.0,0.0,0.0,2.0832634,1.520126,1.520126,0.0,0.0,0.0,0.0,0.0,0.0,0.0,0.0,0.0,0.0,0.0,0.0,0.0,0.0,0.0,1.520126,0.0,2.0832634,0.0,0.0,2.211611,0.0,0.0,1.8877592,1.8877592,0.0,0.0,0.0,0.0,0.0,0.0,0.0,0.0,0.0,1.520126,0.0,3.3118892,0.0,0.0,0.0,1.520126,0.49279174,GSE165399,normal
CELL_0227,2.8710573,0.0,0.0,0.0,0.0,3.0979605,0.0,0.0,0.0,2.8710573,0.0,0.0,0.0,0.0,0.0,0.0,0.0,0.0,0.0,0.0,0.0,0.0,0.0,0.0,0.0,0.0,0.0,0.0,0.0,2.8710573,0.0,0.0,2.8710573,0.0,0.0,0.0,0.0,0.0,0.0,0.0,0.0,0.0,0.0,0.0,3.3437254,0.0,3.2133245,0.0,0.0,0.0,0.0,0.0,0.0,0.13418236,GSE165399,normal
CELL_0228,2.1253214,0.0,0.0,0.0,0.0,0.0,0.0,0.0,0.0,1.6305939,1.2716955,0.0,0.0,0.0,1.6305939,0.0,0.0,0.0,0.0,1.2716955,0.0,0.0,0.0,1.8262682,1.2716955,1.6305939,1.2716955,2.185455,0.0,1.6305939,1.2716955,2.1253214,2.3160446,1.2716955,0.0,1.2716955,0.0,0.0,0.0,0.0,0.0,2.051219,1.2716955,1.2716955,0.0,0.0,0.0,1.2716955,3.10283,1.2716955,0.0,1.2716955,0.0,0.15465707,GSE165399,PASC
CELL_0229,1.3398798,0.0,1.8372551,2.0340095,2.098655,0.0,0.0,0.0,0.0,0.0,0.0,0.0,0.0,0.0,0.0,0.0,0.0,0.0,0.0,2.098655,0.0,0.0,1.9509375,1.8372551,1.6644964,2.2940786,2.23254,1.8372551,0.0,2.2940786,1.3398798,0.0,2.7916062,1.6644964,0.0,0.0,0.0,1.8372551,0.0,0.0,1.3398798,2.4475281,2.265222,1.3398798,0.0,0.0,0.0,2.2940786,0.0,0.0,0.0,0.0,0.0,0.49407747,GSE165399,PASC
CELL_0230,2.1549065,0.0,0.9040283,0.0,0.0,0.9040283,2.3595898,0.0,1.2282054,1.2282054,0.0,0.0,0.9040283,0.0,1.4143119,1.7685238,0.9040283,0.0,0.0,0.9040283,0.0,1.2282054,0.9040283,1.963347,0.0,0.9040283,1.5407065,0.9040283,0.0,1.5407065,1.2282054,0.0,2.260363,0.0,0.0,0.0,0.0,0.0,2.1549065,0.9040283,0.0,1.7685238,0.9040283,0.0,0.0,0.0,1.4143119,1.7083309,2.422273,0.0,1.8623699,0.0,0.0,0.41741902,GSE165399,PASC
CELL_0231,0.9789719,0.0,2.08983,2.255723,2.4816556,0.0,0.0,1.998887,1.5056632,0.0,1.3148872,0.0,0.0,0.9789719,1.5056632,2.03259,1.7300045,0.0,0.0,2.4561896,0.0,1.3148872,2.353179,2.03259,2.334835,2.5283217,2.3701205,1.7300045,0.0,2.4207551,2.3701205,2.667565,2.7038357,0.9789719,0.0,0.0,0.0,1.5056632,0.0,1.8658013,1.5056632,2.7288175,0.0,0.0,0.0,0.0,0.0,2.08983,0.0,0.9789719,1.3148872,0.0,0.0,0.51264304,GSE165399,PASC
CELL_0232,0.0,0.0,0.0,0.0,0.0,0.0,0.0,1.7124382,1.7124382,0.0,2.3954728,0.0,0.0,0.0,0.0,2.037778,3.1315374,0.0,0.0,2.037778,0.0,0.0,1.7124382,1.7124382,1.7124382,1.7124382,0.0,0.0,0.0,2.8661985,0.0,0.0,2.315769,0.0,0.0,0.0,0.0,0.0,0.0,0.0,0.0,1.7124382,2.6162782,0.0,0.0,0.0,0.0,1.7124382,0.0,1.7124382,0.0,0.0,0.0,0.41957054,GSE165399,PASC
CELL_0233,0.0,0.0,2.6967125,2.1819005,0.0,0.0,0.0,0.0,1.8723933,1.8723933,2.1819005,0.0,0.0,0.0,1.8723933,0.0,1.8723933,0.0,0.0,2.518402,2.7260587,2.3405025,2.1819005,2.518402,2.6236277,2.518402,0.0,0.0,0.0,2.1819005,2.8772266,2.4435318,0.0,0.0,0.0,0.0,0.0,0.0,0.0,0.0,0.0,2.576516,2.9443178,0.0,0.0,0.0,0.0,2.9022806,0.0,2.6967125,0.0,0.0,0.0,0.55325925,GSE165399,PASC
CELL_0234,1.2659061,0.0,2.0816813,1.534604,0.0,0.0,0.0,0.0,1.2659061,1.9106926,1.0232062,0.0,0.0,0.83470625,0.0,0.0,0.83470625,0.0,0.0,1.2659061,0.0,1.1600868,1.9801227,2.3135178,0.5465979,1.6576872,1.3512256,0.0,0.0,1.621148,1.4221306,0.5465979,2.3785346,1.1600868,0.0,0.0,0.0,1.3512256,0.0,0.5465979,0.0,1.3512256,1.7208874,1.7740132,0.0,0.0,0.0,2.5425003,0.5465979,2.5595632,0.0,0.0,0.0,0.9083036,GSE165399,PASC
CELL_0235,0.0,0.0,2.5974934,0.0,1.7813336,0.0,0.0,0.0,0.0,0.0,2.3460355,0.0,0.0,0.0,0.0,2.2438693,0.0,0.0,0.0,2.5974934,0.0,2.2438693,2.5248547,2.4203417,2.086821,2.4780512,1.7813336,1.7813336,0.0,2.3460355,2.6266708,2.5974934,2.6524491,0.0,0.0,0.0,0.0,0.0,0.0,0.0,0.0,2.8999643,2.6754892,2.086821,0.0,0.0,1.7813336,2.3460355,0.0,2.086821,0.0,1.7813336,1.7813336,0.4805801,GSE165399,PASC
CELL_0236,0.0,0.0,2.4147096,0.0,0.0,0.0,0.0,2.584567,1.9663645,0.0,0.0,0.0,0.0,0.0,0.0,0.0,0.0,0.0,0.0,0.0,0.0,1.9663645,0.0,2.4147096,0.0,0.0,1.9663645,0.0,0.0,0.0,0.0,0.0,2.2632265,0.0,0.0,0.0,0.0,0.0,0.0,0.0,1.9663645,2.2632265,1.9663645,0.0,0.0,0.0,0.0,2.2632265,0.0,3.1378105,0.0,0.0,0.0,0.9559057,GSE165399,PASC
CELL_0237,3.4406228,0.0,0.0,0.0,0.0,2.8965893,0.0,0.0,0.0,3.3633528,0.0,0.0,0.0,0.0,0.0,0.0,0.0,2.8965893,0.0,0.0,0.0,0.0,0.0,0.0,0.0,0.0,0.0,0.0,2.8965893,2.8965893,0.0,0.0,0.0,0.0,0.0,0.0,0.0,0.0,0.0,0.0,0.0,0.0,0.0,0.0,0.0,2.8965893,3.405911,3.3088899,0.0,0.0,0.0,0.0,0.0,0.13259333,GSE165399,normal
CELL_0238,1.5307975,0.0,2.240451,1.9994879,2.180968,0.0,0.0,0.0,2.1044593,0.0,1.9994879,0.0,0.0,0.0,2.240451,1.5307975,2.240451,0.0,0.0,2.534638,0.0,0.0,2.180968,1.5307975,2.5029263,2.3636525,0.0,0.0,0.0,1.5307975,2.6176238,0.0,2.420346,1.9994879,0.0,0.0,0.0,0.0,0.0,0.0,0.0,2.5488284,1.8388937,1.5307975,0.0,0.0,0.0,1.9994879,0.0,0.0,1.8388937,0.0,0.0,0.47578934,GSE165399,PASC
CELL_0239,1.3007245,0.0,1.7767938,2.061729,1.1088064,0.0,0.0,0.0,0.0,0.0,1.8855947,0.0,0.0,1.3007245,0.7868277,0.0,0.7868277,0.0,0.0,2.4598703,0.7868277,1.3007245,1.7767938,2.177036,2.3009696,1.9410038,1.3007245,2.1556447,0.0,1.7302086,2.177036,2.294932,2.6657143,0.0,0.0,0.0,0.0,0.0,0.0,1.7302086,0.0,2.3488326,1.6115342,0.0,0.0,0.0,0.0,1.6759753,0.0,0.7868277,1.6759753,0.0,0.0,0.4825624,GSE165399,PASC
CELL_0240,0.0,0.0,2.6458476,1.867471,0.0,0.0,0.0,0.0,1.867471,0.0,0.0,0.0,0.0,0.0,1.867471,0.0,0.0,0.0,0.0,0.0,0.0,0.0,2.3845835,1.867471,0.0,2.2087595,0.0,0.0,0.0,1.867471,2.2087595,0.0,0.0,0.0,0.0,0.0,0.0,0.0,0.0,1.867471,0.0,2.3845835,2.3845835,0.0,0.0,0.0,0.0,2.581637,1.867471,2.9898417,2.2087595,0.0,0.0,0.49724257,GSE165399,PASC
CELL_0241,0.0,0.0,2.1762688,0.0,0.7739705,0.0,0.0,0.0,1.5339665,0.7739705,1.2956119,0.0,0.0,2.0621524,1.73729,0.7739705,1.4316587,0.0,0.0,2.4488392,1.73729,2.04372,2.6322231,2.4453661,1.73729,2.2930179,0.0,1.2956119,0.0,1.6149409,2.7111351,1.6149409,1.6149409,0.7739705,0.0,0.0,0.0,0.7739705,0.0,0.7739705,1.4316587,1.73729,2.6706035,0.7739705,0.0,0.0,0.0,2.5155368,0.7739705,2.3651562,1.2956119,0.0,0.0,0.5528539,GSE165399,PASC
CELL_0242,0.47714412,0.0,1.0560946,0.0,0.47714412,0.0,0.0,0.0,0.47714412,0.7443142,2.1059136,0.0,0.0,0.0,0.47714412,1.2432375,0.47714412,0.0,0.0,1.9666021,0.47714412,0.7443142,1.3730602,1.1593844,1.1593844,1.4706588,0.0,1.5479081,0.0,1.611283,2.3569343,2.0791423,2.5573483,0.47714412,0.0,0.47714412,0.47714412,0.47714412,0.0,0.0,0.0,1.7105559,1.7105559,1.1593844,0.0,0.0,0.0,1.611283,0.7443142,1.0560946,1.1593844,0.0,0.0,0.4831607,GSE165399,PASC
CELL_0243,1.3429233,0.0,1.7115173,2.1031687,1.9444387,0.0,0.0,1.3429233,1.1524676,1.1524676,2.2454398,0.0,1.1524676,0.0,1.8100001,1.3429233,0.0,0.0,0.0,1.9937128,0.0,0.0,1.648479,1.5714302,1.7645129,2.2831054,1.7115173,2.0354583,0.0,2.5674906,0.82851934,1.7115173,2.554001,0.0,0.0,0.0,0.0,1.8496878,0.0,1.7645129,0.82851934,2.6225843,0.82851934,0.0,0.0,0.0,0.0,1.9444387,0.0,0.0,0.0,0.0,0.82851934,0.49608636,GSE165399,PASC
CELL_0244,0.0,0.0,1.2769862,1.2769862,0.0,0.0,0.0,0.0,0.0,1.4608983,2.279234,0.0,0.0,1.4608983,0.0,0.0,0.95252746,0.0,0.0,2.356992,0.0,1.857282,1.7491759,1.9363782,2.2956767,2.1419961,0.0,1.9689229,0.0,2.1419961,2.3319435,1.6770647,2.38957,0.0,0.0,0.0,0.0,0.0,0.0,0.0,0.0,1.5850967,2.108568,0.0,0.0,0.0,0.0,1.807969,0.0,0.0,0.0,0.0,0.0,0.42416087,GSE165399,PASC
CELL_0245,0.0,0.0,1.8115219,1.0690196,0.0,0.0,0.0,0.0,1.5932857,0.0,2.5923765,0.0,0.0,0.0,1.9428236,0.0,0.0,0.0,0.0,2.7005453,1.4057465,2.1825306,1.9921582,2.305245,2.5411751,2.2242703,0.0,1.9921582,0.0,1.5932857,2.8379672,2.331187,2.5271273,0.0,0.0,0.0,0.0,1.4057465,0.0,0.0,1.883918,2.3854299,2.60568,0.0,0.0,0.0,0.0,2.6928728,0.0,1.7189182,0.0,0.0,0.0,0.520947,GSE165399,PASC
CELL_0246,0.0,0.0,2.4698024,1.7060584,1.7060584,0.0,0.0,0.0,1.1749293,1.8312467,0.0,0.0,0.0,0.0,1.7060584,0.0,1.1749293,0.0,0.0,0.0,0.0,0.0,2.6194737,2.3491042,1.1749293,1.7060584,1.5179282,1.8312467,0.0,1.7060584,1.5179282,1.1749293,2.3818862,0.0,0.0,0.0,0.0,1.1749293,0.0,0.0,0.0,2.311147,2.6720016,0.0,0.0,0.0,0.0,2.706746,0.0,1.9231861,1.1749293,0.0,0.0,0.5059559,GSE165399,PASC
CELL_0247,1.0102421,0.0,1.7351842,0.9496807,0.8003471,0.0,0.0,1.0102421,0.9496807,1.6375425,1.1119597,0.0,0.0,0.26171193,1.4412276,0.26171193,0.44838035,0.0,0.0,1.1119597,0.26171193,0.0,1.3749884,1.5605304,0.8003471,0.8003471,0.5912538,1.3983895,0.0,2.113741,1.2948767,2.1381278,2.473427,0.44838035,0.0,0.0,0.0,0.44838035,0.0,0.9496807,0.0,1.8512242,1.1119597,0.26171193,0.0,0.0,0.0,2.0678985,0.7056968,1.0102421,1.0639135,0.0,0.0,0.46203706,GSE165399,PASC
CELL_0248,1.3646524,0.0,0.0,0.0,0.0,1.8516703,0.0,0.0,0.0,2.0434284,0.0,0.0,1.8516703,0.0,0.0,0.0,1.3646524,0.0,0.0,0.0,0.0,0.0,0.0,1.9624872,0.0,0.0,1.3646524,0.0,0.0,1.3646524,0.0,0.0,1.3646524,0.0,0.0,0.0,1.3646524,0.0,2.200294,0.0,0.0,0.0,0.0,0.0,0.0,0.0,1.6830269,2.4597611,1.3646524,0.0,1.3646524,1.8516703,2.1575315,0.12242114,GSE165399,normal
CELL_0249,0.0,0.0,1.4763745,2.2447479,2.1393147,0.0,0.0,0.0,0.0,0.0,1.7640011,0.0,0.0,0.0,1.2925341,2.061825,1.4763745,0.0,0.0,2.416445,0.0,0.96722823,2.2225604,1.8226057,2.1393147,2.5454574,2.061825,1.9829861,0.0,2.1704557,1.6003585,2.3084755,2.7210107,1.2925341,0.96722823,0.0,0.0,0.96722823,0.0,1.2925341,1.6920999,2.5630074,1.2925341,1.2925341,0.0,0.0,0.0,2.0380776,0.0,1.2925341,0.0,0.0,0.0,0.51185834,GSE165399,PASC
CELL_0250,0.0,0.0,2.335396,1.9285631,2.136288,0.0,0.0,1.2992151,1.6321521,0.0,1.6321521,0.0,0.0,1.6321521,1.8107387,2.220769,1.2992151,0.0,0.0,2.3572874,0.0,1.2992151,2.4828076,2.0147471,2.2845905,2.544621,1.8107387,0.0,0.0,2.6056132,1.9285631,2.2546675,2.6467862,0.0,0.0,0.0,0.0,1.2992151,0.0,1.6321521,0.0,2.7663808,1.2992151,0.0,0.0,0.0,0.0,2.136288,0.0,0.0,1.6321521,0.0,0.0,0.4542488,GSE165399,PASC
CELL_0251,0.0,0.0,1.8252435,0.0,0.0,0.0,0.0,0.0,0.0,0.0,1.8252435,0.0,0.0,1.8252435,1.8252435,0.0,2.2733188,0.0,0.0,2.711273,1.8252435,0.0,2.5830107,2.5451007,2.7296338,2.3720937,1.8252435,1.8252435,0.0,0.0,2.6910973,1.8252435,1.8252435,1.8252435,0.0,0.0,0.0,0.0,0.0,0.0,0.0,2.5451007,2.6687467,0.0,1.8252435,0.0,0.0,2.7763414,0.0,0.0,0.0,0.0,0.0,0.55566764,GSE165399,PASC
CELL_0252,2.7260747,0.0,0.0,0.0,0.0,0.0,0.0,0.0,0.0,2.223515,0.0,2.223515,0.0,0.0,0.0,0.0,0.0,0.0,0.0,0.0,0.0,0.0,0.0,0.0,0.0,0.0,0.0,0.0,0.0,0.0,0.0,0.0,0.0,0.0,0.0,0.0,0.0,0.0,2.7260747,0.0,0.0,0.0,0.0,0.0,0.0,0.0,2.4971185,2.4971185,2.9975426,0.0,0.0,0.0,0.0,0.44800994,GSE165399,normal
CELL_0253,2.281183,0.0,1.6928287,2.5091789,0.0,0.0,0.0,0.0,0.0,0.0,2.7691476,0.0,0.0,0.0,2.01015,2.01015,0.0,0.0,0.0,2.885684,0.0,2.01015,2.4682662,2.174274,2.5091789,2.3589463,0.0,2.4193223,0.0,2.8008387,2.7170613,2.7313929,2.9243932,1.6928287,0.0,0.0,0.0,0.0,0.0,1.6928287,0.0,3.0743203,0.0,1.6928287,0.0,0.0,0.0,2.4682662,0.0,1.6928287,1.6928287,0.0,0.0,0.53056586,GSE165399,PASC
CELL_0254,0.0,0.0,2.1790628,1.9806591,0.0,0.0,0.0,0.0,0.0,0.0,1.4732444,0.0,0.0,1.4732444,2.2440655,1.4732444,0.0,0.0,0.0,0.0,0.0,1.4732444,2.1790628,2.2440655,1.4732444,0.0,0.0,1.9806591,0.0,2.2440655,2.529805,1.9806591,2.4892738,1.4732444,0.0,0.0,0.0,0.0,1.4732444,0.0,0.0,1.8055459,2.1790628,2.7957404,0.0,0.0,0.0,2.906805,0.0,2.6639483,1.8055459,0.0,0.0,0.5096143,GSE165399,PASC
CELL_0255,2.515118,0.0,0.0,0.0,0.0,1.4715416,0.0,0.0,1.4715416,1.6546464,0.0,0.0,1.7765774,0.0,1.8661823,0.0,0.0,0.0,0.0,0.0,0.0,0.0,0.0,2.3424768,0.0,0.0,0.0,0.0,0.0,1.1379673,0.0,1.6546464,2.4541667,1.4715416,1.4715416,0.0,0.0,1.1379673,2.4377387,0.0,0.0,0.0,0.0,0.0,0.0,1.4715416,2.116733,2.245055,2.5473323,0.0,1.4715416,0.0,0.0,0.47705826,GSE165399,normal
CELL_0256,3.3292348,0.0,0.0,0.0,0.0,0.0,0.0,0.0,0.0,0.0,0.0,0.0,0.0,0.0,0.0,0.0,0.0,0.0,0.0,0.0,0.0,0.0,0.0,3.3292348,0.0,0.0,0.0,0.0,0.0,0.0,0.0,3.6450574,3.7149835,0.0,0.0,0.0,0.0,0.0,0.0,0.0,0.0,0.0,0.0,0.0,0.0,0.0,0.0,0.0,0.0,0.0,3.3292348,0.0,0.0,0.50225556,GSE165399,normal
CELL_0257,1.7587314,0.0,0.0,1.1156803,0.0,0.0,1.1156803,0.0,1.4507029,1.7587314,1.1156803,0.0,0.0,0.0,2.0672174,0.0,0.0,1.1156803,0.0,1.4507029,0.0,1.7587314,2.410134,2.5004635,1.6354649,1.1156803,2.2331061,1.1156803,0.0,2.2875373,0.0,2.0672174,1.6354649,0.0,0.0,0.0,0.0,1.1156803,1.9202039,0.0,0.0,1.7587314,2.025969,1.8494017,0.0,0.0,1.4507029,2.517928,1.4507029,1.1156803,1.8494017,2.1348426,1.4507029,0.2360184,GSE165399,PASC
CELL_0258,0.0,0.0,2.0570283,0.0,0.0,0.0,0.0,0.0,2.0570283,2.0570283,2.0570283,0.0,0.0,0.0,0.0,0.0,0.0,0.0,0.0,2.3850863,0.0,0.0,0.0,0.0,0.0,2.0570283,0.0,0.0,0.0,2.552461,2.0570283,0.0,2.6608782,0.0,0.0,0.0,0.0,0.0,0.0,0.0,0.0,0.0,0.0,2.3850863,0.0,0.0,0.0,2.3850863,3.5226886,0.0,0.0,0.0,0.0,0.48795062,GSE165399,PASC
CELL_0259,0.96521556,0.0,2.205207,2.1703556,1.4933496,0.0,0.0,0.0,2.0245724,1.4933496,2.6501946,0.0,0.0,0.0,1.4933496,0.0,0.0,0.0,0.0,2.4407022,0.96521556,0.96521556,2.275447,1.9905609,1.7947698,2.13,1.6231368,2.1072268,0.0,2.539309,2.1703556,2.13,2.3295562,0.0,0.0,0.0,0.0,0.96521556,0.0,0.0,0.0,2.5593722,2.4096212,0.0,0.0,0.0,0.0,2.2873244,0.0,0.0,1.4933496,0.0,0.0,0.4806347,GSE165399,PASC
CELL_0260,0.0,0.0,0.0,2.2853525,0.0,0.0,0.0,0.0,2.2853525,0.0,3.2134936,0.0,0.0,2.2853525,2.2853525,0.0,2.2853525,0.0,0.0,2.8986058,0.0,2.7831306,3.1847198,2.8986058,2.9396532,3.1229043,2.2853525,2.2853525,0.0,2.5564592,3.090767,3.1370885,2.8986058,0.0,0.0,0.0,0.0,0.0,0.0,0.0,2.2853525,3.072363,2.2853525,2.2853525,0.0,0.0,0.0,3.1847198,2.2853525,2.7831306,0.0,0.0,0.0,0.537171,GSE165399,PASC
CELL_0261,1.6686162,0.0,2.3781533,2.3781533,0.0,0.0,0.0,0.0,1.6686162,0.0,2.8830216,0.0,0.0,1.6686162,2.1386795,0.0,0.0,0.0,0.0,2.8471997,0.0,1.9784418,2.6206815,0.0,2.8021598,2.8354497,0.0,2.4660802,0.0,2.1386795,2.8582122,2.6206815,2.5565417,0.0,0.0,0.0,0.0,0.0,0.0,1.6686162,0.0,2.9126103,1.6686162,0.0,0.0,0.0,0.0,2.5565417,0.0,0.0,0.0,0.0,0.0,0.5029192,GSE165399,PASC
CELL_0262,0.0,0.0,2.311954,1.7810986,2.2910614,0.0,0.0,2.44638,1.6068072,1.0158864,1.4102436,0.0,0.0,0.82927054,1.255883,1.9359051,2.3912544,0.0,0.0,2.0354323,0.54360247,1.151276,2.3833811,2.1003535,0.54360247,2.4695866,2.500273,1.5665947,0.0,2.3833811,2.0354323,2.1842642,2.485569,1.340194,0.0,0.0,0.0,0.82927054,0.54360247,1.9846941,1.151276,2.719788,0.82927054,0.82927054,0.0,0.0,0.0,2.3147779,0.0,2.0779061,1.340194,0.0,0.0,0.50592786,GSE165399,PASC
CELL_0263,0.0,0.0,0.0,0.0,0.0,0.0,0.0,0.0,1.8849347,2.1842752,1.8849347,0.0,0.0,2.1842752,0.0,0.0,2.1842752,0.0,0.0,2.7783134,0.0,2.1842752,2.843721,2.4369895,2.337454,2.9130182,0.0,0.0,0.0,1.8849347,2.6819675,0.0,0.0,0.0,0.0,0.0,0.0,0.0,0.0,0.0,0.0,0.0,2.4369895,0.0,0.0,0.0,0.0,2.7783134,0.0,2.8292751,0.0,0.0,0.0,0.5442319,GSE165399,PASC
CELL_0264,1.1802292,0.0,1.9241941,2.142991,1.7086029,0.0,0.0,1.1802292,0.0,0.0,1.8329207,0.0,0.0,0.0,0.0,1.995381,0.0,0.0,0.0,2.504622,0.0,0.0,2.5769627,1.8329207,2.0532138,2.3092978,1.1802292,2.142991,0.0,2.6991315,0.0,1.7086029,2.843015,0.0,0.0,0.0,0.0,1.9241941,1.1802292,1.8329207,0.0,2.6600072,1.7086029,1.1802292,0.0,0.0,0.0,1.9241941,0.0,0.0,0.0,0.0,0.0,0.4958322,GSE165399,PASC
CELL_0265,1.2225617,0.0,1.9761509,1.4126312,1.9455043,0.0,0.89374524,0.0,2.0037894,0.89374524,2.2976427,0.0,0.0,1.2225617,0.89374524,1.8278781,1.5421042,0.0,0.0,2.2722142,1.7141345,0.0,2.2810152,2.4079628,2.1728601,1.7759659,1.7759659,2.0926597,0.0,2.488922,0.89374524,1.911206,2.1988332,0.0,0.0,0.0,0.0,1.2225617,0.0,1.7141345,0.0,2.716791,1.5421042,1.5421042,0.0,0.0,0.0,1.7141345,0.0,1.5421042,1.6384171,0.0,0.0,0.4666655,GSE165399,PASC
CELL_0266,1.2144432,0.0,1.9517162,2.0543532,1.7874571,0.0,0.0,1.2144432,1.3695632,0.0,2.2173784,0.0,0.0,1.5681008,0.51267606,0.51267606,1.6046449,0.0,0.0,2.342277,1.2144432,1.4816533,2.2600572,1.7448195,2.2094018,2.2957582,1.637735,1.9021087,0.0,2.314123,2.3310075,1.940114,2.4895697,1.1098131,0.0,0.0,0.0,0.0,0.0,1.6046449,0.51267606,2.3837795,1.6046449,0.9750805,0.0,0.0,0.0,1.4296069,0.0,0.51267606,0.51267606,0.0,0.51267606,0.49181184,GSE165399,PASC
CELL_0267,0.0,0.0,2.2384,2.7016919,2.51443,0.0,0.0,2.6626036,1.7840517,0.0,2.0842042,0.0,0.0,1.7840517,0.0,2.3387265,0.0,0.0,0.0,2.7626169,0.0,1.7840517,2.7490528,2.411718,2.6399283,2.7626169,2.411718,2.0842042,0.0,2.787187,2.3387265,2.3387265,3.0113368,1.7840517,0.0,0.0,0.0,1.7840517,0.0,2.2384,0.0,2.8542624,0.0,0.0,0.0,0.0,0.0,2.3387265,0.0,0.0,0.0,0.0,0.0,0.50475234,GSE165399,PASC
CELL_0268,1.9654852,0.0,0.0,0.0,0.0,2.242087,0.0,0.0,0.0,2.3831956,0.0,0.0,0.0,0.0,0.0,0.0,0.0,0.0,0.0,0.0,0.0,0.0,0.0,1.9654852,0.0,0.0,1.9654852,1.9654852,0.0,1.9654852,0.0,0.0,1.9654852,0.0,0.0,1.9654852,0.0,0.0,0.0,0.0,0.0,0.0,0.0,0.0,0.0,0.0,2.242087,0.0,0.0,0.0,0.0,0.0,2.242087,0.11910394,GSE165399,normal
CELL_0269,0.0,0.0,0.0,2.1375232,2.428903,0.0,0.0,0.0,2.1375232,2.1375232,2.576897,0.0,0.0,2.1375232,2.6728787,0.0,0.0,0.0,0.0,0.0,2.428903,2.1375232,2.428903,2.428903,0.0,0.0,0.0,0.0,0.0,2.7968106,0.0,0.0,2.9364872,0.0,0.0,0.0,0.0,0.0,0.0,0.0,0.0,3.0652573,2.1375232,0.0,0.0,0.0,0.0,2.1375232,0.0,0.0,2.428903,0.0,0.0,0.4810255,GSE165399,PASC
CELL_0270,1.8594568,0.0,0.0,0.0,0.0,0.0,0.0,0.0,1.5405326,1.8594568,1.5405326,0.0,0.0,1.8594568,1.5405326,0.0,2.134866,0.0,0.0,2.7808783,0.0,2.2141707,2.0260072,2.4618824,2.2141707,2.2141707,0.0,2.0260072,0.0,0.0,2.4344041,2.0260072,2.4864292,0.0,0.0,0.0,0.0,0.0,0.0,0.0,0.0,2.0260072,2.0260072,0.0,0.0,0.0,0.0,2.2141707,0.0,0.0,2.0260072,0.0,0.0,0.5659654,GSE165399,PASC
CELL_0271,1.0109596,0.0,2.2842789,2.185005,2.2714424,0.0,0.0,2.0195045,1.4510174,0.0,1.6035126,0.0,0.0,1.3459603,0.6935382,1.5346462,2.3395026,0.0,0.0,2.4334702,0.6935382,2.001398,2.6375687,2.175402,2.2031715,2.6854882,2.2507706,1.7117491,0.0,2.387703,1.9390987,2.6193364,2.7605398,1.0109596,0.0,0.0,0.0,0.6935382,0.0,1.8604019,0.6935382,2.7631063,0.6935382,0.0,0.0,0.0,0.0,2.3022933,1.3459603,1.3459603,1.0109596,0.0,0.0,0.49583754,GSE165399,PASC
CELL_0272,1.2819388,0.0,2.0645242,1.7930386,2.2037346,0.0,0.0,1.2819388,1.9109981,0.0,1.2819388,0.0,0.0,1.2819388,0.0,2.2676938,1.7930386,0.0,0.0,2.4121382,0.0,0.0,2.440916,2.294471,2.379117,2.4663517,2.379117,1.9973152,0.0,2.5370407,2.11908,2.11908,2.8406029,1.6143831,0.0,0.0,0.0,0.0,0.0,1.9109981,0.0,2.907266,1.6143831,0.0,0.0,0.0,0.0,2.3186111,0.0,1.2819388,1.2819388,0.0,0.0,0.4835547,GSE165399,PASC
CELL_0273,0.0,0.0,2.4567423,1.5195374,1.5195374,0.0,0.0,1.8352131,0.0,0.0,1.8352131,0.0,0.0,0.0,2.1080468,0.0,0.0,0.0,0.0,2.1080468,0.0,2.4051073,2.6532161,2.564012,2.3387704,2.0001762,0.0,0.0,0.0,1.5195374,2.1080468,0.0,2.1080468,1.5195374,0.0,0.0,0.0,0.0,0.0,0.0,1.5195374,2.0001762,2.1080468,1.5195374,0.0,0.0,0.0,2.8419013,0.0,2.9691262,1.5195374,1.5195374,0.0,0.8711845,GSE165399,PASC
CELL_0274,1.3748466,0.0,1.2452103,1.3748466,1.8187599,0.0,0.0,1.7117027,0.7464796,0.7464796,1.4722793,0.0,0.7464796,0.7464796,0.7464796,1.7517017,1.897141,0.0,0.0,1.8187599,0.0,0.0,1.8473393,1.6126347,0.7464796,1.939362,2.0078883,1.5493847,0.0,2.3402457,1.3748466,1.8473393,2.660073,1.2452103,0.0,0.0,0.0,1.3748466,0.0,1.9190658,0.0,2.0737717,1.2452103,0.0,0.0,0.0,0.0,1.7517017,0.0,0.0,0.0,0.0,0.0,0.4757016,GSE165399,PASC
CELL_0275,0.0,0.0,2.323646,1.6901716,1.1772177,0.0,0.0,1.5092213,1.6901716,1.1772177,1.1772177,0.0,0.0,1.5092213,1.5092213,0.0,0.0,0.0,0.0,1.5092213,1.6901716,1.8985002,1.8103251,2.5420566,1.1772177,0.0,0.0,1.1772177,0.0,1.6901716,0.0,1.5092213,1.5092213,0.0,0.0,0.0,0.0,0.0,0.0,1.1772177,2.530561,1.8103251,2.2502294,1.8985002,0.0,0.0,0.0,2.289783,0.0,2.2277262,1.1772177,0.0,0.0,0.8477436,GSE165399,PASC
CELL_0276,1.4956973,0.0,2.079381,0.69969696,0.69969696,0.0,0.0,0.0,0.0,1.3202091,0.0,0.0,0.0,0.0,0.0,1.4180539,1.4956973,0.0,0.0,1.004927,0.0,1.7359684,2.1717448,1.7970142,0.0,1.7001231,1.1905705,1.1905705,0.0,2.0020864,1.004927,1.613331,2.130187,1.004927,0.0,0.0,0.0,1.4180539,0.0,0.69969696,0.0,1.5595092,1.5595092,0.0,0.0,0.0,0.0,1.5595092,0.0,0.69969696,0.0,0.0,0.0,0.4536807,GSE165399,PASC
CELL_0277,1.7597734,0.0,0.0,0.0,0.0,0.0,0.0,0.0,1.7597734,0.0,0.0,0.0,0.0,0.0,0.0,0.0,0.0,0.0,0.0,2.1131334,0.0,1.7597734,1.7597734,0.0,0.0,0.0,0.0,1.7597734,0.0,1.7597734,1.7597734,2.1131334,2.2967618,0.0,2.4163213,0.0,0.0,0.0,0.0,0.0,0.0,2.5031478,1.7597734,1.7597734,0.0,0.0,0.0,0.0,3.3681319,0.0,0.0,0.0,1.7597734,0.46029252,GSE165399,PASC
CELL_0278,2.8956718,0.0,0.0,0.0,0.0,2.2895792,0.0,0.0,0.0,2.5574248,0.0,0.0,2.5574248,0.0,0.0,0.0,0.0,0.0,0.0,0.0,0.0,0.0,0.0,2.9995027,0.0,0.0,0.0,0.0,0.0,2.5574248,0.0,0.0,2.6932404,0.0,0.0,0.0,0.0,0.0,2.8456929,0.0,0.0,0.0,2.2895792,0.0,0.0,2.5574248,2.8456929,2.781459,3.117736,0.0,2.781459,0.0,0.0,0.45765552,GSE165399,normal
CELL_0279,0.0,0.0,2.2312863,1.3514638,2.50447,0.0,0.0,1.6849982,0.0,0.0,2.2312863,0.0,0.0,0.0,1.8628979,2.3835144,0.0,0.0,0.0,2.5724285,0.0,1.8628979,2.7300355,2.2698958,1.8628979,2.4907007,2.4433513,1.3514638,0.0,2.6757848,1.6849982,2.2312863,2.4433513,1.6849982,0.0,0.0,0.0,1.3514638,0.0,2.4602733,0.0,2.8262901,1.6849982,1.3514638,0.0,0.0,0.0,1.3514638,0.0,0.0,1.6849982,0.0,0.0,0.51065135,GSE165399,PASC
CELL_0280,1.5921475,0.0,1.9171981,1.5921475,0.0,0.0,0.0,0.0,1.5921475,0.0,0.0,0.0,0.0,1.9171981,0.0,0.0,1.5921475,0.0,0.0,2.7538915,0.0,1.5921475,2.5010529,2.5761585,1.9171981,2.4333065,0.0,1.9171981,0.0,1.9171981,2.7347486,2.2777398,2.2777398,0.0,0.0,0.0,0.0,0.0,0.0,1.5921475,0.0,2.5288854,2.6769087,1.9171981,0.0,0.0,0.0,2.5288854,1.5921475,2.390948,1.5921475,0.0,0.0,0.53313786,GSE165399,PASC
CELL_0281,0.84251,0.0,1.35813,1.1676732,0.84251,0.0,0.0,1.6629134,1.9831724,2.0066037,1.4886764,0.0,0.0,0.0,1.8981988,0.0,0.84251,0.0,0.0,0.84251,1.6629134,2.180241,2.3079143,2.2487512,1.8981988,1.1676732,0.84251,0.0,0.0,1.4886764,1.9575726,0.0,0.84251,1.1676732,0.0,0.0,0.0,0.84251,0.0,0.84251,1.9831724,1.5861303,1.6629134,1.1676732,0.0,0.0,0.0,2.5071204,0.84251,2.416792,0.0,0.0,0.0,0.80110544,GSE165399,PASC
CELL_0282,0.94393116,0.0,1.8969291,1.5797299,1.8542827,0.0,0.94393116,0.0,1.7452056,1.5797299,1.7452056,0.0,0.0,0.94393116,1.8542827,0.94393116,0.0,0.0,0.0,2.1847048,0.94393116,0.0,1.7452056,2.0227494,2.0227494,2.2211173,1.6724658,1.8542827,0.0,1.9962862,2.1078553,2.1847048,2.5813007,0.94393116,0.0,0.0,0.0,1.4545761,0.0,1.7452056,0.0,2.4150152,0.94393116,0.0,0.0,0.0,0.0,1.8542827,0.0,1.2694875,0.94393116,0.0,0.0,0.50134015,GSE165399,PASC
CELL_0283,0.0,0.0,0.0,0.0,0.0,0.0,0.0,0.0,0.0,2.2117054,0.0,0.0,0.0,0.0,0.0,0.0,0.0,0.0,0.0,0.0,0.0,0.0,0.0,0.0,0.0,0.0,0.0,1.6769106,0.0,1.6769106,0.0,2.0282702,2.585948,0.0,0.0,0.0,0.0,0.0,1.6769106,0.0,0.0,0.0,0.0,0.0,0.0,0.0,0.0,0.0,3.2961273,0.0,0.0,0.0,0.0,0.46802458,GSE165399,normal
CELL_0284,1.6489787,0.0,0.0,0.0,0.0,0.0,0.0,0.0,2.1238933,1.9618301,2.7010381,0.0,0.0,2.2295516,1.9618301,0.0,2.2295516,0.0,0.0,2.808973,1.6489787,2.5704205,2.808973,2.546606,2.7127523,2.7872396,0.0,0.0,0.0,1.6489787,2.455127,1.6489787,1.9618301,0.0,0.0,0.0,0.0,0.0,0.0,0.0,1.6489787,1.6489787,2.5704205,2.7711835,0.0,0.0,0.0,1.6489787,0.0,2.83441,0.0,0.0,0.0,0.5695216,GSE165399,PASC
CELL_0285,0.0,0.0,0.0,0.0,0.0,0.0,0.0,0.0,0.0,0.0,0.0,0.0,0.0,0.0,0.0,0.0,0.0,0.0,0.0,0.0,0.0,0.0,0.0,3.0663881,0.0,0.0,0.0,3.0663881,0.0,3.283877,0.0,0.0,3.0663881,0.0,3.0663881,0.0,3.0663881,0.0,0.0,3.0663881,0.0,0.0,0.0,0.0,0.0,0.0,0.0,0.0,3.283877,0.0,0.0,0.0,0.0,0.13666497,GSE165399,normal
CELL_0286,0.0,0.0,1.1240668,1.1240668,0.0,0.0,0.0,0.0,0.0,1.4556957,1.637961,0.0,0.0,0.0,0.0,0.0,2.1575608,0.0,0.0,1.1240668,0.0,1.1240668,2.1296802,1.1240668,1.1240668,0.0,0.0,1.4556957,0.0,2.0984604,1.1240668,1.4556957,1.9750559,0.0,1.1240668,0.0,1.1240668,1.1240668,0.0,1.637961,0.0,1.8486868,1.759406,0.0,0.0,0.0,1.1240668,1.759406,2.6167908,1.4556957,0.0,1.1240668,0.0,0.17210925,GSE165399,PASC
CELL_0287,2.2598224,0.0,0.0,0.0,2.2598224,0.0,0.0,0.0,0.0,2.2598224,2.2598224,2.2598224,0.0,0.0,0.0,0.0,0.0,0.0,0.0,0.0,0.0,0.0,0.0,2.9517534,0.0,0.0,0.0,0.0,0.0,0.0,0.0,0.0,0.0,0.0,0.0,0.0,0.0,0.0,2.9517534,0.0,0.0,0.0,0.0,0.0,0.0,0.0,0.0,2.6924598,3.1103663,0.0,0.0,0.0,0.0,0.3981962,GSE155698,tumor
CELL_0288,1.4521511,0.0,0.0,0.0,0.0,0.0,0.0,1.7858105,0.0,2.0899305,1.1226903,1.1226903,0.0,0.0,0.0,0.0,0.0,0.0,0.0,0.0,0.6232762,0.0,0.0,2.0286474,0.0,0.0,1.3672796,0.0,0.0,0.0,0.0,0.0,2.2421095,1.3672796,0.0,0.0,0.0,0.0,1.2612623,0.0,0.0,0.0,0.92870086,0.0,0.0,0.0,0.0,1.5223211,1.6330459,0.0,1.1226903,0.0,0.0,0.47659126,GSE155698,tumor
CELL_0289,2.5983944,0.0,0.0,0.0,0.0,0.0,0.0,0.0,0.0,0.0,0.0,0.0,0.0,0.0,0.0,0.0,0.0,0.0,0.0,0.0,0.0,0.0,0.0,3.058698,0.0,0.0,2.5983944,0.0,0.0,0.0,0.0,0.0,0.0,0.0,0.0,0.0,0.0,0.0,0.0,0.0,0.0,0.0,0.0,0.0,0.0,0.0,0.0,3.058698,2.9761088,0.0,0.0,0.0,0.0,0.41672897,GSE155698,tumor
CELL_0290,1.1210644,0.0,0.0,0.38924807,0.0,0.0,0.80196035,0.0,1.1210644,1.9573389,1.7287638,0.0,0.80196035,0.0,0.38924807,0.0,0.0,0.0,0.0,0.0,0.0,1.0356451,0.80196035,2.5903063,0.80196035,1.6354387,0.38924807,0.0,0.0,1.8136632,0.0,1.2553232,1.1210644,0.6309951,0.0,0.0,0.0,0.0,1.0356451,0.0,0.38924807,0.38924807,0.0,0.0,0.0,0.0,0.38924807,1.7446072,0.0,0.0,0.80196035,0.0,0.0,0.36639908,GSE155698,tumor
CELL_0291,1.8892064,1.3245889,0.0,0.0,0.0,0.0,0.0,0.0,1.3245889,1.9416757,0.0,1.3245889,1.3245889,0.0,0.0,0.0,0.0,0.0,0.0,0.0,0.0,0.0,0.0,2.3888173,0.0,0.0,1.5198169,0.0,0.0,0.0,0.0,0.0,0.0,0.0,1.6519426,0.0,0.0,1.3245889,1.5198169,0.0,0.0,0.0,0.0,0.0,0.0,0.9822393,0.0,2.060351,0.0,0.0,1.5198169,0.0,0.0,0.3932735,GSE155698,tumor
CELL_0292,3.3144705,0.0,0.0,0.0,0.0,0.0,0.0,0.0,0.0,3.3144705,0.0,0.0,0.0,0.0,0.0,0.0,0.0,0.0,0.0,0.0,0.0,0.0,0.0,3.3144705,0.0,0.0,0.0,0.0,0.0,0.0,0.0,0.0,0.0,0.0,0.0,0.0,0.0,0.0,0.0,0.0,0.0,0.0,0.0,0.0,0.0,0.0,0.0,0.0,0.0,0.0,0.0,0.0,0.0,0.3911493,GSE155698,tumor
CELL_0293,2.0558102,1.1925404,0.0,0.0,2.0494733,0.0,0.0,1.5434898,0.4338743,1.9199278,0.4338743,0.69098353,0.8685257,0.0,1.5087937,0.8685257,0.0,0.0,0.0,0.0,0.4338743,0.4338743,0.0,2.575488,0.0,0.0,0.69098353,0.0,0.0,1.3805166,0.0,0.69098353,0.69098353,0.4338743,0.0,0.0,0.0,0.8685257,0.4338743,0.0,0.0,0.4338743,1.0015882,0.0,0.0,0.0,0.0,2.0962505,1.4281019,0.0,0.4338743,0.0,0.0,0.38909486,GSE155698,tumor
CELL_0294,1.9135277,0.5282223,0.0,0.22629267,1.1210494,0.22629267,0.5282223,0.0,0.39515257,1.7648817,1.2232221,1.3740534,1.1578118,0.0,0.93516123,0.39515257,0.0,0.0,0.0,0.0,0.72841126,0.0,0.0,1.9979848,0.0,0.0,0.6370294,0.5282223,0.0,1.0810223,0.0,0.988857,1.3055953,0.8067377,0.6370294,0.0,0.0,0.0,1.1578118,0.0,0.0,0.6370294,1.8359494,0.0,0.22629267,0.8749607,0.39515257,1.9800668,2.4902706,0.0,0.8749607,0.0,0.0,0.37048674,GSE155698,tumor
CELL_0295,0.0,0.0,0.0,0.0,1.0954869,0.0,0.0,0.0,1.0954869,2.0624804,0.0,0.0,0.0,0.0,0.0,0.0,0.0,0.0,0.0,0.0,0.0,0.0,0.0,2.2434673,0.0,0.0,1.4235559,0.0,0.0,0.0,0.0,0.0,0.0,1.0954869,0.0,0.0,0.0,0.0,0.0,0.0,0.0,1.0954869,0.0,0.0,0.0,0.0,0.0,1.0954869,1.604398,0.0,0.0,0.0,0.0,0.45003513,GSE155698,tumor
CELL_0296,0.0,0.0,0.0,0.0,1.7536492,0.0,0.0,0.0,0.0,2.0459313,0.0,0.0,0.0,0.0,0.0,0.0,0.0,0.0,0.0,0.0,0.0,1.4605691,0.0,2.3970397,0.0,0.0,2.1368988,0.0,0.0,0.0,0.0,0.0,0.0,0.0,0.0,0.0,0.0,0.0,0.0,0.0,0.0,0.0,2.2699454,0.0,0.0,0.0,0.0,1.4605691,1.9611909,0.0,0.0,0.0,0.0,0.48223677,GSE155698,tumor
CELL_0297,1.9600314,1.4298987,0.0,1.0947553,0.0,0.0,1.4298987,0.0,0.0,1.4298987,0.0,0.0,1.0947553,0.0,1.8307177,0.0,0.0,0.0,0.0,0.0,0.0,0.0,0.0,2.3652856,0.0,0.0,0.0,0.0,0.0,0.0,0.0,0.0,0.0,0.0,1.4298987,0.0,0.0,0.0,1.8307177,0.0,0.0,0.0,0.0,0.0,0.0,0.0,1.4298987,1.7394375,2.480549,0.0,1.0947553,0.0,0.0,0.38782796,GSE155698,tumor
CELL_0298,2.62978,0.0,0.0,0.0,0.0,0.0,0.0,3.1448278,3.3054607,0.0,0.0,0.0,0.0,2.62978,0.0,0.0,0.0,0.0,0.0,0.0,2.62978,2.62978,2.9111493,3.211554,0.0,3.4412363,0.0,0.0,0.0,0.0,0.0,0.0,0.0,0.0,0.0,0.0,0.0,0.0,0.0,0.0,2.9111493,3.3708494,2.62978,3.909519,0.0,0.0,0.0,3.2633893,0.0,2.9111493,0.0,0.0,0.0,1.0,GSE155698,tumor
CELL_0299,1.3174253,0.0,0.0,1.835575,0.0,0.0,0.0,0.0,1.1245065,1.9328492,0.0,0.0,1.4506029,0.0,0.8000004,0.0,0.0,0.0,0.0,0.0,0.0,0.0,1.4506029,2.2418213,0.0,0.0,1.6292636,0.0,0.0,0.8000004,0.0,0.8000004,2.3525157,0.8000004,0.0,0.0,0.0,1.1245065,1.1245065,0.0,0.0,0.0,0.0,0.0,0.0,0.0,0.0,2.0633435,1.8715943,0.0,0.8000004,0.0,0.0,0.457776,GSE155698,tumor
CELL_0300,1.5928419,0.0,0.0,0.0,1.0160999,0.0,0.0,1.5928419,0.0,2.4561265,0.0,0.0,0.0,0.0,0.0,0.0,0.0,0.0,0.0,0.0,0.0,0.0,1.0160999,1.0160999,0.0,0.0,2.0511813,0.0,0.0,0.0,0.0,1.5928419,2.0511813,1.3820317,0.0,0.0,0.0,1.3820317,0.0,0.0,0.0,0.0,1.5928419,0.0,0.0,0.0,0.0,3.0021305,2.6866672,0.0,2.1000545,0.0,0.0,0.49671438,GSE155698,tumor
CELL_0301,1.7004449,0.0,0.0,1.4563494,0.0,0.0,0.0,0.0,0.919729,1.7870239,0.0,1.3496196,0.0,0.0,1.0344162,0.0,0.5647119,0.0,0.0,0.0,0.24625266,0.5647119,0.4255996,2.4146373,0.0,0.0,0.7708574,0.0,0.0,0.0,0.0,0.0,0.0,0.9804499,0.0,0.0,0.0,0.5647119,0.0,0.0,0.0,1.4372734,1.9336468,0.0,0.0,0.0,0.0,1.7094033,0.0,0.0,1.8068712,0.0,0.0,0.5198597,GSE155698,tumor
CELL_0302,1.9270803,0.0,0.0,1.622857,0.0,0.0,0.0,1.622857,0.0,0.0,0.0,0.0,1.622857,0.0,1.9270803,1.9270803,0.0,0.0,0.0,0.0,0.0,0.0,0.0,1.9270803,0.0,0.0,1.9270803,0.0,0.0,0.0,0.0,0.0,1.622857,1.622857,0.0,0.0,0.0,0.0,0.0,0.0,0.0,0.0,2.819291,0.0,0.0,0.0,0.0,2.5197556,0.0,0.0,2.1874557,0.0,0.0,0.8625982,GSE155698,tumor
CELL_0303,1.7874495,2.3151557,0.0,1.2750008,1.6081843,0.0,0.0,0.0,1.6081843,2.2909167,0.0,0.0,1.2750008,0.0,0.0,0.0,0.0,0.0,0.0,0.0,0.0,0.0,0.0,2.4968693,0.0,0.0,1.6081843,0.0,0.0,0.0,0.0,1.7874495,1.2750008,0.0,0.0,0.0,0.0,0.0,0.0,0.0,0.0,0.0,1.2750008,0.0,0.0,0.0,0.0,2.1998053,0.0,0.0,1.2750008,0.0,0.0,0.4033356,GSE155698,tumor
CELL_0304,1.2260212,0.0,0.0,1.688362,1.9732976,0.0,0.0,1.2260212,0.0,1.4834858,0.5326949,0.0,0.0,0.0,1.6618849,1.9732976,0.5326949,0.0,0.9929334,0.0,0.0,1.4335085,1.6330197,2.0956929,0.0,0.0,2.2283475,1.3078201,0.0,2.2314296,0.0,0.9929334,1.8584926,0.9929334,0.0,0.0,0.0,1.3078201,0.0,1.2260212,0.0,0.81135327,0.81135327,0.0,0.0,0.0,0.0,1.5273688,0.0,0.0,1.3757607,0.0,0.0,0.65510964,GSE155698,tumor
CELL_0305,1.9634153,2.4719415,0.0,0.0,0.0,0.0,1.8434258,0.0,1.3223314,1.8434258,0.0,1.3223314,0.0,0.0,1.6614999,0.0,0.0,0.0,0.0,0.0,0.0,0.0,0.0,2.5498407,0.0,0.0,0.0,0.0,0.0,0.0,0.0,1.3223314,1.6614999,0.0,0.0,0.0,0.0,0.0,2.0511506,0.0,0.0,0.0,1.3223314,0.0,0.0,0.0,1.3223314,2.4719415,2.752229,0.0,1.3223314,0.0,0.0,0.38722903,GSE155698,tumor
CELL_0306,3.1072347,0.0,0.0,0.0,0.0,0.0,3.1072347,0.0,0.0,3.5497327,0.0,0.0,0.0,0.0,0.0,0.0,0.0,0.0,0.0,0.0,0.0,0.0,0.0,3.1072347,0.0,0.0,0.0,0.0,0.0,0.0,0.0,0.0,0.0,0.0,0.0,0.0,0.0,0.0,3.3189957,0.0,0.0,0.0,0.0,0.0,0.0,0.0,0.0,0.0,0.0,0.0,0.0,0.0,0.0,0.38154057,GSE155698,tumor
CELL_0307,2.1097305,1.1482999,0.0,0.0,0.0,0.0,2.489327,0.0,0.0,1.9280415,1.4878678,1.4878678,1.4878678,0.0,1.3489498,0.0,0.0,0.0,0.0,0.0,0.0,0.0,0.0,2.5010319,0.0,0.0,0.81285745,0.0,0.0,0.0,0.0,1.1482999,0.81285745,0.0,0.81285745,0.0,0.0,0.81285745,1.3489498,0.0,0.0,0.0,0.0,0.0,1.1482999,0.81285745,0.81285745,1.8477719,2.276596,0.0,1.1482999,0.0,0.0,0.38382053,GSE155698,tumor
CELL_0308,1.7672073,0.0,0.0,0.80775833,0.80775833,0.0,0.0,0.0,0.0,2.2578297,0.0,0.0,0.80775833,0.0,0.0,0.0,0.0,0.0,0.0,0.0,0.0,0.0,0.80775833,1.8921094,0.0,0.0,1.465959,0.0,0.0,0.0,0.0,1.1359223,1.6468273,0.0,0.0,0.0,0.0,1.1359223,0.80775833,0.80775833,0.0,0.80775833,0.80775833,0.0,0.0,0.0,0.0,2.0860834,0.80775833,0.0,0.0,0.0,0.0,0.47593588,GSE155698,tumor
CELL_0309,1.1134487,0.9285366,0.0,1.1134487,0.0,0.0,0.0,0.0,0.9285366,1.9324816,0.632148,0.0,0.0,0.0,1.7610092,0.0,0.0,0.0,0.9285366,1.1134487,0.0,0.0,0.0,2.0628407,0.0,0.0,1.5917503,0.632148,0.0,1.733719,0.0,0.632148,1.3438026,0.632148,0.0,0.0,0.0,0.632148,0.0,0.0,0.0,0.9285366,2.0628407,0.0,1.5440223,0.0,0.0,1.8502547,0.0,0.0,0.0,0.0,1.9324816,0.41302618,GSE155698,tumor
CELL_0310,1.6749861,0.0,0.0,0.0,0.0,0.0,0.0,0.0,0.0,1.9943153,0.0,1.0521127,1.3756982,0.0,1.0521127,0.0,0.0,0.0,0.0,0.0,0.0,0.0,0.0,2.2604105,0.0,0.0,1.0521127,0.0,0.0,0.0,0.0,1.2428814,1.7998369,1.0521127,0.0,0.0,0.0,1.0521127,1.2428814,0.0,0.0,0.0,1.2428814,0.0,0.0,0.73664314,0.0,1.7221556,2.0701106,0.0,0.73664314,0.0,0.0,0.37726954,GSE155698,tumor
CELL_0311,0.0,0.0,3.4399307,0.0,0.0,0.0,0.0,0.0,0.0,3.4399307,0.0,0.0,0.0,0.0,0.0,0.0,0.0,0.0,0.0,0.0,0.0,0.0,0.0,3.2323747,0.0,0.0,0.0,0.0,0.0,0.0,0.0,0.0,0.0,3.2323747,0.0,0.0,0.0,0.0,0.0,0.0,0.0,0.0,0.0,0.0,0.0,0.0,0.0,3.4399307,3.5459912,0.0,0.0,0.0,0.0,0.4136467,GSE155698,adjacent_normal
CELL_0312,0.0,0.0,0.0,0.0,0.0,0.0,0.0,0.0,0.0,0.0,0.0,0.0,0.0,0.0,2.0908794,0.0,0.0,0.0,0.0,0.0,0.0,0.0,0.0,2.8757212,0.0,0.0,0.0,0.0,0.0,0.0,0.0,2.0908794,0.0,2.0908794,0.0,0.0,0.0,0.0,0.0,0.0,0.0,0.0,2.8437064,0.0,0.0,0.0,0.0,2.6354897,0.0,0.0,2.3871386,0.0,0.0,0.88853604,GSE155698,tumor
CELL_0313,2.1891274,0.0,0.0,0.0,0.0,0.0,0.0,0.0,0.0,0.0,0.0,0.0,1.8442414,0.0,0.0,0.0,0.0,0.0,0.0,0.0,0.0,0.0,0.0,1.5337045,0.0,0.0,1.5337045,0.0,0.0,1.5337045,0.0,0.0,0.0,2.0061638,0.0,0.0,0.0,1.5337045,0.0,0.0,0.0,0.0,2.7136374,0.0,0.0,0.0,0.0,2.4542866,1.8442414,0.0,1.5337045,0.0,0.0,0.74574095,GSE155698,tumor
CELL_0314,1.6401513,0.0,0.0,0.0,1.0932474,0.0,0.0,1.6401513,0.0,2.0681937,1.4865946,0.0,0.6040823,0.0,0.6040823,0.0,0.0,0.0,0.0,0.0,0.0,0.0,0.6040823,2.024708,0.0,0.0,1.5452034,0.0,0.0,1.3338304,0.0,0.0,1.7147515,1.0932474,0.6040823,0.0,0.0,0.9028602,0.9028602,0.0,0.0,0.0,0.6040823,0.0,0.0,0.0,0.0,1.8705999,2.4585145,0.0,0.6040823,0.0,0.0,0.448343,GSE155698,tumor
CELL_0315,3.1323743,0.0,0.0,0.0,3.3374982,0.0,0.0,0.0,0.0,0.0,0.0,0.0,0.0,0.0,0.0,0.0,0.0,0.0,0.0,0.0,0.0,0.0,0.0,3.5112555,0.0,0.0,3.1323743,0.0,0.0,3.4424388,0.0,0.0,3.1323743,0.0,0.0,0.0,0.0,0.0,0.0,0.0,0.0,0.0,0.0,0.0,0.0,0.0,0.0,0.0,0.0,0.0,0.0,0.0,0.0,0.4711969,GSE155698,tumor
CELL_0316,1.8005025,0.0,0.0,0.0,1.3016381,0.0,0.0,0.0,0.0,1.9150363,0.0,0.0,0.0,0.0,1.9987966,1.3016381,0.0,0.0,0.0,0.0,0.0,0.0,1.3016381,2.1612213,0.0,0.0,0.0,0.0,0.0,0.0,0.0,0.0,1.9150363,1.3016381,0.0,0.0,0.0,1.3016381,1.3016381,0.0,0.0,0.0,2.5983315,0.0,0.0,0.0,0.0,2.1169415,0.0,0.0,1.8005025,0.0,0.0,0.7938269,GSE155698,tumor
CELL_0317,1.5591421,0.3936867,0.0,0.3936867,0.0,0.15790002,0.15790002,0.0,0.7550379,1.592167,1.0960499,1.255129,0.15790002,0.0,1.5503743,0.15790002,1.1475866,0.0,0.0,0.28626448,0.0,0.0,0.15790002,2.2153544,0.0,0.0,1.325087,0.48554808,0.0,1.4484769,1.4484769,1.2152414,1.9507668,1.171307,0.0,0.0,0.0,1.171307,0.8957767,0.0,0.15790002,0.56543344,2.3495073,0.0,0.0,0.0,0.0,2.2483995,0.15790002,0.0,1.7879759,0.0,0.28626448,0.5222916,GSE155698,tumor
CELL_0318,3.5960915,3.1809533,0.0,0.0,0.0,0.0,0.0,0.0,0.0,3.3788707,0.0,0.0,0.0,0.0,0.0,0.0,0.0,0.0,0.0,0.0,0.0,0.0,0.0,0.0,0.0,0.0,0.0,0.0,3.1809533,0.0,0.0,3.1809533,0.0,0.0,0.0,0.0,0.0,0.0,0.0,0.0,0.0,0.0,0.0,0.0,0.0,0.0,3.1809533,0.0,3.3788707,0.0,3.1809533,0.0,0.0,0.18688138,GSE155698,tumor
CELL_0319,0.0,0.0,0.0,0.0,0.0,0.0,0.0,0.0,0.0,0.0,0.0,0.0,0.0,0.0,0.0,0.0,0.0,0.0,0.0,0.0,0.0,0.0,0.0,0.0,0.0,0.0,0.0,0.0,0.0,0.0,0.0,0.0,0.0,0.0,0.0,0.0,0.0,3.0703413,0.0,0.0,0.0,0.0,0.0,0.0,0.0,0.0,0.0,0.0,0.0,0.0,0.0,0.0,0.0,0.36876804,GSE155698,tumor
CELL_0320,1.9581332,1.6378392,0.0,0.0,0.6487169,0.0,0.0,0.0,0.0,2.0166724,0.6487169,1.381972,1.7533488,0.0,1.8381546,0.0,0.0,0.0,0.0,0.0,0.0,0.0,0.0,2.0534425,0.0,0.0,0.95373017,0.0,0.0,0.0,0.0,0.0,0.6487169,1.2792752,0.95373017,0.0,0.0,0.95373017,0.95373017,0.0,0.0,0.0,0.6487169,0.0,0.6487169,0.6487169,0.6487169,1.8123835,2.3749883,0.0,1.381972,0.0,0.0,0.3888614,GSE155698,tumor
CELL_0321,0.0,0.0,0.0,0.0,0.0,0.0,0.0,0.0,0.0,0.0,0.0,0.0,0.0,0.0,0.0,3.1955247,0.0,0.0,0.0,0.0,0.0,0.0,0.0,0.0,0.0,0.0,0.0,0.0,0.0,0.0,0.0,0.0,0.0,0.0,0.0,0.0,0.0,0.0,0.0,0.0,0.0,0.0,0.0,0.0,0.0,0.0,0.0,3.1955247,3.1955247,0.0,3.1955247,0.0,0.0,0.39688963,GSE155698,tumor
CELL_0322,0.0,0.0,0.0,0.0,0.0,0.0,0.0,0.0,0.0,0.0,0.0,0.0,0.0,0.0,0.0,0.0,0.0,0.0,0.0,0.0,0.0,0.0,0.0,3.1059303,0.0,0.0,2.557343,0.0,0.0,0.0,0.0,0.0,0.0,0.0,0.0,0.0,0.0,0.0,0.0,0.0,0.0,0.0,0.0,0.0,0.0,0.0,0.0,0.0,0.0,0.0,0.0,0.0,0.0,0.46475732,GSE155698,tumor
CELL_0323,1.9473382,0.0,0.0,0.0,1.1866586,0.0,0.0,0.0,1.4315012,1.5158265,0.9900591,0.0,0.0,0.0,0.0,0.0,0.0,0.0,0.0,0.0,0.0,0.6748655,0.0,1.9004306,0.0,0.0,0.6748655,0.0,0.0,0.0,0.0,0.6748655,0.9900591,0.6748655,0.0,0.0,0.0,1.1866586,0.0,0.0,0.0,0.0,2.4188778,0.0,0.0,0.0,0.0,1.7782531,0.6748655,0.0,1.8451136,0.0,0.0,0.8320704,GSE155698,tumor
CELL_0324,1.8683418,0.0,0.0,0.0,0.0,0.0,0.0,0.0,0.0,2.1525393,0.0,0.0,0.0,0.0,0.0,0.0,0.0,0.0,0.0,0.0,0.0,0.0,0.0,1.3330766,0.0,0.0,1.3330766,0.0,0.0,0.0,0.0,0.0,0.0,0.0,0.0,0.0,0.0,0.0,0.0,0.0,0.0,0.0,1.3330766,0.0,0.0,0.0,0.0,2.1525393,2.635488,0.0,0.0,0.0,0.0,0.43691635,GSE155698,tumor
CELL_0325,1.8292913,0.9096375,0.0,1.6461867,0.0,0.68638146,0.0,0.31620777,1.4932563,1.9693877,0.0,0.9933729,0.0,0.0,1.181729,1.7619216,0.0,0.0,0.0,0.31620777,0.0,0.0,0.9096375,2.5411582,0.0,0.0,0.68638146,0.0,0.0,0.31620777,0.0,1.0649002,1.1270292,1.181729,0.0,0.0,0.0,0.9096375,0.0,0.0,0.0,0.31620777,1.0649002,0.0,0.0,0.0,0.0,1.4685868,0.0,0.0,2.1639364,0.0,0.0,0.4574063,GSE155698,tumor
CELL_0326,1.5314488,0.0,0.0,0.0,1.4618844,0.6342426,0.0,0.0,0.6342426,2.0704277,1.8725308,1.3776729,0.94079065,0.0,0.0,0.0,0.0,0.0,0.0,0.0,0.0,0.0,0.0,2.471729,0.0,0.0,1.1344347,0.0,0.0,2.0583527,0.0,1.936108,2.2550673,0.94079065,0.0,0.0,0.0,0.0,0.0,0.0,0.0,0.94079065,0.94079065,0.0,0.0,0.0,1.1344347,1.1344347,0.94079065,0.0,0.0,0.0,0.0,0.38951164,GSE155698,tumor
CELL_0327,3.0806863,0.0,0.0,0.0,0.0,0.0,0.0,0.0,0.0,2.729978,0.0,0.0,2.729978,0.0,0.0,0.0,0.0,0.0,0.0,0.0,0.0,0.0,0.0,3.2580562,0.0,0.0,0.0,0.0,0.0,0.0,0.0,0.0,0.0,0.0,0.0,0.0,0.0,0.0,2.962536,0.0,0.0,0.0,0.0,0.0,0.0,0.0,0.0,0.0,0.0,0.0,0.0,0.0,0.0,0.39274478,GSE155698,tumor
CELL_0328,1.786534,0.0,0.0,0.9344045,0.0,0.9344045,0.0,0.0,0.0,2.0685852,0.9344045,0.0,1.6557256,0.0,0.0,0.0,0.0,0.0,0.0,0.0,0.0,0.0,0.0,2.0028021,0.0,0.0,1.2567177,0.0,0.0,0.0,0.0,0.0,1.2567177,1.2567177,0.0,0.0,0.0,0.0,0.0,0.0,0.0,0.0,0.0,0.0,0.0,0.0,0.0,1.5638878,2.2306933,0.0,0.9344045,0.0,0.0,0.4438606,GSE155698,tumor
CELL_0329,1.8378989,0.0,0.0,0.69930416,0.0,0.0,0.0,0.0,0.44266835,1.7019297,0.0,0.87453765,0.0,0.0,1.799103,0.0,0.0,0.0,0.0,0.0,0.0,0.87453765,0.44266835,2.4224792,0.0,0.0,0.87453765,0.0,0.0,0.0,0.0,0.87453765,1.3209584,1.3730936,0.0,0.0,0.0,1.191002,0.44266835,0.0,0.0,0.44266835,2.1811278,0.0,0.0,0.0,0.0,2.3902404,0.0,0.0,1.8611209,0.0,0.0,0.53824514,GSE155698,tumor
CELL_0330,1.3814083,1.1880571,0.0,0.73591894,0.0,0.0,0.8319082,0.0,0.0,1.6972955,1.2273265,0.9824072,0.91283685,0.0,1.3267238,0.0,0.0,0.27782822,0.0,0.27782822,0.0,0.9824072,1.5893116,2.1726074,0.0,0.0,1.0431448,0.0,0.0,0.6191555,0.27782822,0.4721789,0.8319082,0.27782822,0.0,0.0,0.0,0.6191555,2.003877,0.0,0.0,0.73591894,0.27782822,0.0,0.0,0.0,1.1448169,1.6651886,0.27782822,0.0,1.7073022,0.0,0.0,0.3653238,GSE155698,tumor
CELL_0331,0.0,0.0,0.0,3.189084,0.0,0.0,0.0,0.0,0.0,3.189084,0.0,0.0,0.0,0.0,0.0,0.0,0.0,0.0,0.0,0.0,0.0,0.0,0.0,3.560135,0.0,0.0,0.0,0.0,0.0,3.3897896,0.0,0.0,0.0,0.0,0.0,0.0,0.0,0.0,0.0,0.0,0.0,3.189084,0.0,0.0,0.0,0.0,0.0,3.189084,0.0,0.0,3.189084,0.0,0.0,0.46020237,GSE155698,tumor
CELL_0332,3.1417258,0.0,0.0,0.0,0.0,0.0,0.0,0.0,0.0,0.0,0.0,0.0,0.0,0.0,0.0,3.1417258,0.0,0.0,0.0,0.0,0.0,0.0,0.0,3.6522713,0.0,0.0,0.0,0.0,0.0,0.0,0.0,0.0,0.0,0.0,0.0,0.0,0.0,0.0,0.0,0.0,0.0,0.0,0.0,0.0,0.0,0.0,0.0,3.1417258,0.0,0.0,0.0,0.0,0.0,0.42465863,GSE155698,tumor
CELL_0333,1.762158,0.81754977,0.0,0.32173562,1.1337827,0.0,0.0,0.0,1.0008926,2.106552,0.5364447,1.4722611,1.3877574,0.0,0.69437736,0.0,0.0,0.0,0.0,0.0,0.0,0.0,0.0,2.2206848,0.0,0.0,0.81754977,0.0,0.0,0.5364447,0.0,0.91747755,2.0184288,1.0720466,1.3877574,0.0,0.0,0.32173562,0.32173562,0.0,0.0,0.5364447,0.5364447,0.0,0.0,0.32173562,0.32173562,1.9618368,2.2395024,0.0,1.0720466,0.0,0.0,0.3868588,GSE155698,tumor
CELL_0334,1.206626,0.0,0.0,0.0,0.0,0.0,0.0,1.5451322,0.0,1.5451322,0.0,0.0,1.5451322,0.0,0.0,0.0,0.0,0.0,0.0,0.0,0.0,0.0,1.206626,0.0,0.0,0.0,0.0,0.0,0.0,1.206626,0.0,0.0,1.5451322,0.0,0.0,0.0,0.0,0.0,1.5451322,0.0,0.0,0.0,1.206626,0.0,0.0,0.0,0.0,1.9414251,2.570355,0.0,0.0,0.0,0.0,0.41499072,GSE155698,tumor
CELL_0335,0.0,0.0,0.0,0.0,2.9455533,0.0,0.0,0.0,0.0,0.0,0.0,0.0,0.0,0.0,0.0,0.0,0.0,0.0,0.0,0.0,0.0,0.0,0.0,3.2615817,0.0,0.0,0.0,0.0,0.0,2.9455533,0.0,0.0,0.0,0.0,0.0,0.0,0.0,0.0,0.0,0.0,0.0,0.0,0.0,0.0,0.0,0.0,0.0,0.0,0.0,0.0,0.0,0.0,0.0,0.4627624,GSE155698,tumor
CELL_0336,1.582312,0.0,0.0,0.0,2.1237993,0.0,0.0,1.582312,0.0,2.4735518,0.0,0.0,0.0,0.0,0.0,1.2557008,0.0,0.0,0.0,0.0,1.2557008,0.0,0.0,1.9589378,0.0,0.0,2.0788445,0.0,0.0,1.582312,0.0,0.0,0.0,0.0,0.0,0.0,0.0,1.2557008,1.7579523,0.0,0.0,0.0,0.0,0.0,0.0,0.0,0.0,2.3825042,0.0,0.0,0.0,0.0,0.0,0.4546153,GSE155698,tumor
CELL_0337,1.8947448,0.29169416,0.0,0.0,0.9336274,0.4913227,0.0,0.0,0.7021024,1.7730681,1.3538706,1.1838357,1.1838357,0.0,1.0024121,0.0,0.0,0.0,0.0,0.0,0.0,0.0,0.0,1.7138416,0.0,0.0,1.1150646,0.0,0.0,0.16167144,0.0,0.4913227,1.260781,0.64027894,0.4913227,0.4913227,0.0,0.4913227,1.0333289,0.0,0.0,0.4913227,0.16167144,0.0,0.0,0.39962077,0.4913227,1.4607191,0.4913227,0.0,0.7575384,0.0,0.0,0.40581283,GSE155698,tumor
CELL_0338,1.9602072,0.0,0.0,0.0,0.0,0.0,0.0,1.4415793,2.0780773,0.0,0.0,0.0,0.0,0.0,0.0,0.0,0.0,0.0,0.0,0.0,0.0,0.0,0.0,2.2308702,0.0,0.0,0.0,0.0,0.0,0.0,0.0,1.7806184,2.0780773,1.4415793,0.0,0.0,0.0,0.0,0.0,0.0,0.0,0.0,2.7301915,0.0,0.0,0.0,1.4415793,2.5596013,1.4415793,0.0,1.4415793,0.0,0.0,0.7184656,GSE155698,tumor
CELL_0339,3.2925935,0.0,0.0,0.0,0.0,0.0,0.0,0.0,0.0,3.074776,0.0,2.8129604,0.0,0.0,0.0,0.0,0.0,0.0,0.0,0.0,0.0,0.0,0.0,0.0,0.0,0.0,0.0,0.0,2.8129604,0.0,0.0,2.8129604,0.0,0.0,0.0,0.0,0.0,0.0,0.0,0.0,0.0,0.0,0.0,0.0,0.0,0.0,3.2068782,2.8129604,3.588548,0.0,0.0,2.8129604,0.0,0.3864619,GSE155698,tumor
CELL_0340,1.82916,0.0,0.0,0.5689515,0.5689515,0.0,0.0,0.0,0.0,2.1841686,1.72269,0.0,1.383523,0.0,0.0,1.0537747,0.0,0.0,0.0,0.0,0.5689515,0.0,0.0,2.1841686,0.0,0.0,0.86297804,0.0,0.0,0.0,0.0,0.5689515,1.6897291,1.0537747,0.0,0.0,0.0,0.5689515,1.1916864,0.0,0.0,0.5689515,0.0,0.0,0.0,0.0,0.0,1.7802567,2.034225,0.0,0.0,0.0,0.0,0.44849837,GSE155698,tumor
CELL_0341,0.0,0.0,0.0,0.0,0.0,0.0,0.0,0.0,0.0,3.1462843,0.0,0.0,0.0,0.0,0.0,3.1462843,0.0,0.0,0.0,0.0,0.0,3.1462843,0.0,3.5676305,0.0,0.0,3.1462843,3.1462843,0.0,0.0,0.0,0.0,0.0,0.0,0.0,0.0,0.0,3.1462843,0.0,0.0,0.0,0.0,0.0,0.0,0.0,0.0,0.0,0.0,0.0,0.0,0.0,0.0,0.0,0.3754225,GSE155698,tumor
CELL_0342,2.9348915,0.0,0.0,0.0,0.0,0.0,0.0,0.0,0.0,3.151954,0.0,0.0,0.0,0.0,0.0,0.0,0.0,0.0,0.0,0.0,0.0,0.0,0.0,0.0,0.0,0.0,0.0,0.0,0.0,0.0,0.0,0.0,0.0,0.0,0.0,0.0,0.0,0.0,0.0,0.0,0.0,0.0,0.0,0.0,0.0,2.9348915,0.0,0.0,0.0,0.0,0.0,0.0,2.9348915,0.3759633,GSE155698,tumor
CELL_0343,2.0284457,0.0,0.0,0.0,1.2512026,0.0,0.0,1.2512026,1.2512026,2.1139348,1.0519692,0.0,0.0,0.0,0.0,0.0,0.0,0.0,0.0,0.0,0.0,0.72737306,0.0,2.3749871,0.0,0.0,0.72737306,0.0,0.0,1.9069157,0.0,2.4081376,1.8020651,0.72737306,0.0,0.0,0.0,1.8408672,0.72737306,0.0,0.0,0.72737306,2.2309284,0.0,0.0,0.0,0.0,1.9615093,1.9354159,0.0,2.0077736,0.0,0.0,0.47467145,GSE155698,tumor
CELL_0344,2.480677,2.0345573,0.0,0.0,0.0,0.0,0.0,0.0,0.0,2.3301475,0.0,0.0,0.0,0.0,0.0,0.0,0.0,0.0,0.0,0.0,0.0,0.0,0.0,2.480677,0.0,0.0,2.0345573,0.0,0.0,0.0,0.0,0.0,0.0,0.0,0.0,0.0,0.0,0.0,0.0,0.0,0.0,0.0,0.0,0.0,0.0,0.0,0.0,2.3301475,2.3301475,0.0,2.3301475,0.0,0.0,0.37976876,GSE155698,tumor
CELL_0345,2.278508,1.268185,0.0,0.0,0.0,1.4946984,0.0,0.0,0.0,2.0551445,0.0,1.5714513,0.0,0.0,0.0,0.0,0.0,0.0,0.0,0.0,0.0,0.0,0.0,1.9387385,0.0,0.0,0.0,0.0,0.0,1.0809797,0.0,0.0,1.867537,0.7668887,0.0,0.7668887,0.0,0.0,0.0,0.0,0.0,0.7668887,0.7668887,0.0,0.7668887,0.0,1.5714513,1.4946984,1.6873252,0.0,0.0,1.5714513,0.0,0.11262699,GSE155698,tumor
CELL_0346,0.0,3.4349973,0.0,0.0,0.0,0.0,0.0,0.0,0.0,0.0,0.0,0.0,0.0,0.0,0.0,0.0,0.0,0.0,0.0,0.0,0.0,0.0,0.0,3.4349973,0.0,0.0,0.0,0.0,0.0,0.0,0.0,0.0,0.0,0.0,0.0,0.0,0.0,0.0,0.0,0.0,0.0,0.0,0.0,0.0,0.0,0.0,0.0,0.0,3.8955858,0.0,0.0,0.0,0.0,0.38012967,GSE155698,tumor
CELL_0347,2.5590696,0.0,0.0,0.0,0.0,0.0,2.1597526,0.0,0.0,2.1597526,0.0,0.0,0.0,0.0,0.0,0.0,0.0,0.0,0.0,0.0,0.0,0.0,0.0,2.8631516,0.0,0.0,0.0,0.0,0.0,2.1597526,0.0,0.0,0.0,0.0,0.0,0.0,0.0,0.0,0.0,0.0,0.0,0.0,0.0,0.0,0.0,0.0,0.0,0.0,0.0,0.0,0.0,0.0,0.0,0.37743214,GSE155698,tumor
CELL_0348,1.8988012,1.4776274,0.0,0.0,0.0,0.0,0.0,0.0,0.0,1.888333,0.6167827,1.3565887,0.7884814,0.0,0.0,0.0,0.0,0.0,0.0,0.0,0.0,0.0,0.0,1.8166958,0.0,0.0,0.37709546,0.0,0.0,0.0,0.0,1.0257263,0.7884814,0.0,0.7884814,0.6167827,0.0,0.0,2.388642,0.0,0.0,0.0,0.0,0.0,1.1130946,0.0,1.5967185,1.5702698,1.30698,0.0,0.6167827,0.0,0.0,0.37235826,GSE155698,tumor
CELL_0349,0.0,0.0,0.0,2.8110487,0.0,0.0,0.0,0.0,2.8110487,0.0,0.0,0.0,0.0,0.0,0.0,0.0,0.0,0.0,0.0,0.0,0.0,0.0,0.0,2.8110487,0.0,0.0,0.0,0.0,0.0,2.8110487,0.0,0.0,0.0,0.0,0.0,0.0,0.0,0.0,0.0,0.0,0.0,0.0,0.0,0.0,0.0,0.0,0.0,0.0,0.0,0.0,0.0,0.0,0.0,0.37366062,GSE155698,tumor
CELL_0350,1.6814574,0.3977152,0.0,0.0,0.81716347,0.0,0.0,1.0539917,0.0,1.6379392,0.0,0.0,0.81716347,0.0,0.81716347,0.0,0.0,0.0,0.0,0.0,0.0,0.0,0.0,1.9263602,0.0,0.0,1.5605283,0.3977152,0.0,0.0,0.0,0.3977152,0.3977152,0.3977152,0.0,0.3977152,0.0,0.3977152,2.0458703,0.0,0.0,0.0,0.3977152,0.0,0.0,0.0,0.9489879,1.8969306,2.6061087,0.0,0.0,0.0,0.0,0.37859932,GSE155698,tumor
CELL_0351,1.6898658,0.0,0.0,0.0,1.3781239,0.0,0.0,0.0,0.7234626,2.2128751,0.0,0.0,0.0,0.0,0.0,0.0,0.0,0.0,0.0,0.0,0.7234626,0.0,0.0,2.2300746,0.0,0.0,0.7234626,0.0,0.0,0.0,0.0,1.6898658,1.8852288,0.7234626,0.0,0.0,0.0,0.0,1.2405704,0.0,0.0,0.0,1.044214,0.0,0.0,0.0,0.0,2.4995673,2.390909,0.0,0.0,0.7234626,0.0,0.45733172,GSE155698,tumor
CELL_0352,1.7869503,1.8507987,0.0,0.0,0.0,0.0,0.964414,0.0,0.7395514,1.7545923,1.6621011,0.7395514,0.5772871,0.0,2.002591,0.3516889,0.0,0.0,0.0,0.0,0.5772871,0.3516889,1.3595209,2.4110522,0.0,0.0,0.7395514,0.3516889,0.0,1.2789775,0.0,0.3516889,1.1177328,0.0,0.0,0.0,0.0,0.7395514,1.5315104,0.0,0.0,1.1784956,0.5772871,0.0,0.0,0.0,1.1784956,1.6122843,0.0,0.0,1.553576,0.0,0.0,0.3661671,GSE155698,tumor
CELL_0353,1.6560788,0.9977698,0.0,0.0,0.36482978,0.6879789,1.155916,0.0,0.0,1.7321323,0.7657018,1.2468861,1.2185735,0.36482978,0.59811306,0.0,0.0,0.0,0.0,0.20628452,0.0,0.20628452,0.0,2.1609843,0.0,0.0,1.2185735,0.6879789,0.0,0.36482978,0.0,0.9977698,0.49231762,0.20628452,0.6879789,0.20628452,0.20628452,0.36482978,2.3314958,0.0,0.0,0.6879789,1.042436,0.0,0.0,0.0,1.3221619,1.9268733,2.4017298,0.0,0.20628452,0.0,0.89443505,0.35786295,GSE155698,tumor
CELL_0354,1.5964394,0.0,0.0,0.0,0.0,0.0,0.0,0.0,0.47333458,1.2598087,2.1333876,0.0,0.84410805,0.0,1.4497411,0.0,0.0,0.47333458,0.0,0.0,0.2765418,1.0652798,1.0014551,2.7135644,0.0,1.3329073,0.2765418,0.0,0.0,2.0571735,0.0,0.2765418,0.0,0.2765418,0.0,0.0,0.0,0.2765418,1.8288358,0.0,0.0,0.623851,0.0,0.0,0.0,0.2765418,0.0,2.650739,0.0,0.0,0.47333458,0.0,0.0,0.36568886,GSE155698,tumor
CELL_0355,1.494882,0.44347027,0.0,1.6191931,0.0,0.0,0.0,0.0,0.89769065,1.6848071,0.89769065,1.1503431,0.0,0.0,0.0,0.0,0.0,0.0,0.0,0.0,0.44347027,0.0,0.0,2.5327382,0.0,0.0,0.0,0.0,0.0,0.0,0.0,0.89769065,1.494882,0.44347027,0.0,0.0,0.0,0.0,0.0,0.0,0.0,0.0,0.0,0.0,0.0,0.0,0.0,1.9772103,0.0,0.0,0.0,0.0,0.0,0.3798642,GSE155698,tumor
CELL_0356,3.1807141,0.0,0.0,0.0,0.0,0.0,0.0,0.0,0.0,0.0,0.0,0.0,0.0,0.0,0.0,0.0,0.0,0.0,0.0,0.0,0.0,0.0,0.0,2.9690027,0.0,0.0,0.0,0.0,0.0,0.0,0.0,0.0,0.0,0.0,0.0,0.0,0.0,0.0,0.0,0.0,0.0,0.0,0.0,0.0,0.0,0.0,0.0,0.0,0.0,0.0,0.0,0.0,0.0,0.39060912,GSE155698,tumor
CELL_0357,1.539254,0.0,0.0,0.38283378,0.0,0.38283378,0.0,0.0,1.1032138,1.8505794,0.0,1.1032138,0.0,0.0,0.91709036,0.38283378,0.0,0.0,0.0,0.0,0.6207858,0.0,0.78908896,2.2517197,0.0,0.0,1.3361256,0.0,0.0,0.0,1.1032138,1.1032138,1.5877402,1.1032138,0.0,0.0,0.0,1.1032138,0.0,0.0,0.0,0.38283378,1.7598104,0.0,0.0,0.0,0.0,1.961588,0.0,0.0,1.830387,0.0,0.0,0.52498376,GSE155698,tumor
CELL_0358,1.1418691,0.8573273,0.0,0.0,0.0,0.0,1.5164814,0.0,1.1047403,1.4014069,0.0,0.0,0.21763214,0.0,0.38208655,0.0,0.0,0.21763214,0.21763214,0.0,0.21763214,0.0,0.38208655,2.362587,0.0,0.0,0.6203247,0.0,0.0,0.0,0.0,0.38208655,1.2914958,0.51279026,0.0,0.0,0.0,0.7110635,2.1325204,0.0,0.0,1.5303429,0.21763214,0.0,0.0,0.0,0.8573273,2.2632008,0.38208655,0.0,1.1418691,0.0,0.0,0.36663976,GSE155698,tumor
CELL_0359,1.9726983,0.0,0.0,0.89462733,0.0,0.0,0.0,0.0,0.89462733,2.0821621,0.89462733,0.0,1.229838,0.0,0.0,0.0,0.0,0.0,0.0,0.0,0.0,0.0,0.0,2.1919997,0.0,0.0,0.0,0.0,0.0,0.0,0.0,0.0,0.0,1.5576153,0.0,0.0,0.0,0.89462733,0.89462733,0.0,0.0,0.0,0.89462733,0.0,0.0,0.0,0.0,2.1427882,2.3652716,0.0,0.0,0.0,0.0,0.48402798,GSE155698,tumor
CELL_0360,1.9544158,0.39221418,0.0,0.0,1.5046487,0.39221418,0.0,0.39221418,0.7211973,1.8020042,1.5777113,0.39221418,1.0247693,0.0,0.86540926,0.22490889,0.0,0.0,0.0,0.0,0.52376115,0.0,0.0,2.025937,0.0,0.0,0.52376115,0.0,0.0,0.39221418,0.0,0.86540926,0.9773216,0.52376115,0.7983061,0.0,0.0,0.39221418,0.39221418,0.0,0.0,0.22490889,0.63113827,0.0,0.0,0.63113827,0.0,1.7101548,0.7211973,0.0,0.39221418,0.0,0.0,0.4024232,GSE155698,tumor
CELL_0361,1.2203869,0.0,0.0,0.0,1.5601249,0.0,0.0,0.0,0.0,1.9153156,0.877897,0.0,1.4218202,0.0,0.0,1.2203869,0.0,0.0,0.0,0.0,0.0,0.0,0.0,1.7448453,0.0,0.0,2.3453915,0.0,0.0,0.0,0.0,0.0,1.9153156,0.877897,0.0,0.0,0.0,1.4218202,0.0,0.0,0.0,1.2203869,0.877897,0.0,0.0,0.0,0.0,2.1526046,2.1526046,0.0,0.0,0.0,0.0,0.48667488,GSE155698,tumor
CELL_0362,1.7586608,0.56639147,0.0,0.56639147,0.0,0.0,0.0,0.0,0.56639147,1.8280909,0.0,1.1809344,0.0,0.0,1.8846036,0.0,0.0,0.0,0.0,0.0,0.0,0.56639147,0.56639147,2.5108254,0.0,0.0,0.56639147,0.0,0.0,0.0,1.5942829,1.0452313,1.5494057,1.0452313,0.0,0.0,0.0,1.0452313,0.0,0.0,0.0,0.56639147,2.048672,0.0,0.0,0.0,0.0,2.2733889,0.0,0.0,2.135833,0.0,0.0,0.5194936,GSE155698,tumor
CELL_0363,2.5124571,0.7027203,0.0,0.44426876,0.0,0.44426876,0.0,0.0,0.0,2.0232892,0.0,1.5429416,0.87952447,0.0,0.0,0.44426876,0.0,1.2702509,0.0,0.0,0.0,0.0,0.0,1.6967964,0.0,0.0,0.44426876,0.0,2.042293,0.0,0.0,1.652895,1.7354317,0.7027203,0.0,0.44426876,0.0,0.44426876,2.1608062,0.0,0.0,0.44426876,0.44426876,0.0,1.9804599,1.866386,2.1372697,0.87952447,1.6022968,0.0,1.1148685,0.7027203,0.0,0.09099961,GSE155698,adjacent_normal
CELL_0364,1.6812643,0.65529615,0.0,0.0,0.65529615,0.0,0.0,0.0,0.0,2.0163875,0.0,1.1663535,0.0,0.0,0.0,0.0,0.0,0.0,0.0,0.0,0.0,0.0,0.0,1.8344964,0.0,0.0,0.65529615,0.0,0.0,0.65529615,0.0,0.0,0.0,0.65529615,0.0,0.0,0.0,0.0,0.0,0.0,0.0,0.0,0.65529615,0.0,0.0,0.0,0.0,2.0486264,2.501775,0.0,0.9689061,0.0,0.0,0.3926786,GSE155698,tumor
CELL_0365,2.0438883,0.8064313,0.0,0.5284933,0.5284933,0.0,0.0,0.0,0.5284933,2.0438883,1.221362,1.4294095,0.5284933,0.0,1.6296285,0.0,0.0,0.0,0.0,0.0,0.0,0.0,0.0,1.8257302,0.0,0.0,0.5284933,0.0,0.5284933,0.0,0.0,0.8064313,1.4294095,0.8064313,0.8064313,0.5284933,0.0,0.8064313,1.221362,0.0,0.0,0.5284933,0.8064313,0.0,0.8064313,0.5284933,0.0,2.0061736,2.5853076,0.0,1.3714843,0.0,0.0,0.3734947,GSE155698,tumor
CELL_0366,1.4439504,0.0,0.0,0.0,2.0461211,0.0,0.0,1.9587945,1.9025998,2.1398337,0.0,0.0,0.0,0.0,1.7449826,1.1152158,1.1152158,0.0,0.0,0.0,1.4439504,0.0,1.4439504,2.3990839,0.0,0.0,2.1121702,0.0,0.0,0.0,0.0,0.0,0.0,1.1152158,0.0,0.0,0.0,1.4439504,1.1152158,0.0,0.0,1.1152158,2.0058458,0.0,0.0,0.0,0.0,1.4439504,2.2449827,1.8334919,0.0,0.0,0.0,0.49242234,GSE155698,tumor
CELL_0367,0.8233457,0.0,0.0,0.0,1.4449342,0.0,0.0,0.5300606,0.5300606,1.7364057,0.0,0.0,0.5300606,0.0,1.5666261,2.0089316,0.0,0.0,0.0,0.0,1.5100884,1.3685585,1.2770659,2.101578,0.0,0.0,1.1642936,0.8233457,0.0,0.0,0.0,0.0,1.0197228,0.5300606,0.0,0.0,0.0,0.0,0.0,0.0,0.0,1.1642936,1.2770659,0.0,0.0,0.0,0.0,1.8993614,2.0240216,0.0,0.0,0.0,0.0,0.4164742,GSE155698,tumor
CELL_0368,0.0,0.0,0.0,0.0,0.0,0.0,0.0,0.0,0.0,2.9494703,0.0,0.0,0.0,0.0,0.0,0.0,0.0,0.0,0.0,0.0,0.0,0.0,0.0,3.2869494,0.0,0.0,0.0,0.0,0.0,0.0,0.0,0.0,0.0,0.0,0.0,0.0,0.0,0.0,2.9494703,0.0,0.0,0.0,0.0,0.0,0.0,0.0,0.0,2.9494703,3.4156697,0.0,0.0,0.0,0.0,0.39420038,GSE155698,tumor
CELL_0369,1.6178875,0.0,0.0,1.1234136,0.44601145,0.0,0.0,0.0,1.5232468,1.6922878,0.0,0.0,0.7065508,0.0,0.7065508,0.0,0.0,0.0,0.0,0.0,0.0,0.0,0.44601145,2.2412195,0.0,0.0,1.0184971,0.0,0.0,0.0,0.0,0.0,0.0,0.44601145,1.5232468,0.0,0.0,0.44601145,1.1234136,0.0,0.0,0.88518846,1.3424462,0.0,0.0,0.0,0.0,1.4853415,2.4569983,0.0,0.0,0.0,0.0,0.45380297,GSE155698,tumor
CELL_0370,2.2823863,0.0,0.0,0.0,1.4321232,1.0990831,0.0,0.0,1.4321232,1.4321232,1.0990831,0.0,1.4321232,0.0,1.4321232,1.0990831,0.0,0.0,0.0,0.0,0.0,0.0,0.0,1.9574732,0.0,0.0,0.0,0.0,0.0,0.0,0.0,1.4321232,0.0,1.4321232,0.0,0.0,0.0,0.0,0.0,0.0,0.0,0.0,2.598183,0.0,0.0,0.0,0.0,2.0467393,0.0,0.0,1.7389867,0.0,0.0,0.8011475,GSE155698,tumor
CELL_0371,1.8130356,1.1428363,0.0,1.2261599,0.0,0.0,0.0,0.46771204,0.90907264,2.0415509,0.0,0.0,1.2958003,0.0,0.0,0.0,0.0,0.0,0.0,0.0,0.0,0.0,1.0402834,2.298252,0.0,0.0,0.7313984,0.0,0.0,1.0402834,0.0,0.0,1.0402834,1.3552713,0.0,0.0,0.0,1.6456792,0.0,0.0,0.0,0.0,0.46771204,0.0,0.0,0.0,0.46771204,1.4524127,1.6456792,0.0,0.0,0.0,0.0,0.45596233,GSE155698,tumor
CELL_0372,1.9077201,0.0,0.0,0.0,1.4486195,0.0,0.0,0.71653503,0.71653503,1.4486195,0.0,0.0,0.0,0.0,1.2170262,1.4486195,0.0,0.0,0.0,0.0,1.0278726,0.0,0.71653503,1.928618,0.0,0.0,0.71653503,0.0,0.0,0.0,0.71653503,0.0,1.0278726,1.2170262,0.0,0.0,0.0,0.71653503,1.4486195,0.0,0.0,0.0,2.0547934,0.0,0.0,0.0,0.0,1.73545,0.71653503,0.0,1.73545,0.0,0.0,0.72915,GSE155698,tumor
CELL_0373,2.3834128,0.5525518,0.0,0.23093197,0.0,1.4182678,0.0,0.0,0.0,1.6650343,0.23093197,1.3852679,0.40890205,0.0,0.0,0.23093197,0.0,0.23093197,0.23093197,0.0,0.0,0.0,0.0,1.1292269,0.0,0.0,0.0,1.0726775,1.5571911,0.0,0.0,2.409041,2.4457715,0.9408422,0.67223465,1.1292269,0.40890205,0.0,1.8750422,0.0,0.0,0.0,0.0,0.0,1.3852679,1.1292269,2.1603713,2.00468,3.2342494,0.0,0.23093197,1.4492903,0.5525518,0.20193788,GSE155698,tumor
CELL_0374,2.2007203,0.0,0.0,1.7830507,0.0,0.0,0.0,0.0,1.4192193,2.7066982,0.0,0.0,0.0,0.0,0.0,0.0,0.0,0.0,0.0,0.0,0.0,0.0,0.0,1.7830507,0.0,0.0,0.0,0.0,0.0,1.4192193,0.0,1.4192193,0.0,1.97822,0.0,0.0,0.0,0.0,0.0,0.0,0.0,0.0,1.7830507,0.0,0.0,0.0,0.0,2.6645846,2.7821565,0.0,1.4192193,0.0,0.0,0.40534654,GSE155698,tumor
CELL_0375,2.2792494,0.0,0.0,0.0,0.0,0.0,0.0,0.0,1.4947183,1.4947183,1.4947183,0.0,1.4947183,0.0,2.167439,0.0,0.0,0.0,0.0,0.0,0.0,0.0,0.0,1.8125714,0.0,0.0,1.4947183,0.0,0.0,0.0,0.0,1.4947183,2.3211246,0.0,0.0,0.0,0.0,1.4947183,1.4947183,0.0,0.0,1.4947183,2.5339444,0.0,0.0,0.0,0.0,1.8125714,1.8125714,0.0,2.167439,0.0,0.0,0.8846168,GSE155698,tumor
CELL_0376,1.5062807,0.0,0.0,0.95731413,1.5062807,0.21829936,0.0,0.6159342,1.1543787,1.5938013,0.6159342,0.0,0.0,0.0,1.6546854,1.1849599,0.0,0.0,0.704554,0.0,0.0,0.7805427,0.8467489,2.2792487,0.0,0.0,1.731026,1.1849599,0.0,1.5304264,0.0,0.38160443,0.21829936,0.7805427,0.0,0.0,0.0,1.6032541,0.0,0.0,0.21829936,1.2884963,0.7805427,0.0,0.0,0.0,0.5104737,1.5840602,0.0,0.0,1.0468152,0.0,0.0,0.8140556,GSE155698,tumor
CELL_0377,0.0,0.0,0.0,0.0,0.0,0.0,0.0,1.0524572,0.0,2.0229812,0.0,0.0,0.0,0.0,0.0,0.0,0.0,0.0,0.0,0.0,0.0,0.0,0.0,1.2577167,0.0,0.0,1.5124309,0.0,0.0,0.0,0.0,0.0,0.72157115,1.0524572,0.0,0.0,0.0,0.72157115,0.0,0.0,0.0,1.9407539,0.0,0.0,0.0,0.0,0.0,2.4347625,2.754625,0.0,0.0,0.0,0.0,0.42660338,GSE155698,tumor
CELL_0378,1.5049382,0.0,0.0,1.5983498,2.073648,0.0,0.0,0.58369493,0.58369493,1.7031848,1.1948577,0.0,0.0,0.0,1.671793,2.1304345,0.0,0.0,0.58369493,0.58369493,1.1948577,1.2972466,1.4473134,2.3808248,0.0,0.0,1.977407,0.58369493,0.0,2.3768754,0.0,1.5049382,1.671793,0.0,0.0,0.0,0.0,1.6370757,0.0,0.0,0.0,1.9997604,1.0613322,0.0,0.0,0.0,0.0,1.9261308,0.0,0.0,0.0,0.0,0.0,0.69867647,GSE155698,tumor
CELL_0379,2.2562191,0.0,0.0,2.8409972,0.0,0.0,0.0,0.0,0.0,0.0,0.0,0.0,0.0,0.0,2.5141988,2.5141988,0.0,0.0,0.0,0.0,0.0,2.5141988,0.0,3.264079,0.0,0.0,0.0,2.2562191,0.0,2.645228,0.0,0.0,0.0,0.0,0.0,0.0,0.0,2.2562191,0.0,0.0,0.0,2.7304645,2.5141988,0.0,0.0,0.0,0.0,2.645228,0.0,0.0,0.0,0.0,0.0,0.3722356,GSE155698,tumor
CELL_0380,2.5566552,0.0,0.0,2.0578294,0.0,0.0,2.0578294,0.0,0.0,2.0578294,0.0,0.0,0.0,0.0,0.0,0.0,0.0,0.0,0.0,0.0,0.0,2.0578294,0.0,2.8663816,0.0,0.0,0.0,0.0,0.0,0.0,0.0,0.0,0.0,2.0578294,0.0,0.0,0.0,0.0,2.4669156,0.0,0.0,0.0,0.0,0.0,0.0,0.0,0.0,2.6728764,2.3289049,0.0,2.0578294,0.0,0.0,0.40308952,GSE155698,tumor
CELL_0381,3.0275369,0.0,0.0,0.0,0.0,0.0,2.9448419,0.0,2.5667257,0.0,0.0,0.0,0.0,0.0,0.0,0.0,0.0,0.0,0.0,0.0,0.0,0.0,0.0,2.5667257,0.0,0.0,0.0,0.0,0.0,0.0,0.0,0.0,0.0,0.0,0.0,0.0,0.0,2.5667257,2.8176994,0.0,0.0,0.0,2.9448419,0.0,0.0,0.0,0.0,0.0,0.0,0.0,0.0,0.0,0.0,0.40372926,GSE155698,tumor
CELL_0382,3.4034984,0.0,0.0,0.0,0.0,0.0,0.0,0.0,0.0,0.0,0.0,0.0,3.297909,0.0,3.091439,0.0,0.0,0.0,0.0,0.0,0.0,0.0,0.0,3.297909,0.0,0.0,0.0,0.0,0.0,0.0,0.0,0.0,0.0,0.0,0.0,0.0,0.0,0.0,0.0,0.0,0.0,0.0,0.0,0.0,0.0,0.0,0.0,0.0,0.0,0.0,0.0,0.0,3.091439,0.3888949,GSE155698,tumor
CELL_0383,2.047958,0.0,0.0,0.0,1.3477522,0.0,0.0,0.0,0.0,1.3477522,1.3477522,0.0,0.0,0.0,0.0,0.0,0.0,0.0,0.0,0.0,0.0,1.3477522,2.1131556,1.8494769,0.0,0.0,1.3477522,0.0,0.0,0.0,0.0,0.0,0.0,1.3477522,0.0,0.0,0.0,0.0,1.3477522,0.0,0.0,0.0,2.7001233,0.0,0.0,0.0,0.0,2.4503558,0.0,0.0,1.6751806,0.0,0.0,0.7930967,GSE155698,tumor
CELL_0384,1.6773168,0.66004235,0.0,0.0,0.0,0.0,0.0,0.0,0.66004235,1.8647573,0.0,0.9636517,0.66004235,0.0,0.66004235,0.0,0.0,0.0,0.0,0.0,0.0,0.66004235,0.9636517,2.4063108,0.0,0.0,1.9138427,0.0,0.0,0.4115724,0.4115724,0.66004235,0.66004235,0.83318037,0.0,0.0,0.0,1.560364,1.0670105,0.0,0.4115724,0.9636517,2.2587695,0.0,0.0,0.0,0.0,2.3002422,0.0,0.0,1.7781078,0.0,1.2231636,0.5334401,GSE155698,tumor
CELL_0385,3.3674757,0.0,0.0,0.0,0.0,0.0,0.0,0.0,0.0,0.0,0.0,0.0,0.0,0.0,0.0,0.0,0.0,0.0,0.0,0.0,0.0,0.0,0.0,3.2600174,0.0,0.0,0.0,0.0,0.0,0.0,0.0,0.0,0.0,0.0,0.0,0.0,0.0,0.0,3.049624,0.0,0.0,0.0,0.0,0.0,0.0,0.0,0.0,3.049624,0.0,0.0,0.0,0.0,0.0,0.38426661,GSE155698,tumor
CELL_0386,2.9776993,0.0,0.0,2.6572196,0.0,0.0,0.0,0.0,0.0,0.0,2.9302175,0.0,0.0,0.0,2.8692725,0.0,0.0,0.0,0.0,0.0,0.0,0.0,0.0,3.1008208,0.0,0.0,0.0,0.0,0.0,0.0,0.0,0.0,0.0,0.0,0.0,0.0,0.0,0.0,0.0,0.0,0.0,0.0,2.6572196,0.0,0.0,0.0,0.0,2.403948,0.0,0.0,0.0,0.0,0.0,0.37380695,GSE155698,tumor
CELL_0387,1.640999,1.1178595,0.0,1.1178595,1.0463235,0.3467042,0.0,0.0,1.1797282,1.9877375,0.0,0.8607176,0.3467042,0.0,0.0,0.0,0.0,0.0,0.0,0.0,0.3467042,0.0,0.0,1.7569991,0.0,0.0,1.7689054,0.0,0.0,1.2821962,0.3467042,0.0,1.4904226,1.2340089,0.0,0.0,0.0,0.8607176,0.0,0.0,0.0,0.8607176,0.8607176,0.0,0.0,0.0,0.57180536,1.2821962,2.0776443,0.0,0.0,0.0,0.0,0.3908266,GSE155698,tumor
CELL_0388,1.5361971,1.122936,0.0,1.3105922,0.0,0.0,0.0,0.0,0.0,1.8462448,0.0,0.0,0.0,0.0,0.0,0.0,0.0,0.0,0.0,0.0,0.8047396,0.0,0.0,2.1956391,0.0,0.0,1.122936,0.0,0.0,0.8047396,0.0,0.8047396,2.0770776,1.4396546,0.0,0.0,0.0,0.0,0.0,0.0,0.0,0.8047396,0.0,0.0,0.0,0.0,0.0,0.8047396,2.159068,0.0,0.0,0.0,0.0,0.39421168,GSE155698,tumor
CELL_0389,1.8129237,1.1820513,0.0,1.1102177,0.0,0.38386044,0.0,0.0,1.5242653,1.6633748,0.38386044,0.38386044,0.0,0.0,1.388739,0.0,0.0,0.0,0.0,0.0,0.0,0.792918,1.0252111,2.4594588,0.0,0.0,1.2980123,0.0,0.0,0.0,1.5242653,1.0252111,1.0252111,1.388739,0.0,0.0,0.0,1.0252111,0.38386044,0.0,0.0,1.1102177,1.4946802,0.0,0.0,0.0,0.0,1.8245589,0.0,0.0,2.004504,0.0,0.0,0.5162832,GSE155698,tumor
CELL_0390,2.0272584,0.0,0.0,0.7843996,1.1065562,0.0,0.0,0.0,1.7761418,1.5315313,0.7843996,0.0,0.7843996,0.0,1.9650967,0.0,0.0,0.0,0.0,0.0,0.0,0.0,1.2988024,2.1326525,0.0,0.0,0.7843996,0.7843996,0.0,0.0,0.0,1.1065562,1.6750188,1.2988024,0.0,0.0,0.0,1.1065562,0.7843996,0.0,0.0,0.7843996,2.2766407,0.7843996,0.0,0.0,0.7843996,1.9143919,0.0,0.0,0.7843996,0.0,0.0,0.80751765,GSE155698,tumor
CELL_0391,2.0948074,0.0,0.0,0.0,0.9197969,0.0,0.0,0.0,0.0,1.7532452,0.0,0.0,1.5789694,0.0,0.0,0.0,0.0,0.0,0.0,0.0,0.9197969,0.0,0.0,2.2026901,0.0,0.0,0.0,0.0,0.0,0.9197969,0.0,0.0,0.0,0.9197969,0.0,0.0,0.0,0.0,0.0,0.0,0.0,0.9197969,2.4441984,0.0,0.0,1.254621,0.0,2.0182712,1.254621,0.0,1.8158306,0.0,0.0,0.8225257,GSE155698,tumor
CELL_0392,2.4473236,0.0,0.0,0.0,0.0,0.0,0.0,0.0,0.0,0.0,0.0,0.0,2.1900506,0.0,0.0,0.0,0.0,0.0,0.0,0.0,0.0,0.0,0.0,2.899044,0.0,0.0,0.0,2.1900506,0.0,0.0,0.0,0.0,0.0,0.0,0.0,0.0,0.0,0.0,0.0,0.0,0.0,0.0,0.0,0.0,0.0,0.0,0.0,0.0,0.0,0.0,0.0,0.0,0.0,0.4530283,GSE155698,tumor
CELL_0393,0.0,1.6174197,0.0,0.0,1.1784348,0.0,0.0,0.0,1.0460908,1.8904153,0.0,0.0,0.0,0.0,0.57374996,0.0,0.0,0.0,0.0,0.0,0.0,0.0,0.0,1.0460908,0.0,0.0,1.4861506,0.0,0.0,0.57374996,0.0,0.0,0.57374996,0.86166495,0.0,0.0,0.0,0.57374996,0.0,0.0,0.0,1.6519214,0.0,0.0,0.0,0.0,0.0,2.0435324,1.8420763,0.57374996,0.57374996,0.0,0.0,0.40114927,GSE155698,tumor
CELL_0394,2.7640495,0.0,0.0,0.0,0.0,0.0,2.4386373,0.0,0.0,2.4386373,0.0,0.0,0.0,0.0,0.0,0.0,0.0,0.0,0.0,0.0,0.0,0.0,0.0,2.6008248,0.0,0.0,0.0,0.0,0.0,0.0,0.0,0.0,0.0,0.0,0.0,0.0,0.0,0.0,2.01052,0.0,0.0,0.0,2.01052,0.0,0.0,0.0,0.0,0.0,0.0,0.0,0.0,0.0,0.0,0.40314165,GSE155698,tumor
CELL_0395,0.0,0.0,0.0,0.0,0.0,0.0,0.0,0.0,0.0,2.8276033,0.0,2.8276033,0.0,0.0,0.0,0.0,0.0,0.0,0.0,0.0,0.0,0.0,0.0,2.8276033,0.0,0.0,0.0,0.0,0.0,0.0,0.0,0.0,0.0,2.8276033,0.0,0.0,0.0,0.0,2.8276033,0.0,0.0,0.0,0.0,0.0,0.0,0.0,0.0,3.0495236,0.0,0.0,0.0,0.0,0.0,0.3867911,GSE155698,tumor
CELL_0396,1.8974829,0.8990558,0.0,0.0,1.063456,0.23512039,0.8990558,0.0,0.8297588,1.7529918,1.728886,1.1853933,1.1853933,0.0,0.9601229,0.23512039,0.0,0.0,0.0,0.0,0.23512039,0.0,0.0,2.2135332,0.0,0.0,0.40920043,0.0,0.0,0.6569107,0.0,1.4797192,1.5281909,0.8297588,0.8297588,0.0,0.0,0.54569566,1.3085953,0.0,0.0,0.6569107,0.40920043,0.0,0.0,0.40920043,0.54569566,1.3588153,2.22268,0.0,0.7500704,0.0,0.0,0.38858336,GSE155698,tumor
CELL_0397,1.4621453,0.0,0.0,1.2693286,1.6707325,0.0,0.0,0.7322634,1.0442394,1.5402818,1.0990534,0.0,0.27355132,0.0,1.5738163,1.8285319,0.0,0.0,0.8294118,0.0,0.46709847,2.1252813,1.5222557,2.331386,0.0,0.0,1.7549517,1.1480856,0.0,2.1081355,0.0,1.2693286,1.4159585,0.911556,0.0,0.0,0.0,1.6325326,0.0,0.7322634,0.27355132,1.4397494,0.46709847,0.0,0.0,0.0,0.0,1.8627132,0.0,0.0,0.7322634,0.0,0.0,0.72962564,GSE155698,tumor
CELL_0398,1.0409744,0.0,0.0,0.0,0.0,0.0,0.0,0.0,1.0409744,2.314165,0.0,0.0,1.3838762,0.0,0.0,0.0,0.0,0.0,0.0,0.0,0.0,0.0,0.0,2.0715842,0.0,0.0,0.0,0.0,0.0,0.0,0.0,0.0,0.0,0.0,0.0,0.0,0.0,1.5767857,1.0409744,0.0,0.0,0.0,0.0,0.0,0.0,0.0,0.0,2.3762918,2.3279684,0.0,0.0,0.0,0.0,0.46395382,GSE155698,tumor
CELL_0399,0.0,0.0,0.0,0.0,0.0,0.0,0.0,0.0,0.0,0.0,0.0,0.0,0.0,0.0,2.9015598,0.0,0.0,0.0,0.0,0.0,0.0,0.0,0.0,3.479721,0.0,0.0,0.0,0.0,0.0,0.0,0.0,0.0,0.0,0.0,0.0,0.0,0.0,0.0,0.0,0.0,0.0,0.0,0.0,0.0,0.0,0.0,0.0,0.0,0.0,0.0,2.9015598,0.0,0.0,0.4344591,GSE155698,tumor
CELL_0400,1.2199401,0.0,0.0,0.0,0.0,0.0,0.0,0.0,0.0,2.0791254,1.7418714,0.0,1.2199401,0.0,0.0,0.0,0.0,0.0,0.0,0.0,0.0,0.0,0.0,1.5581278,0.0,0.0,0.0,0.0,0.0,1.7418714,0.0,1.8636904,1.2199401,0.0,1.2199401,0.0,0.0,0.0,0.0,0.0,0.0,0.0,1.5581278,0.0,0.0,0.0,0.0,2.0226018,0.0,0.0,0.0,0.0,0.0,0.39738354,GSE155698,tumor
CELL_0401,1.8921087,1.2312357,0.0,0.0,0.6053474,0.0,0.0,0.9044363,1.3356113,2.1543183,0.0,0.6053474,1.2312357,0.0,1.9279714,0.0,0.0,0.0,0.0,0.0,0.0,0.0,1.4192277,2.4782803,0.0,0.0,1.6419576,0.0,0.0,0.0,0.0,0.0,0.0,1.4192277,0.0,0.0,0.0,0.0,1.2312357,0.0,0.0,1.5976124,2.139579,0.0,0.0,0.0,0.0,2.107161,2.461901,0.0,0.6053474,0.0,0.0,0.4849964,GSE155698,tumor
CELL_0402,2.6960173,0.0,0.0,0.0,0.0,0.0,2.6960173,0.0,0.0,2.9312377,0.0,0.0,0.0,0.0,0.0,0.0,0.0,0.0,0.0,0.0,0.0,0.0,0.0,3.322566,0.0,0.0,0.0,0.0,0.0,0.0,0.0,2.6960173,2.6960173,0.0,0.0,0.0,0.0,0.0,0.0,0.0,0.0,0.0,0.0,0.0,0.0,0.0,0.0,0.0,0.0,0.0,0.0,0.0,0.0,0.3856481,GSE155698,tumor
CELL_0403,1.9586997,0.0,0.0,0.87464607,0.0,0.0,0.0,0.0,0.0,2.0197947,0.0,1.3030528,0.0,0.0,0.58109164,0.0,0.0,0.0,0.0,0.0,0.0,0.0,0.58109164,2.4773734,0.0,0.0,1.3030528,0.0,0.0,0.0,0.0,0.87464607,1.3030528,0.87464607,0.0,0.0,0.0,0.0,1.0632827,0.0,0.0,1.1988878,1.6100315,0.0,0.0,0.0,0.0,2.1832697,0.0,0.0,2.1996887,0.0,0.0,0.5299004,GSE155698,tumor
CELL_0404,3.346925,0.0,0.0,0.0,3.1440244,0.0,0.0,0.0,0.0,3.1440244,0.0,0.0,0.0,0.0,0.0,0.0,0.0,0.0,0.0,0.0,0.0,0.0,0.0,3.346925,0.0,0.0,0.0,0.0,0.0,0.0,0.0,0.0,0.0,0.0,0.0,0.0,0.0,0.0,0.0,0.0,0.0,0.0,0.0,0.0,0.0,0.0,0.0,0.0,0.0,0.0,0.0,0.0,0.0,0.38177904,GSE155698,tumor
CELL_0405,1.5432944,0.0,0.0,0.79510874,1.3539516,0.0,0.0,0.520626,1.4609356,1.9188247,0.520626,0.0,0.0,0.0,0.0,1.4609356,0.0,0.0,0.0,0.0,0.9745377,0.9745377,0.0,2.4621816,0.0,0.0,1.4609356,1.3539516,0.0,2.2258277,0.0,0.0,0.520626,0.520626,0.0,0.0,0.0,1.2865227,0.0,0.0,0.0,0.9745377,0.520626,0.0,0.0,0.0,0.0,1.4609356,0.0,0.0,0.520626,0.0,0.0,0.8068359,GSE155698,tumor
CELL_0406,1.586365,0.0,0.0,0.0,0.45225722,0.0,0.0,0.45225722,0.70983475,1.6351645,1.1143409,0.0,0.45225722,0.0,1.3241284,0.8841802,0.0,0.0,0.45225722,0.0,0.8841802,0.0,1.1143409,2.190294,0.0,0.0,0.70983475,1.1143409,0.0,1.196562,0.0,0.0,0.0,0.8841802,0.0,0.0,0.0,0.8841802,0.0,0.0,0.0,0.70983475,0.8841802,0.0,0.0,0.0,0.70983475,1.7631884,0.0,0.0,1.6966833,0.0,0.0,0.49964553,GSE155698,tumor
CELL_0407,1.2940149,1.0975626,0.0,1.0975626,0.0,0.0,0.0,0.0,0.7714788,1.8651127,0.7714788,0.0,0.0,0.0,0.0,0.0,0.0,0.0,0.0,0.0,0.0,0.0,0.0,1.8278202,0.0,0.0,0.7714788,0.0,0.0,0.0,0.0,0.0,0.0,0.7714788,0.0,0.0,0.0,1.4305204,0.7714788,0.0,0.0,0.0,0.0,0.0,0.0,0.0,0.0,1.6145186,2.4057276,0.0,0.0,0.0,0.0,0.44895697,GSE155698,tumor
CELL_0408,2.5727923,0.0,0.0,0.0,0.0,0.0,0.0,0.0,0.0,2.5727923,0.0,0.0,0.0,0.0,0.0,0.0,0.0,0.0,0.0,0.0,0.0,0.0,0.0,3.245272,0.0,0.0,2.5727923,0.0,0.0,2.5727923,0.0,0.0,0.0,0.0,0.0,0.0,0.0,0.0,0.0,0.0,0.0,0.0,2.5727923,0.0,0.0,0.0,0.0,2.5727923,2.5727923,0.0,2.8089087,0.0,0.0,0.39235565,GSE155698,tumor
CELL_0409,2.1414924,0.0,0.0,0.0,0.0,0.0,0.0,1.2567253,0.0,1.8865561,1.5890143,0.0,0.0,0.0,1.5890143,1.7681401,0.0,0.0,0.0,0.0,0.0,0.0,0.0,1.7681401,0.0,0.0,0.0,1.2567253,0.0,0.0,0.0,1.2567253,1.2567253,1.2567253,0.0,0.0,0.0,0.0,0.0,0.0,0.0,0.0,2.6906345,0.0,0.0,0.0,0.0,2.245026,1.2567253,0.0,0.0,0.0,0.0,0.78168875,GSE155698,tumor
CELL_0410,1.7515849,1.7711414,0.0,1.0702168,1.6760745,0.0,0.0,0.35869166,0.4845214,1.7895393,0.0,0.8226096,0.20253685,0.20253685,1.8488146,1.6001356,0.0,0.0,0.0,0.0,0.0,0.4845214,0.0,2.4775572,0.0,0.0,1.3510746,0.0,0.0,0.8226096,0.0,1.7160331,1.6760745,0.5890985,0.0,0.20253685,0.0,0.35869166,0.9365084,0.0,0.0,0.67803097,0.67803097,0.0,0.0,0.0,0.0,2.0516658,2.364397,1.4740255,1.1076648,0.0,0.0,0.44103217,GSE155698,tumor
CELL_0411,1.5400962,0.0,0.0,1.6389859,0.0,0.0,0.0,0.0,0.88021195,1.833817,0.0,0.0,1.2133225,0.0,0.88021195,0.0,0.0,0.0,0.0,0.0,0.0,0.0,0.0,1.9548707,0.0,0.0,1.7804061,0.0,0.0,0.0,0.0,0.0,0.88021195,1.2133225,0.0,0.0,0.0,0.0,0.0,0.0,0.0,0.0,0.0,0.0,0.0,0.0,0.0,2.142497,2.4041824,0.0,0.0,0.0,0.0,0.483316,GSE155698,tumor
CELL_0412,1.6259912,0.0,0.0,1.2824961,0.0,0.0,0.0,1.2824961,0.0,2.1236455,0.0,0.0,0.0,0.0,0.0,0.0,0.0,0.0,0.0,0.0,0.0,0.9320103,1.2824961,2.1753638,0.0,0.0,0.9320103,0.0,0.0,1.6259912,0.0,0.0,0.0,1.4865637,0.0,0.0,0.0,0.0,0.0,0.0,0.0,0.0,1.4865637,0.0,0.0,0.0,0.0,1.6259912,2.504781,0.0,0.0,0.0,0.0,0.45600045,GSE155698,tumor
CELL_0413,1.5164019,1.3833561,0.0,0.957485,1.6684519,0.24058828,0.0,0.24058828,0.5517022,1.7698154,0.83081716,0.75297385,0.0,0.0,0.41581783,0.5517022,0.0,0.0,0.5517022,0.0,0.24058828,0.5517022,0.75297385,1.3833561,0.0,0.0,2.1067572,0.0,0.0,0.24058828,0.41581783,0.24058828,2.2499282,1.1390002,0.0,0.0,0.24058828,0.8982489,0.24058828,0.0,0.0,1.4721904,1.174677,0.0,0.0,0.0,0.24058828,1.3407425,1.6507056,0.24058828,1.5164019,0.0,0.24058828,0.37027737,GSE155698,tumor
CELL_0414,2.845217,0.0,0.0,0.0,2.3946483,0.0,0.0,0.0,0.0,2.6396542,0.0,0.0,0.0,0.0,0.0,0.0,0.0,0.0,0.0,0.0,0.0,2.3946483,0.0,2.7641304,0.0,0.0,0.0,0.0,0.0,0.0,0.0,0.0,0.0,0.0,0.0,0.0,0.0,0.0,2.3946483,0.0,0.0,0.0,2.3946483,0.0,0.0,0.0,0.0,2.7641304,0.0,0.0,2.3946483,0.0,0.0,0.4006461,GSE155698,tumor
CELL_0415,1.5522996,0.8929412,0.0,0.0,1.6507025,0.0,1.6507025,0.0,0.8929412,1.6507025,0.0,0.0,0.0,0.0,0.0,1.2264962,0.0,0.0,0.0,0.0,0.0,0.0,1.7913196,2.1970043,0.0,0.0,1.6507025,0.0,0.0,1.9960091,0.0,1.9960091,0.8929412,0.0,0.8929412,0.0,0.0,0.0,1.6507025,0.0,0.0,0.0,1.2264962,0.0,0.0,0.0,0.8929412,1.7281005,2.2106209,0.0,0.0,0.0,0.0,0.39961305,GSE155698,tumor
CELL_0416,2.6091628,0.0,0.0,0.0,0.0,0.0,2.3724878,0.0,0.0,2.0903034,0.0,0.0,0.0,0.0,0.0,0.0,0.0,0.0,0.0,0.0,0.0,2.0903034,0.0,2.9296305,0.0,0.0,0.0,0.0,0.0,0.0,0.0,0.0,0.0,0.0,0.0,0.0,0.0,0.0,2.0903034,0.0,0.0,0.0,2.0903034,0.0,0.0,0.0,2.0903034,2.3724878,0.0,0.0,0.0,0.0,0.0,0.3981467,GSE155698,tumor
CELL_0417,2.0856917,0.0,0.0,0.0,2.413795,0.0,0.0,0.0,0.0,2.413795,0.0,0.0,0.0,0.0,0.0,0.0,0.0,0.0,0.0,0.0,0.0,0.0,1.7081141,0.0,0.0,0.0,1.7081141,0.0,0.0,0.0,0.0,0.0,0.0,0.0,0.0,0.0,0.0,0.0,1.7081141,0.0,0.0,2.0856917,2.5810392,0.0,0.0,0.0,0.0,2.413795,2.413795,0.0,1.7081141,0.0,0.0,0.45894536,GSE155698,tumor
CELL_0418,2.9537067,0.0,0.0,0.0,0.0,0.0,0.0,0.0,0.0,0.0,0.0,0.0,0.0,0.0,0.0,0.0,0.0,0.0,0.0,0.0,0.0,0.0,0.0,3.1699135,0.0,0.0,0.0,0.0,0.0,2.9537067,0.0,0.0,0.0,0.0,0.0,0.0,0.0,0.0,3.1699135,0.0,0.0,0.0,0.0,0.0,0.0,3.1699135,0.0,2.9537067,0.0,0.0,0.0,0.0,0.0,0.38523945,GSE155698,tumor
CELL_0419,2.2769122,1.4689518,0.0,0.0,0.0,0.0,1.9782094,1.141513,0.0,2.064402,1.141513,0.0,0.0,0.0,0.0,0.0,0.0,0.0,0.0,0.0,0.0,0.0,0.0,2.0246515,0.0,0.0,0.0,0.0,0.0,0.0,0.0,0.0,0.0,0.0,0.0,0.0,0.0,0.0,2.0246515,0.0,0.0,0.0,1.141513,0.0,0.0,0.0,1.141513,1.141513,0.0,0.0,1.4689518,0.0,0.0,0.4038578,GSE155698,tumor
CELL_0420,3.3139927,0.0,0.0,0.0,0.0,0.0,0.0,0.0,0.0,0.0,0.0,0.0,0.0,0.0,0.0,0.0,0.0,0.0,0.0,0.0,0.0,0.0,0.0,3.506263,0.0,0.0,0.0,0.0,0.0,0.0,3.6700983,0.0,3.3139927,0.0,0.0,0.0,0.0,0.0,0.0,0.0,0.0,0.0,0.0,0.0,0.0,0.0,0.0,3.506263,0.0,0.0,0.0,0.0,0.0,0.37212282,GSE155698,adjacent_normal
CELL_0421,1.6856955,0.0,0.0,0.3921775,0.93305683,0.0,0.0,0.6338339,0.0,1.7349877,1.1915518,0.0,0.0,0.0,1.667425,1.3962334,0.0,0.0,0.0,0.0,0.6338339,0.803997,0.0,2.584913,0.0,0.0,0.3921775,1.1915518,0.0,2.026336,0.0,1.1202514,0.803997,0.6338339,0.0,0.0,0.0,1.4691681,0.0,0.0,0.0,1.557156,1.2528857,0.0,0.0,0.0,0.0,1.3064654,0.0,0.0,0.0,0.0,0.0,0.71779,GSE155698,tumor
CELL_0422,0.0,0.0,0.0,0.0,0.0,0.0,0.0,0.0,1.1596099,2.0588295,0.0,0.0,1.5089922,0.0,0.0,0.0,0.0,0.0,0.0,0.0,0.0,0.0,0.0,2.1892877,0.0,0.0,2.1090102,0.0,0.0,1.7018366,0.0,0.0,1.1596099,0.0,0.0,0.0,0.0,1.1596099,1.1596099,0.0,0.0,0.0,1.1596099,0.0,0.0,0.0,1.1596099,1.8304732,2.4648874,0.0,0.0,0.0,0.0,0.4607655,GSE155698,tumor
CELL_0423,0.0,0.0,0.0,0.0,0.0,0.0,0.0,0.0,0.0,2.9669294,0.0,0.0,0.0,0.0,2.9669294,0.0,0.0,0.0,0.0,0.0,0.0,2.9669294,0.0,3.344365,0.0,0.0,0.0,0.0,0.0,0.0,0.0,0.0,0.0,0.0,0.0,0.0,0.0,0.0,0.0,0.0,0.0,0.0,0.0,0.0,0.0,0.0,0.0,0.0,0.0,0.0,0.0,0.0,0.0,0.37431258,GSE155698,tumor
CELL_0424,1.8132788,0.0,0.0,0.0,1.2873768,0.0,0.0,1.2873768,1.6290282,2.0241706,0.0,0.0,0.0,0.0,0.0,1.2873768,0.0,0.0,0.0,0.0,0.0,0.0,2.1969392,2.1498616,0.0,0.0,0.0,0.0,0.0,1.6290282,0.0,0.0,1.2873768,1.2873768,0.0,0.0,0.0,0.0,0.0,0.0,0.0,0.0,2.355596,0.0,0.0,0.0,0.0,1.8132788,2.0241706,0.0,0.0,0.0,0.0,0.43664733,GSE155698,tumor
CELL_0425,1.7866353,1.1686648,1.8526419,2.0748715,1.6790655,0.0,0.0,0.48699355,1.251641,1.4761192,1.2877096,0.0,0.93473977,0.0,1.7696975,1.6285665,0.0,0.0,0.0,1.005001,0.28764054,1.1686648,0.8528781,2.662327,0.0,0.0,0.48699355,0.93473977,0.0,2.2361348,1.406333,0.28764054,0.63692015,1.379872,0.0,0.0,0.0,1.406333,0.0,1.0662636,0.0,2.197469,2.0452673,0.0,0.0,0.0,0.0,1.7326598,0.0,0.0,0.0,0.0,0.0,0.3798439,GSE155698,tumor
CELL_0426,2.2132187,0.47424793,0.0,0.0,0.0,0.0,0.0,0.0,0.7426129,2.011204,0.0,1.057843,0.47424793,0.0,1.3191675,0.47424793,0.0,0.0,0.0,0.0,0.0,0.0,0.0,2.255536,0.0,0.0,1.2479063,0.0,0.0,0.0,0.0,1.2479063,1.4794909,0.923832,0.7426129,0.0,0.0,1.057843,1.5582604,0.0,0.0,0.0,0.0,0.0,0.0,0.0,0.0,2.111508,2.5693715,0.0,1.5209683,0.0,0.0,0.36892655,GSE155698,tumor
CELL_0427,1.8145273,1.2508972,0.0,0.0,1.6745574,0.0,0.0,0.0,0.0,2.180302,0.0,0.0,0.0,0.0,0.91548043,1.7151966,0.0,0.0,0.0,0.0,0.0,1.628753,0.0,2.622518,0.0,0.0,1.7516195,0.0,0.0,0.6104534,0.0,0.0,0.0,0.91548043,0.0,0.0,0.0,0.0,0.0,0.0,0.0,0.91548043,0.0,0.0,0.0,0.0,0.0,2.4248688,2.2995434,2.2842326,0.91548043,0.0,0.0,0.4388586,GSE155698,tumor
CELL_0428,2.2052448,0.64536256,0.0,1.2999086,1.8028953,0.0,0.0,1.5668433,0.95918506,2.2139823,0.64536256,1.1580364,1.679928,0.0,0.0,0.0,0.0,0.0,0.0,0.0,0.0,0.0,1.6275527,2.4057362,0.0,0.0,2.0209613,0.0,0.0,0.0,0.0,1.2999086,2.1342072,1.5668433,0.0,0.0,0.0,0.95918506,1.2999086,0.0,0.0,0.64536256,1.4083647,0.0,0.0,0.0,0.0,2.2878578,0.64536256,0.0,0.64536256,0.0,0.0,0.4850233,GSE155698,tumor
CELL_0429,1.5230876,0.0,0.0,0.56903714,0.0,0.0,0.0,0.0,0.0,1.9553536,1.3037744,0.0,0.8647249,0.0,0.0,0.0,0.0,0.0,0.0,0.0,0.0,0.0,0.0,2.1877356,0.0,0.0,0.56903714,0.0,0.0,0.0,0.0,0.0,0.56903714,0.56903714,1.5758593,0.0,0.0,0.8647249,1.9707613,0.0,0.0,0.0,0.0,0.0,0.0,0.0,0.0,1.791879,1.9707613,0.0,0.0,0.0,0.0,0.4459692,GSE155698,tumor
CELL_0430,1.2280719,0.0,0.0,0.0,0.0,0.0,0.0,0.0,0.0,2.0775342,1.2280719,0.0,1.2280719,0.0,0.0,0.0,0.0,0.0,0.0,0.0,0.0,0.0,0.0,2.2103443,0.0,0.0,0.70844525,0.0,0.0,0.0,0.0,0.70844525,1.2280719,0.70844525,0.70844525,0.0,0.0,0.0,1.0297505,0.0,0.0,0.70844525,1.6851441,0.0,0.0,0.0,0.0,1.6266978,2.3499687,0.0,0.0,0.0,0.0,0.46427476,GSE155698,tumor
CELL_0431,1.2873647,0.0,0.0,0.0,1.2873647,0.0,0.0,0.9447903,0.0,2.296255,0.0,0.0,0.0,0.0,0.0,0.0,0.0,0.0,0.0,0.0,0.0,0.0,0.0,2.0357146,0.0,0.0,2.2397287,0.0,0.0,0.0,0.0,0.0,0.9447903,0.0,0.0,0.0,0.0,0.0,0.0,0.0,0.0,2.342144,0.0,0.0,0.0,0.0,0.0,2.2832825,0.9447903,0.0,0.0,0.0,0.0,0.50373405,GSE155698,tumor
CELL_0432,0.0,0.0,0.0,0.0,0.0,0.0,0.0,3.6844141,3.3736525,2.8142142,0.0,0.0,0.0,0.0,0.0,0.0,0.0,0.0,0.0,0.0,0.0,0.0,0.0,3.4981594,0.0,0.0,0.0,0.0,0.0,0.0,0.0,0.0,0.0,2.8142142,0.0,0.0,0.0,0.0,0.0,0.0,3.0847576,0.0,2.8142142,4.0729694,0.0,0.0,0.0,3.3094113,0.0,3.0847576,0.0,0.0,0.0,0.97048944,GSE155698,tumor
CELL_0433,2.0000825,0.6941811,0.0,0.0,1.1976362,0.0,0.0,0.0,1.0059851,1.3321773,1.5816091,0.0,0.6941811,0.0,1.4340256,0.6941811,0.0,0.0,0.0,0.0,0.0,0.0,1.0059851,1.6378368,0.0,0.0,0.6941811,0.0,0.0,1.9661238,0.0,0.0,1.5816091,0.0,0.0,0.0,0.0,1.1976362,0.0,0.0,0.0,0.0,2.4541059,0.0,0.0,0.0,0.6941811,1.9836284,1.0059851,0.0,1.6378368,0.0,0.0,0.82724434,GSE155698,tumor
CELL_0434,1.9507713,0.0,0.0,0.9773817,0.0,0.0,0.0,0.0,0.0,1.9507713,0.66795117,0.9773817,1.1697084,0.0,1.4086717,0.0,0.0,0.0,0.0,0.0,0.0,0.0,0.66795117,2.3327496,0.0,0.0,0.0,0.0,0.0,0.9773817,0.9773817,1.6158434,2.0439346,0.9773817,0.0,0.0,0.0,1.1697084,0.66795117,0.0,0.0,0.0,1.7807416,0.0,0.0,0.0,0.0,2.2481964,0.0,0.0,2.1586504,0.0,0.0,0.5399231,GSE155698,tumor
CELL_0435,2.9944654,0.0,0.0,0.0,0.0,0.0,0.0,0.0,0.0,2.6392326,0.0,0.0,0.0,0.0,0.0,0.0,0.0,0.0,0.0,0.0,0.0,0.0,0.0,0.0,0.0,0.0,0.0,0.0,0.0,0.0,0.0,0.0,0.0,0.0,0.0,0.0,0.0,2.6392326,2.9944654,0.0,0.0,0.0,2.6392326,0.0,0.0,0.0,0.0,2.8748024,0.0,0.0,0.0,0.0,0.0,0.3871221,GSE155698,tumor
CELL_0436,2.3091872,0.0,0.0,0.0,0.78283346,0.0,1.1047856,0.50466776,0.0,1.8152113,1.1047856,0.0,0.50466776,0.0,0.78283346,0.0,0.0,0.0,0.0,0.0,0.0,0.0,0.0,2.3577678,0.0,0.0,0.78283346,0.0,0.0,0.50466776,0.0,0.50466776,1.898502,1.1047856,0.0,0.0,0.0,1.2969908,2.1248071,0.0,0.0,0.50466776,1.2109531,0.0,0.0,0.0,0.50466776,2.264824,1.571279,0.0,1.751868,0.0,0.0,0.4548727,GSE155698,tumor
CELL_0437,0.0,0.0,0.0,2.3083396,0.0,0.0,0.0,0.0,0.0,2.3083396,0.0,0.0,0.0,0.0,0.0,2.3083396,0.0,0.0,0.0,0.0,0.0,0.0,0.0,2.762154,0.0,0.0,2.3083396,0.0,0.0,2.9379215,0.0,0.0,0.0,0.0,0.0,0.0,0.0,0.0,0.0,0.0,0.0,0.0,0.0,0.0,0.0,0.0,0.0,0.0,0.0,0.0,2.555028,0.0,0.0,0.5085494,GSE155698,tumor
CELL_0438,3.1193812,0.0,3.3256938,0.0,0.0,0.0,0.0,0.0,0.0,0.0,0.0,0.0,0.0,0.0,0.0,0.0,0.0,0.0,0.0,0.0,0.0,0.0,0.0,0.0,0.0,0.0,0.0,3.3256938,0.0,0.0,0.0,0.0,0.0,0.0,0.0,0.0,0.0,0.0,0.0,0.0,0.0,0.0,0.0,0.0,0.0,0.0,0.0,0.0,0.0,0.0,0.0,0.0,0.0,0.35874918,GSE155698,tumor
CELL_0439,0.0,1.781509,0.0,0.0,1.4727926,0.0,0.0,0.0,1.4727926,2.3915417,0.0,0.0,0.0,0.0,0.0,0.0,0.0,0.0,0.0,0.0,0.0,0.0,0.0,2.4328601,0.0,0.0,1.781509,0.0,0.0,0.0,0.0,0.0,0.0,1.4727926,0.0,0.0,0.0,0.0,0.0,0.0,0.0,0.0,1.9431022,0.0,0.0,0.0,0.0,2.048884,2.1860394,0.0,0.0,0.0,0.0,0.4945739,GSE155698,tumor
CELL_0440,1.8958734,0.0,0.0,1.054431,1.5088971,0.0,0.0,1.4496036,1.2954985,1.5088971,1.1906693,0.0,0.8654246,0.0,0.8654246,0.5727218,0.0,0.0,0.0,0.0,0.8654246,0.8654246,0.8654246,2.0404592,0.0,0.0,1.054431,0.8654246,0.0,0.5727218,0.0,1.3797486,1.2954985,1.054431,0.0,0.0,0.0,1.6808435,0.0,0.0,0.0,0.8654246,2.2616901,0.0,0.0,0.0,0.0,1.8781819,0.0,0.0,1.7132236,0.0,0.0,0.7955891,GSE155698,tumor
CELL_0441,1.2626803,0.0,0.0,0.0,0.49536532,0.0,0.0,0.0,0.49536532,1.5947255,0.49536532,0.0,0.49536532,0.0,0.49536532,0.0,0.0,0.0,0.0,0.0,0.0,0.49536532,0.0,1.7417907,0.0,0.0,0.0,0.0,0.0,2.0648615,0.0,0.49536532,1.7954757,1.179837,0.49536532,0.0,0.0,0.0,0.0,0.0,0.0,0.0,1.0774875,0.0,0.0,0.0,0.0,1.179837,1.7215495,0.0,0.0,0.0,0.0,0.36690226,GSE155698,tumor
CELL_0442,0.0,0.0,0.0,0.0,0.0,0.0,0.0,0.0,0.0,3.3919194,0.0,0.0,0.0,0.0,0.0,0.0,0.0,0.0,0.0,0.0,0.0,0.0,0.0,3.287436,0.0,0.0,0.0,3.083311,0.0,0.0,0.0,0.0,0.0,0.0,0.0,0.0,0.0,0.0,0.0,0.0,0.0,0.0,0.0,0.0,0.0,0.0,0.0,0.0,0.0,0.0,0.0,0.0,0.0,0.37217882,GSE155698,tumor
CELL_0443,0.0,0.0,0.0,0.0,0.0,0.0,0.0,0.0,0.0,0.0,0.0,0.0,0.0,0.0,0.0,0.0,0.0,0.0,0.0,0.0,0.0,0.0,0.0,0.0,0.0,0.0,0.0,0.0,0.0,0.0,0.0,0.0,0.0,0.0,0.0,0.0,0.0,0.0,0.0,0.0,0.0,0.0,3.6102762,0.0,0.0,0.0,0.0,0.0,3.30741,0.0,0.0,0.0,0.0,0.37391263,GSE155698,tumor
CELL_0444,1.3815253,1.0434792,0.0,0.0,1.0434792,0.0,0.0,0.0,0.0,2.1181936,0.0,0.7204237,0.0,0.0,0.0,1.0434792,0.0,0.0,0.0,0.0,1.0434792,0.0,0.0,2.528264,0.0,0.0,1.7483062,0.0,0.0,0.0,0.0,0.0,0.0,1.0434792,0.0,0.0,0.0,0.0,0.0,0.0,0.0,0.0,0.0,0.0,0.0,0.0,0.0,2.5702724,2.5351748,1.5709622,0.7204237,0.0,0.0,0.4324069,GSE155698,tumor
CELL_0445,2.4327707,0.0,0.0,0.0,0.0,0.0,0.0,1.883871,0.0,1.883871,0.0,0.0,1.883871,0.0,1.883871,0.0,0.0,0.0,0.0,0.0,0.0,0.0,0.0,2.7047374,0.0,0.0,1.883871,0.0,0.0,1.883871,0.0,0.0,0.0,1.883871,0.0,0.0,0.0,0.0,0.0,0.0,0.0,0.0,0.0,0.0,0.0,0.0,0.0,0.0,2.4327707,0.0,2.3337998,0.0,0.0,0.37902752,GSE155698,tumor
CELL_0446,1.4003929,0.0,0.0,1.6384317,0.0,0.0,0.0,0.0,1.2952058,1.7976004,0.0,0.96264875,0.4032453,0.0,1.423061,0.0,0.0,0.0,0.0,0.0,0.23027323,0.8998468,0.8998468,2.4864395,0.0,0.0,0.65267414,0.0,0.0,0.0,1.3240008,0.0,0.23027323,1.0693029,0.0,0.0,0.0,0.8287998,0.23027323,0.0,0.0,1.2952058,2.5819232,0.0,0.0,0.0,0.0,2.1142876,0.0,0.0,2.1536846,0.0,0.0,0.51385146,GSE155698,tumor
CELL_0447,1.9146369,0.0,0.0,0.0,1.6394868,0.0,0.0,1.059046,1.3892866,1.3892866,1.3892866,0.0,1.3892866,0.0,1.059046,1.059046,0.7387854,0.0,0.0,0.0,0.0,0.0,1.059046,2.1259718,0.0,0.0,1.2535653,1.059046,0.0,0.0,0.0,1.2535653,1.2535653,0.0,0.0,0.0,0.0,1.059046,1.5728183,0.0,0.0,0.7387854,2.5463097,0.0,0.0,0.0,0.7387854,2.1993637,2.2556238,0.0,1.059046,0.0,0.0,0.7461299,GSE155698,tumor
CELL_0448,2.3832488,1.6580998,0.0,0.2214496,0.0,0.38785562,0.0,0.0,0.0,1.6074775,0.0,1.3666742,0.38785562,0.0,1.7019355,0.2214496,0.0,1.1119167,0.0,0.0,0.0,0.0,0.0,1.9349096,0.0,0.0,0.0,0.0,1.9457715,0.0,0.0,2.171462,2.0543892,0.5196098,1.2717835,0.8651167,1.5479434,0.0,1.6763548,0.0,0.0,0.0,0.38785562,0.0,1.5848827,1.5479434,1.9274172,1.3219997,1.560697,0.0,1.1488773,1.9197115,0.0,0.1083739,GSE155698,adjacent_normal
CELL_0449,0.0,0.0,0.0,0.0,0.0,0.0,0.0,0.0,0.0,0.0,0.0,0.0,0.0,0.0,0.0,0.0,0.0,0.0,0.0,0.0,0.0,0.0,0.0,2.9254787,0.0,0.0,2.17728,0.0,0.0,0.0,2.17728,0.0,2.441007,0.0,0.0,0.0,0.0,0.0,0.0,0.0,0.0,2.441007,0.0,0.0,0.0,0.0,0.0,2.7257066,0.0,0.0,2.17728,0.0,0.0,0.36220336,GSE155698,adjacent_normal
CELL_0450,2.6333704,0.0,0.0,0.0,0.0,0.0,0.0,0.0,0.0,2.3374949,0.0,0.0,0.0,0.0,2.3374949,0.0,0.0,0.0,0.0,0.0,0.0,0.0,0.0,2.6333704,0.0,0.0,0.0,0.0,0.0,0.0,0.0,0.0,2.0637228,0.0,0.0,0.0,0.0,0.0,2.3374949,0.0,0.0,0.0,2.0637228,0.0,0.0,0.0,0.0,0.0,0.0,0.0,0.0,0.0,2.0637228,0.39872265,GSE155698,tumor
CELL_0451,1.3181123,0.67838186,1.3181123,1.9773463,1.1314573,0.0,0.0,0.60679346,0.8949531,0.17614943,1.9447502,0.17614943,0.3151585,0.0,1.6612215,1.5448215,0.3151585,0.0,0.0,0.0,0.42897436,0.0,0.0,2.3744252,0.0,0.0,0.7980261,1.406234,0.0,2.2636483,0.0,0.17614943,1.701042,0.52467734,0.0,0.3151585,0.0,1.3929272,0.0,1.2251232,0.0,0.3151585,1.7313956,0.0,0.0,0.0,0.0,1.2036146,0.0,0.0,0.0,0.0,0.0,0.3953358,GSE155698,tumor
CELL_0452,2.5915108,0.0,0.0,0.0,1.9495811,0.0,0.0,0.0,0.0,2.4701977,0.0,0.0,0.0,0.0,0.0,0.0,0.0,0.0,0.0,0.0,0.0,1.9495811,0.0,2.9386714,0.0,0.0,0.0,0.0,0.0,1.9495811,2.2321987,0.0,0.0,0.0,0.0,0.0,0.0,1.9495811,1.9495811,0.0,0.0,1.9495811,2.2321987,0.0,0.0,0.0,0.0,2.4701977,0.0,0.0,1.9495811,0.0,0.0,0.39740583,GSE155698,tumor
CELL_0453,1.1700937,0.3897417,0.0,1.0191475,0.7937299,0.3897417,0.0,0.0,0.91940975,1.823031,0.0,1.3269589,0.7937299,0.0,0.0,0.0,0.0,0.0,0.0,0.0,0.3897417,0.3897417,0.0,1.7716006,0.0,0.0,1.4688612,0.0,0.0,0.7937299,0.0,0.0,1.7600894,0.7937299,0.3897417,0.0,0.0,0.91940975,0.3897417,0.0,0.3897417,0.0,1.1010686,0.0,0.0,0.0,0.0,1.1700937,1.9539351,0.0,0.91940975,0.0,0.0,0.37440568,GSE155698,tumor
CELL_0454,0.0,3.6698804,0.0,0.0,0.0,0.0,0.0,0.0,0.0,0.0,0.0,0.0,0.0,0.0,3.6698804,0.0,0.0,0.0,0.0,0.0,0.0,0.0,0.0,3.6698804,0.0,0.0,0.0,0.0,0.0,0.0,0.0,0.0,0.0,0.0,0.0,0.0,0.0,0.0,0.0,0.0,0.0,0.0,0.0,0.0,0.0,0.0,0.0,0.0,0.0,0.0,0.0,0.0,0.0,0.3730451,GSE155698,tumor
CELL_0455,1.6368572,0.0,0.0,0.0,0.0,0.0,0.0,0.0,0.0,1.8930742,0.8477745,0.0,0.5567763,0.0,0.5567763,0.0,0.0,0.0,0.0,0.0,0.0,0.0,0.0,1.6368572,0.0,0.0,0.5567763,0.0,0.0,0.8477745,0.0,2.3284976,2.4601197,0.0,0.0,0.0,0.0,0.5567763,0.0,0.0,0.0,0.8477745,0.5567763,0.0,0.0,0.5567763,0.0,1.8132849,2.368746,0.0,0.0,0.0,0.0,0.4204655,GSE155698,tumor
CELL_0456,2.6328964,0.0,0.0,0.0,0.0,0.0,2.4765847,0.0,0.0,2.3374407,0.0,0.0,0.0,0.0,0.0,0.0,0.0,0.0,0.0,0.0,0.0,0.0,0.0,2.7905293,0.0,0.0,0.0,0.0,0.0,2.0640686,0.0,0.0,0.0,0.0,0.0,0.0,0.0,0.0,2.5670342,0.0,0.0,0.0,0.0,0.0,0.0,0.0,0.0,0.0,0.0,0.0,2.3374407,0.0,0.0,0.40524897,GSE155698,tumor
CELL_0457,1.3514116,1.4867843,0.0,0.0,0.0,0.0,1.9464833,0.0,1.1550562,1.6681833,1.1550562,0.0,0.0,0.0,2.0496595,0.0,0.0,0.0,0.0,0.0,0.0,0.8239383,2.2083604,2.6107607,0.0,0.0,1.3514116,0.0,0.0,2.155843,0.0,0.8239383,0.0,0.0,0.0,0.0,0.0,0.8239383,1.9138669,0.0,0.0,2.2083604,0.0,0.0,0.0,0.0,0.8239383,2.4290943,0.0,0.0,1.4867843,0.0,0.0,0.36359808,GSE155698,tumor
CELL_0458,2.1570523,0.0,0.0,0.0,0.0,1.1471783,0.0,1.1471783,0.0,0.0,0.0,0.0,1.1471783,0.0,1.1471783,0.0,0.0,0.0,0.0,0.0,1.1471783,0.0,1.1471783,1.786062,0.0,0.0,1.4811403,0.0,0.0,0.0,0.0,1.6642175,1.6642175,0.0,0.0,0.0,0.0,1.4811403,1.8755769,0.0,0.0,0.0,2.5293097,0.0,0.0,0.0,1.1471783,2.1570523,0.0,0.0,1.786062,0.0,0.0,0.7960661,GSE155698,tumor
CELL_0459,1.5680413,0.0,0.0,0.0,0.0,0.0,0.0,0.0,0.0,2.228932,0.0,0.0,0.0,0.0,0.0,0.0,0.0,0.0,0.0,0.0,0.0,0.0,0.0,2.2079582,0.0,0.0,1.0290434,0.0,0.0,0.0,0.0,0.0,0.0,1.3735114,0.0,0.0,0.0,1.0290434,1.6991144,0.0,0.0,0.0,1.0290434,0.0,0.0,0.0,0.0,0.0,2.2483346,0.0,0.0,0.0,0.0,0.40970525,GSE155698,tumor
CELL_0460,3.027682,2.672689,0.0,0.0,0.0,0.0,0.0,0.0,0.0,2.9081159,0.0,0.0,0.0,0.0,0.0,0.0,0.0,0.0,0.0,0.0,0.0,0.0,0.0,3.4417515,0.0,0.0,0.0,0.0,0.0,0.0,0.0,0.0,0.0,0.0,0.0,0.0,0.0,0.0,0.0,0.0,0.0,0.0,2.672689,0.0,0.0,0.0,0.0,0.0,0.0,0.0,0.0,0.0,0.0,0.37120783,GSE155698,tumor
CELL_0461,2.0278769,0.43640995,0.0,0.43640995,0.43640995,0.0,0.0,0.0,1.3964874,1.1177912,1.341593,0.0,1.4882059,0.0,0.69619775,0.8760591,0.0,0.0,0.0,0.0,0.0,0.0,0.43640995,1.9353858,0.0,0.0,0.69619775,1.1177912,0.0,0.0,0.0,1.444953,1.2786039,1.0110885,0.0,0.43640995,0.0,0.8760591,0.43640995,0.0,0.0,0.69619775,1.8320048,0.0,0.69619775,0.69619775,0.8760591,1.9564512,0.0,0.0,1.7440934,0.0,0.0,0.8089123,GSE155698,tumor
CELL_0462,1.6075294,0.0,0.0,1.5726548,1.6393677,0.0,0.0,1.1658437,1.0586283,1.8054577,0.46858972,0.0,0.0,0.0,1.668608,1.8407818,0.0,0.0,0.0,0.0,1.0586283,1.1658437,0.0,2.5123932,0.0,0.0,1.3890121,0.92205137,0.0,1.8725281,0.0,0.0,0.0,0.92205137,0.0,0.0,0.0,1.0586283,0.0,0.0,0.0,1.5341916,1.4914323,0.0,0.0,0.0,0.0,2.0229516,0.0,0.0,0.46858972,0.0,0.0,0.75881875,GSE155698,tumor
CELL_0463,0.0,0.0,0.0,0.0,0.0,0.0,0.0,1.8587788,0.9939432,2.7415574,0.0,0.0,0.0,0.0,0.0,0.9939432,0.0,0.0,0.0,0.0,1.3437957,0.0,2.0230293,2.813182,0.0,0.0,2.0986903,0.0,0.0,0.0,0.0,0.0,0.0,1.5438787,0.0,0.0,0.0,1.3437957,0.9939432,0.0,0.0,0.0,0.0,0.0,0.0,0.0,0.0,2.610071,2.6368299,0.0,0.0,0.0,0.0,0.4943916,GSE155698,tumor
CELL_0464,0.0,0.0,0.0,0.0,0.0,0.0,0.0,0.0,0.0,0.0,0.0,0.0,1.977636,0.0,0.0,0.0,0.0,0.0,0.0,0.0,0.0,0.0,0.0,1.977636,0.0,0.0,0.0,0.0,0.0,0.0,0.0,3.3509347,3.3448339,0.0,0.0,0.0,0.0,0.0,0.0,0.0,0.0,0.0,0.0,0.0,0.0,0.0,0.0,2.2750754,2.9133997,0.0,0.0,0.0,0.0,0.39917466,GSE155698,tumor
CELL_0465,1.556845,0.0,0.0,2.0091677,2.247809,0.0,0.0,0.524626,1.3249817,1.7774003,0.0,0.0,0.0,0.0,1.598143,1.9368117,0.0,0.0,0.80811477,0.0,0.524626,1.9227413,0.0,2.5958705,0.0,0.0,1.8206267,0.80811477,0.0,2.4555864,0.0,0.80811477,1.7774003,0.524626,0.0,0.0,0.0,1.238995,0.0,0.0,0.0,1.7774003,1.6994054,0.0,0.0,0.0,0.0,1.1326442,0.0,0.0,0.80811477,0.0,0.0,0.66696185,GSE155698,tumor
CELL_0466,3.024493,0.0,0.0,0.0,0.0,0.0,3.024493,0.0,0.0,3.024493,0.0,3.024493,0.0,0.0,0.0,0.0,0.0,0.0,0.0,0.0,0.0,0.0,0.0,3.024493,0.0,0.0,0.0,0.0,0.0,0.0,0.0,0.0,0.0,0.0,0.0,0.0,0.0,3.024493,0.0,0.0,0.0,0.0,0.0,0.0,0.0,0.0,0.0,3.024493,0.0,0.0,3.2293832,0.0,3.024493,0.39555717,GSE155698,tumor
CELL_0467,3.5212467,0.0,0.0,0.0,0.0,0.0,0.0,0.0,0.0,0.0,0.0,0.0,0.0,0.0,0.0,0.0,0.0,0.0,0.0,0.0,0.0,0.0,0.0,0.0,0.0,0.0,0.0,0.0,0.0,0.0,0.0,0.0,0.0,0.0,0.0,3.2900522,0.0,0.0,0.0,0.0,0.0,0.0,0.0,0.0,0.0,0.0,0.0,0.0,4.136542,0.0,0.0,0.0,0.0,0.41723648,GSE155698,tumor
CELL_0468,0.0,0.0,0.0,0.0,0.0,0.0,0.0,2.9274445,0.0,0.0,0.0,0.0,2.9274445,0.0,0.0,0.0,0.0,0.0,0.0,0.0,0.0,0.0,0.0,3.4144244,0.0,0.0,0.0,0.0,0.0,0.0,0.0,0.0,0.0,0.0,0.0,0.0,0.0,0.0,0.0,0.0,0.0,0.0,0.0,0.0,0.0,0.0,0.0,0.0,0.0,0.0,0.0,0.0,0.0,0.47207773,GSE155698,tumor
CELL_0469,2.1177006,1.5074364,0.0,0.0,0.0,0.0,0.2477988,0.0,0.6766899,1.7705743,0.42696658,0.2477988,0.6766899,0.0,0.42696658,0.56526506,0.0,0.0,0.0,0.0,0.2477988,0.0,1.3123592,2.2071173,0.0,0.0,0.76923764,0.0,0.0,0.42696658,1.2574819,0.2477988,1.5074364,0.2477988,0.0,0.0,0.0,0.56526506,1.6612691,0.0,0.0,1.6967579,0.2477988,0.0,0.0,0.0,0.56526506,1.8014659,0.0,0.0,0.76923764,0.0,0.0,0.36588225,GSE155698,tumor
CELL_0470,1.8997008,1.8626634,0.0,0.0,1.3304254,0.0,0.0,0.0,1.3304254,1.7727976,0.80264527,0.0,1.3304254,0.0,0.80264527,0.0,0.0,0.0,0.0,0.0,0.0,0.0,0.0,2.3714008,0.0,0.0,1.1330324,1.3304254,0.0,0.0,0.0,0.0,1.1330324,0.0,0.0,0.0,0.0,0.0,0.0,0.0,0.0,0.0,1.5695173,0.0,0.0,0.80264527,0.80264527,1.8207816,0.80264527,0.0,1.4670136,0.0,0.0,0.39822176,GSE155698,tumor
CELL_0471,0.0,0.0,0.0,0.0,0.0,0.0,0.0,0.0,0.0,2.265336,0.0,0.0,0.0,0.0,1.2196712,0.0,0.0,0.0,0.0,0.0,0.0,0.0,0.0,2.1486702,0.0,0.0,1.2196712,0.0,0.0,1.2196712,0.0,0.0,0.0,0.0,0.0,0.0,0.0,0.0,0.0,0.0,0.0,0.0,0.0,0.0,0.0,0.0,0.0,0.0,2.4028254,0.0,0.0,0.0,0.0,0.44952035,GSE155698,tumor
CELL_0472,1.9897609,2.3224468,0.0,0.0,1.1108387,0.0,0.0,0.0,1.6397796,2.6912675,0.0,2.0390563,1.6397796,0.0,1.6397796,0.0,0.0,1.4512619,0.0,0.0,0.0,0.0,0.0,2.289253,0.0,0.0,1.6397796,0.0,0.0,0.0,0.0,0.0,1.1108387,1.1108387,1.4512619,1.1108387,0.0,0.0,2.510857,0.0,0.0,0.0,0.0,0.0,1.1108387,1.9897609,1.4512619,0.0,2.4006867,0.0,0.0,0.0,0.0,0.3806356,GSE155698,tumor
CELL_0473,1.1232893,1.2502339,0.0,0.4067514,0.0,0.0,0.0,0.0,0.8168428,1.3866724,0.0,0.6491508,0.6491508,0.0,0.0,0.4067514,0.0,0.0,0.0,0.0,0.4067514,0.0,0.0,1.2502339,0.0,0.0,1.4229366,0.0,0.0,0.9426331,0.0,0.0,1.3013121,0.8168428,0.0,0.0,0.0,0.4067514,0.8168428,0.0,0.0,0.0,1.0419754,0.0,0.0,0.0,0.0,0.4067514,1.8593053,0.0,0.6491508,0.0,0.8168428,0.367217,GSE155698,tumor
CELL_0474,1.418299,0.0,0.0,0.5258223,0.80158997,0.5258223,0.0,0.0,0.5258223,1.9351008,0.0,1.2936184,0.5258223,0.0,0.0,0.0,0.0,0.0,0.0,0.0,0.0,0.0,0.0,1.9888257,0.0,0.0,0.80158997,0.0,0.0,1.7767637,0.0,0.0,0.981456,0.80158997,0.5258223,0.0,0.0,0.5258223,0.0,0.0,0.0,0.0,0.5258223,0.0,0.0,0.0,0.5258223,1.1118252,2.2497234,0.0,0.5258223,0.0,0.0,0.3778481,GSE155698,tumor
CELL_0475,0.0,0.0,0.0,3.2219224,0.0,0.0,0.0,0.0,0.0,0.0,0.0,0.0,0.0,0.0,0.0,0.0,0.0,0.0,0.0,0.0,3.2219224,0.0,0.0,3.5142176,0.0,0.0,0.0,0.0,0.0,3.2219224,0.0,0.0,0.0,0.0,0.0,0.0,0.0,3.2219224,0.0,0.0,0.0,0.0,0.0,0.0,0.0,0.0,0.0,0.0,0.0,0.0,0.0,0.0,0.0,0.50035495,GSE155698,tumor
CELL_0476,1.4628379,1.4628379,0.0,0.0,1.4628379,0.0,0.0,0.0,0.0,1.8352028,0.0,0.0,0.0,0.0,0.0,0.0,0.0,0.0,0.0,0.0,0.0,0.0,0.0,2.5607696,0.0,0.0,0.0,0.0,0.0,0.0,0.0,1.4628379,0.0,1.4628379,0.0,0.0,0.0,0.0,0.0,0.0,0.0,0.0,1.4628379,0.0,0.0,0.0,0.0,2.750206,2.7905684,0.0,1.4628379,0.0,0.0,0.42054194,GSE155698,tumor
CELL_0477,3.2095196,2.7374954,0.0,0.0,0.0,0.0,2.9639645,0.0,0.0,2.7374954,0.0,2.7374954,0.0,0.0,0.0,0.0,0.0,0.0,0.0,0.0,0.0,0.0,0.0,0.0,0.0,0.0,0.0,0.0,0.0,0.0,0.0,0.0,0.0,0.0,0.0,0.0,0.0,0.0,3.0792055,0.0,0.0,0.0,0.0,0.0,0.0,0.0,0.0,0.0,0.0,0.0,2.7374954,0.0,0.0,0.40032467,GSE155698,tumor
CELL_0478,2.7923906,0.0,0.0,0.0,0.0,0.0,2.2820776,0.0,0.0,0.0,0.0,2.2820776,0.0,0.0,0.0,0.0,0.0,0.0,0.0,0.0,0.0,0.0,0.0,2.2820776,0.0,0.0,0.0,0.0,0.0,0.0,0.0,0.0,2.2820776,0.0,0.0,0.0,0.0,0.0,2.5601137,0.0,0.0,0.0,0.0,0.0,0.0,0.0,2.2820776,0.0,0.0,0.0,0.0,0.0,0.0,0.41358986,GSE155698,tumor
CELL_0479,1.7276903,1.1614376,0.0,0.0,1.573665,0.0,0.0,0.307929,1.1071742,1.9180791,2.013978,1.2532357,1.0455816,0.0,0.7929087,0.0,0.0,0.0,0.0,0.0,0.307929,0.0,0.0,2.2157238,0.0,0.0,0.307929,0.0,0.0,0.0,0.0,0.307929,0.307929,1.2532357,0.7929087,0.5165897,0.0,0.307929,0.0,0.0,0.0,0.5165897,1.0455816,0.0,0.0,0.67143667,0.9747288,1.666493,1.1614376,0.0,0.307929,0.0,0.0,0.3959824,GSE155698,tumor
CELL_0480,3.1065784,3.1065784,0.0,0.0,0.0,0.0,0.0,0.0,0.0,0.0,0.0,0.0,0.0,0.0,0.0,0.0,0.0,0.0,0.0,0.0,0.0,0.0,0.0,3.5314724,0.0,0.0,0.0,0.0,0.0,0.0,0.0,0.0,0.0,0.0,0.0,0.0,0.0,0.0,0.0,0.0,0.0,0.0,0.0,0.0,0.0,0.0,0.0,3.1065784,0.0,0.0,0.0,0.0,0.0,0.378364,GSE155698,tumor
CELL_0481,0.0,0.0,0.0,0.0,0.0,0.0,0.0,0.0,0.0,2.607476,0.0,0.0,0.0,0.0,0.0,0.0,0.0,0.0,0.0,0.0,0.0,0.0,0.0,2.9728315,0.0,0.0,0.0,0.0,0.0,0.0,0.0,0.0,0.0,0.0,0.0,0.0,0.0,0.0,0.0,0.0,0.0,0.0,2.8852975,0.0,0.0,0.0,0.0,2.8233109,0.0,0.0,0.0,0.0,0.0,0.40381396,GSE155698,tumor
CELL_0482,1.6832958,1.4530717,0.0,0.0,0.0,0.0,0.0,0.0,1.4530717,1.7655917,0.0,0.51132214,0.0,0.0,1.7470291,0.51132214,0.0,0.0,0.0,0.0,0.0,0.0,1.0944061,2.3463604,0.0,0.0,1.2772357,0.0,0.0,1.0944061,1.4970791,0.51132214,0.51132214,1.0944061,0.0,0.0,0.0,1.1955683,0.0,0.0,0.0,1.7470291,1.4970791,0.0,0.0,0.0,0.0,1.9156955,0.0,0.0,1.5713346,0.0,0.7843215,0.5198292,GSE155698,tumor
CELL_0483,2.1854959,0.0,0.0,0.69366753,1.4402432,0.0,0.0,0.69366753,1.3371664,1.3371664,0.69366753,0.0,1.3371664,0.0,0.69366753,1.2011176,0.0,0.0,0.0,0.0,0.0,0.0,0.69366753,2.0137327,0.0,0.0,0.0,1.3371664,0.0,0.69366753,0.0,1.2011176,1.4402432,1.5222282,0.0,0.0,0.0,0.0,0.0,0.0,0.0,0.0,2.445048,0.0,0.0,0.0,0.69366753,1.9401242,0.0,0.0,1.4402432,0.0,0.0,0.8308432,GSE155698,tumor
CELL_0484,1.2210612,0.0,0.0,0.0,0.0,0.0,0.0,0.0,0.0,1.5523623,0.0,0.0,0.8841768,0.0,0.0,0.0,0.0,0.0,0.0,0.0,0.8841768,0.0,0.0,1.9375552,0.0,0.0,1.2210612,0.0,0.0,1.2210612,0.0,1.7962817,2.1959739,0.0,0.0,0.0,0.0,0.8841768,0.0,0.0,0.0,0.8841768,0.0,0.0,0.0,0.0,0.0,1.2210612,2.3141656,0.0,0.8841768,0.0,0.0,0.42308238,GSE155698,tumor
CELL_0485,0.0,0.0,0.0,0.0,0.0,0.0,0.0,0.0,0.0,0.0,0.0,0.0,0.0,0.0,0.0,2.7703881,0.0,0.0,0.0,0.0,0.0,0.0,0.0,2.9847217,0.0,0.0,2.7703881,0.0,0.0,0.0,0.0,0.0,0.0,0.0,0.0,0.0,0.0,0.0,0.0,0.0,0.0,0.0,0.0,0.0,0.0,0.0,0.0,2.7703881,0.0,0.0,0.0,0.0,0.0,0.49802655,GSE155698,tumor
CELL_0486,1.3248277,0.0,0.0,0.0,1.3248277,0.0,0.0,0.0,0.0,2.1260428,0.0,0.0,0.0,0.0,0.0,0.0,0.0,0.0,0.0,0.0,0.0,0.0,0.0,2.3899264,0.0,0.0,0.0,0.0,0.0,0.0,0.0,0.0,0.0,0.0,0.0,0.0,0.0,0.0,0.0,0.0,0.0,0.0,2.4450955,0.0,0.0,0.0,0.0,0.0,2.1694274,0.0,1.3248277,0.0,0.0,0.44633508,GSE155698,tumor
CELL_0487,2.1734223,0.0,0.0,0.0,0.0,0.0,1.6317174,0.0,0.0,1.7649323,0.0,1.0805953,0.0,0.0,0.0,0.0,0.0,0.0,0.0,0.0,0.0,0.0,0.0,2.320809,0.0,0.0,0.0,0.0,0.0,1.0805953,0.0,1.6317174,1.4334955,0.0,0.0,0.0,0.0,0.0,1.9401497,0.0,0.0,0.0,1.4334955,0.0,0.0,1.0805953,1.6317174,1.9401497,2.4813693,0.0,1.6317174,0.0,1.4334955,0.38935775,GSE155698,tumor
CELL_0488,2.2422342,0.26023763,0.0,0.26023763,0.0,1.4585273,0.0,0.0,0.0,1.6450301,1.2475773,1.0512979,0.5862966,0.0,0.0,0.5862966,0.0,1.1796318,0.0,0.0,0.0,0.0,0.0,1.4402487,0.0,0.0,0.26023763,0.26023763,1.4924443,1.7933657,0.0,0.9391576,1.4209776,0.87119085,0.87119085,0.699146,0.699146,0.44514322,1.7167692,0.0,0.0,0.0,1.8167603,0.0,1.215017,1.3790438,2.0323174,1.7167692,1.1409607,0.0,0.26023763,1.6830274,1.0512979,0.1245323,GSE155698,tumor
CELL_0489,1.4338552,1.4338552,0.0,0.0,0.89219445,0.0,0.0,0.0,1.6728728,2.0610979,0.0,0.0,1.2339456,0.0,0.0,0.0,0.0,0.0,0.0,0.0,0.0,0.0,0.0,2.1554356,0.0,0.0,1.2339456,0.0,0.0,0.0,0.0,1.2339456,0.0,0.89219445,0.0,0.0,0.0,0.0,0.0,0.0,0.0,1.4338552,0.89219445,0.0,0.0,0.0,0.89219445,2.1346536,1.8741443,0.0,0.0,0.0,0.0,0.40404385,GSE155698,tumor
CELL_0490,2.2063982,0.0,0.0,1.7433829,0.0,0.0,0.0,1.218788,0.0,1.218788,0.0,0.0,1.218788,0.0,1.218788,0.0,0.0,0.0,0.0,0.0,0.0,0.0,0.0,2.2376559,0.0,0.0,1.218788,0.0,0.0,0.0,0.0,1.218788,1.218788,0.0,0.0,0.0,0.0,0.0,0.0,0.0,0.0,0.0,2.757673,0.0,0.0,0.0,1.218788,2.1709826,0.0,0.0,1.218788,0.0,0.0,0.8170237,GSE155698,tumor
CELL_0491,0.0,0.0,0.0,0.0,0.0,0.0,0.0,0.0,0.0,3.213768,0.0,0.0,0.0,0.0,0.0,0.0,0.0,0.0,0.0,0.0,0.0,0.0,0.0,3.4117577,0.0,0.0,0.0,3.213768,0.0,3.213768,0.0,0.0,3.5133076,0.0,0.0,0.0,0.0,0.0,0.0,0.0,0.0,0.0,0.0,0.0,0.0,0.0,0.0,0.0,3.213768,0.0,0.0,0.0,0.0,0.37374738,GSE155698,tumor
CELL_0492,0.0,0.0,0.0,0.0,0.0,0.0,0.0,0.0,0.0,3.2170928,3.2170928,0.0,0.0,0.0,0.0,3.2170928,0.0,0.0,3.2170928,0.0,0.0,0.0,0.0,3.5152094,0.0,0.0,0.0,0.0,0.0,3.58163,0.0,0.0,0.0,0.0,0.0,0.0,0.0,3.2170928,0.0,0.0,0.0,0.0,0.0,0.0,0.0,0.0,0.0,0.0,0.0,0.0,0.0,0.0,0.0,0.52691025,GSE155698,tumor
CELL_0493,3.097237,0.0,0.0,0.0,0.0,0.0,0.0,0.0,0.0,0.0,0.0,0.0,0.0,0.0,0.0,0.0,0.0,0.0,0.0,0.0,0.0,0.0,0.0,3.3023846,0.0,0.0,0.0,0.0,0.0,0.0,0.0,0.0,0.0,3.097237,0.0,0.0,0.0,0.0,0.0,0.0,0.0,0.0,0.0,0.0,0.0,0.0,0.0,3.097237,0.0,0.0,0.0,0.0,0.0,0.38057423,GSE155698,tumor
CELL_0494,3.3576236,0.0,0.0,0.0,0.0,0.0,0.0,0.0,0.0,3.3576236,0.0,0.0,0.0,0.0,0.0,0.0,0.0,0.0,0.0,0.0,0.0,0.0,0.0,3.147663,0.0,0.0,0.0,0.0,0.0,0.0,0.0,0.0,0.0,0.0,0.0,0.0,0.0,0.0,0.0,0.0,0.0,0.0,3.147663,0.0,0.0,3.147663,0.0,0.0,0.0,0.0,0.0,0.0,0.0,0.38606483,GSE155698,tumor
CELL_0495,1.8450962,1.7746949,0.0,0.0,1.3800662,0.0,0.0,0.0,1.5625057,2.112639,0.0,0.0,0.0,0.0,1.3800662,0.0,0.0,0.0,0.0,0.0,0.0,0.0,0.0,2.333788,0.0,0.0,2.0273027,0.0,0.0,0.0,0.0,0.0,0.0,0.0,0.0,0.0,0.0,0.0,1.0518422,0.0,0.0,0.0,1.5625057,0.0,0.0,0.0,0.0,2.2113202,2.1764815,1.3800662,1.0518422,0.0,0.0,0.49481317,GSE155698,tumor
CELL_0496,2.3057542,1.6345288,0.0,1.3033586,0.0,1.6682789,0.0,0.0,0.0,1.9869556,0.0,1.0719826,0.8880112,0.0,0.0,0.59728295,0.0,1.0719826,0.0,0.0,0.0,0.0,0.0,1.3835478,0.0,0.0,0.0,0.0,2.1260169,0.59728295,0.0,1.2031317,2.0880394,0.59728295,0.0,0.8880112,1.7265762,0.0,0.59728295,0.0,0.0,0.0,0.0,0.0,1.8541105,1.3835478,2.0880394,0.8880112,0.8880112,0.0,0.59728295,1.0719826,0.59728295,0.11483116,GSE155698,adjacent_normal
CELL_0497,1.4680943,1.9345173,0.0,0.0,1.5649457,0.0,0.0,1.1494926,0.0,2.1197023,0.0,0.0,0.82759184,0.0,1.1494926,1.9345173,0.0,0.0,0.0,0.0,0.0,0.0,0.0,2.15633,0.0,0.0,1.6412897,0.0,0.0,0.82759184,0.0,0.82759184,0.0,0.82759184,0.0,0.0,0.0,0.0,0.0,0.0,0.0,0.0,0.0,0.0,0.0,0.0,0.0,2.2560601,2.004831,0.82759184,0.0,0.0,0.0,0.43372208,GSE155698,tumor
CELL_0498,2.1071446,1.0040463,0.0,1.3339916,1.0040463,0.0,0.0,0.0,0.0,1.5194649,1.0040463,0.0,1.0040463,0.0,1.0040463,1.3339916,0.0,0.0,0.0,0.0,0.0,0.0,0.0,1.7364342,0.0,0.0,0.0,1.0040463,0.0,1.0040463,0.0,1.0040463,1.0040463,0.0,0.0,0.0,0.0,1.0040463,2.1489422,0.0,0.0,0.0,2.1489422,0.0,0.0,0.0,0.0,2.0281835,0.0,0.0,1.6442403,0.0,0.0,0.82596934,GSE155698,tumor
CELL_0499,0.0,0.0,0.0,2.2572083,0.0,0.0,0.0,2.2572083,2.2572083,2.2572083,2.2572083,0.0,0.0,0.0,2.5172017,2.2572083,0.0,0.0,0.0,0.0,0.0,2.5172017,0.0,2.7976446,0.0,0.0,2.2572083,0.0,0.0,2.8859918,0.0,2.2572083,0.0,0.0,0.0,0.0,0.0,0.0,0.0,0.0,0.0,0.0,0.0,0.0,0.0,0.0,0.0,0.0,0.0,0.0,0.0,0.0,0.0,0.60746056,GSE155698,tumor
CELL_0500,1.5761884,0.0,0.0,1.0534742,0.0,0.0,0.0,0.0,0.0,1.5761884,0.0,0.0,0.0,0.0,0.0,0.0,0.0,0.0,0.0,0.0,1.0534742,0.0,0.0,1.9257681,0.0,0.0,1.0534742,0.0,0.0,0.0,0.0,1.0534742,1.7017668,0.0,0.0,0.0,0.0,1.3889252,1.0534742,0.0,0.0,0.0,0.0,1.0534742,0.0,0.0,0.0,1.0534742,2.6397595,0.0,0.0,0.0,0.0,0.39890358,GSE155698,tumor
CELL_0501,3.4679983,0.0,0.0,0.0,0.0,0.0,3.275888,0.0,0.0,0.0,0.0,0.0,0.0,0.0,0.0,0.0,0.0,0.0,0.0,0.0,0.0,0.0,0.0,3.275888,0.0,0.0,0.0,0.0,0.0,0.0,0.0,0.0,0.0,3.275888,0.0,0.0,0.0,0.0,0.0,0.0,0.0,0.0,0.0,0.0,0.0,0.0,0.0,0.0,3.275888,0.0,0.0,0.0,0.0,0.3833995,GSE155698,tumor
CELL_0502,2.4033036,0.0,0.0,0.0,0.0,0.0,0.0,0.0,1.9586334,2.1177585,0.0,1.9586334,0.0,0.0,1.6511242,0.0,0.0,0.0,0.0,0.0,0.0,2.1177585,0.0,2.4431155,0.0,0.0,2.556504,0.0,0.0,0.0,0.0,1.9586334,1.9586334,0.0,0.0,0.0,0.0,0.0,1.6511242,0.0,0.0,0.0,1.6511242,0.0,0.0,0.0,0.0,1.6511242,0.0,0.0,1.6511242,0.0,0.0,0.3745488,GSE155698,tumor
CELL_0503,1.3135785,0.0,0.0,1.540796,2.003665,0.0,0.0,1.2292017,0.80496913,1.4953103,1.2292017,0.0,0.5241746,0.0,1.3837892,1.2292017,0.0,0.0,0.0,0.0,0.0,1.6504016,0.5241746,2.402632,0.0,0.0,2.1528654,0.80496913,0.0,2.340513,0.0,0.5241746,1.2292017,0.0,0.0,0.0,0.0,1.898986,0.0,0.0,0.0,1.4435451,1.2292017,0.0,0.0,0.0,0.0,1.1247299,0.0,0.0,0.80496913,0.0,0.0,0.69158596,GSE155698,tumor
CELL_0504,0.0,0.0,0.0,0.0,0.0,0.0,0.0,0.0,0.0,0.0,0.0,0.0,3.0687947,0.0,0.0,0.0,0.0,0.0,0.0,0.0,0.0,0.0,0.0,3.377096,0.0,0.0,0.0,0.0,0.0,3.4455738,0.0,0.0,0.0,0.0,0.0,0.0,0.0,3.0687947,0.0,0.0,0.0,0.0,0.0,0.0,0.0,0.0,0.0,3.0687947,0.0,0.0,0.0,0.0,0.0,0.48039553,GSE155698,tumor
CELL_0505,2.6418405,0.0,0.0,0.0,0.0,0.0,0.0,0.0,0.0,2.321961,0.0,1.8580532,1.8580532,0.0,1.8580532,0.0,0.0,0.0,0.0,0.0,0.0,0.0,0.0,1.8580532,0.0,0.0,0.0,0.0,0.0,0.0,0.0,0.0,2.1647565,0.0,0.0,0.0,0.0,0.0,2.4983647,0.0,0.0,0.0,0.0,0.0,0.0,0.0,0.0,1.8580532,0.0,0.0,1.8580532,0.0,0.0,0.38961878,GSE155698,tumor
CELL_0506,2.470653,1.6214315,0.0,0.9835623,0.0,2.0348668,0.0,0.0,0.0,2.0610847,0.0,0.9835623,0.0,0.0,0.0,0.9835623,0.0,0.9835623,0.0,0.0,0.0,0.0,0.0,1.4967339,0.0,0.0,0.0,0.0,0.9835623,0.0,0.0,1.4967339,1.9732456,1.311664,0.9835623,1.4967339,0.0,0.0,2.1626642,0.0,0.0,0.0,0.0,0.0,1.936401,1.4967339,2.4358711,2.1067257,0.9835623,0.0,0.0,1.7136487,1.4967339,0.12557784,GSE155698,tumor
CELL_0507,1.3618131,0.0,0.0,1.9497706,2.0051682,0.0,0.0,0.0,0.83646905,1.6751425,1.7398283,0.0,0.0,0.0,0.0,1.59609,0.0,0.0,0.83646905,0.0,0.0,0.83646905,0.0,2.4997287,0.0,0.0,1.9175987,0.0,0.0,2.4587905,0.0,1.1668967,1.59609,0.83646905,0.0,0.0,0.0,1.3618131,0.0,0.0,0.0,1.9497706,1.1668967,0.0,0.0,0.0,0.0,1.3618131,0.0,0.0,1.59609,0.0,0.0,0.6330373,GSE155698,tumor
CELL_0508,0.0,0.0,0.0,0.0,1.5950357,0.0,0.0,0.0,0.0,1.5950357,1.5950357,0.0,0.0,0.0,1.5950357,0.0,0.0,1.5950357,0.0,0.0,0.0,0.0,0.0,2.2705011,0.0,0.0,0.0,0.0,0.0,0.0,0.0,0.0,2.2705011,0.0,0.0,0.0,0.0,0.0,2.0823336,0.0,0.0,0.0,0.0,0.0,0.0,0.0,0.0,2.490486,2.7108285,0.0,0.0,0.0,0.0,0.39449653,GSE155698,tumor
CELL_0509,1.8312087,0.0,0.0,1.42104,0.0,0.0,0.0,0.0,1.1031032,1.6579955,0.37912065,1.1750394,0.37912065,0.0,1.42104,0.0,0.0,0.0,0.37912065,0.0,0.0,0.37912065,0.37912065,2.4015515,0.0,0.0,1.382256,0.0,0.0,0.0,0.0,0.0,1.5712773,1.2370294,0.0,0.0,0.0,1.2912581,0.6169296,0.0,0.0,0.0,2.0825799,0.0,0.0,0.0,0.0,2.4331412,0.0,0.0,2.1371038,0.0,0.0,0.5412958,GSE155698,tumor
CELL_0510,0.0,0.0,0.0,0.0,0.0,0.0,0.0,0.0,0.0,0.0,0.0,0.0,0.0,0.0,0.0,0.0,0.0,0.0,0.0,0.0,0.0,0.0,0.0,2.8169158,0.0,0.0,0.0,0.0,0.0,0.0,0.0,0.0,0.0,0.0,0.0,0.0,0.0,0.0,0.0,0.0,0.0,0.0,0.0,0.0,0.0,0.0,0.0,0.0,3.2729359,0.0,0.0,0.0,0.0,0.38335088,GSE155698,tumor
CELL_0511,1.1636384,0.0,0.0,1.7765586,1.4855695,0.0,0.0,0.0,1.1636384,1.4855695,0.0,0.0,0.0,0.0,0.0,0.0,0.0,0.0,0.0,0.0,1.7765586,2.2572844,1.1636384,2.4622808,0.0,0.0,1.6604931,0.0,0.0,1.9821733,0.0,1.7765586,0.0,1.4855695,0.0,0.0,0.0,0.0,0.0,0.0,0.0,1.1636384,0.0,0.0,0.0,0.0,0.0,0.0,0.0,0.0,0.0,0.0,0.0,0.6205496,GSE155698,tumor
CELL_0512,1.2902846,0.73523474,0.0,0.0,0.0,0.0,1.4103017,0.0,0.86243075,1.8095875,1.2412416,0.57098097,0.0,0.0,0.9651115,0.0,0.0,0.0,0.0,0.0,0.345193,0.0,1.4435174,2.536593,0.345193,0.345193,0.345193,0.0,0.0,0.0,1.637825,0.345193,0.9651115,0.0,0.0,0.0,0.0,0.345193,2.109138,0.0,0.0,1.1231484,0.345193,1.941503,0.0,0.0,0.57098097,1.9194905,0.0,0.0,0.345193,0.0,0.0,0.36678267,GSE155698,tumor
CELL_0513,1.2659376,0.0,0.0,1.2659376,0.7526395,0.0,0.0,0.0,0.0,2.0247748,0.0,0.7526395,1.5014325,0.0,0.0,0.0,0.0,0.0,0.0,0.0,0.0,0.0,0.0,1.891285,0.0,0.0,0.0,0.0,0.0,0.0,0.0,0.0,1.7026718,1.2659376,0.0,0.0,0.0,1.5014325,0.7526395,0.0,0.0,1.5815408,1.2659376,0.0,0.0,0.0,0.0,1.5815408,2.3543496,0.0,0.0,0.0,0.0,0.44795775,GSE155698,tumor
CELL_0514,0.0,2.1948826,0.0,0.0,0.0,0.0,0.0,0.0,0.0,2.7429893,0.0,0.0,0.0,0.0,0.0,0.0,0.0,0.0,0.0,0.0,0.0,0.0,0.0,2.8950894,0.0,0.0,2.5924408,0.0,0.0,0.0,0.0,0.0,2.1948826,0.0,0.0,0.0,0.0,0.0,0.0,0.0,0.0,0.0,2.1948826,0.0,0.0,0.0,0.0,0.0,0.0,0.0,2.1948826,0.0,0.0,0.3904466,GSE155698,tumor
CELL_0515,1.7908292,0.0,0.0,0.8874948,0.0,0.8874948,0.0,0.0,0.8874948,1.7270906,0.8874948,0.0,0.0,0.0,0.8874948,0.0,0.0,0.0,0.0,0.0,0.8874948,0.0,0.8874948,2.1360915,0.0,0.0,0.8874948,1.2220882,0.0,0.0,0.0,0.8874948,1.5499231,1.7270906,0.0,0.0,0.0,0.8874948,1.7270906,0.0,0.0,0.8874948,2.1173327,0.0,0.0,0.8874948,0.0,1.4168454,0.8874948,0.0,1.6490747,0.0,0.0,0.8635665,GSE155698,tumor
CELL_0516,2.3176389,0.0,0.0,0.0,1.916264,0.0,0.0,0.0,1.6065254,1.916264,0.0,0.0,0.0,0.0,2.440511,0.0,0.0,0.0,0.0,0.0,0.0,1.6065254,0.0,2.1819005,0.0,0.0,1.6065254,0.0,0.0,0.0,0.0,0.0,0.0,1.6065254,0.0,0.0,0.0,1.6065254,1.916264,0.0,0.0,0.0,2.953995,0.0,0.0,0.0,0.0,2.5957558,0.0,0.0,2.3176389,0.0,0.0,0.83382845,GSE155698,tumor
CELL_0517,1.6945888,0.6190688,0.0,1.0993853,0.0,0.0,0.0,0.0,1.2308775,1.6610419,0.0,1.2308775,0.0,0.0,1.0993853,1.2308775,0.0,0.0,0.0,0.0,0.0,0.0,0.0,2.245746,0.0,0.0,0.6190688,0.6190688,0.0,0.6190688,1.4111482,1.3311024,1.2308775,1.0993853,0.0,0.0,0.0,1.3311024,0.6190688,0.0,0.0,0.0,2.2702217,0.0,0.0,0.0,0.0,1.861562,0.0,0.0,1.9658703,0.0,0.0,0.51585895,GSE155698,tumor
CELL_0518,1.4423349,0.0,0.0,0.66150755,0.66150755,0.66150755,0.0,0.0,1.2685195,1.7421563,0.95835227,0.0,0.95835227,0.0,0.0,0.0,0.0,0.0,0.0,0.0,0.0,0.0,0.0,2.1100867,0.0,0.0,0.0,0.0,0.0,0.0,0.0,0.0,0.0,0.0,0.0,0.0,0.0,0.0,0.0,0.0,0.0,0.66150755,0.66150755,0.0,0.0,0.0,0.0,0.0,1.3653445,0.0,0.66150755,0.0,0.0,0.37692744,GSE155698,tumor
CELL_0519,2.0989964,1.0134622,0.0,0.0,0.0,0.0,2.333526,0.0,1.0134622,1.7726955,0.0,1.5222433,0.7007555,0.0,0.7007555,0.0,0.0,0.0,0.0,0.0,0.0,0.0,0.0,1.6931063,0.0,0.0,1.0134622,0.0,0.0,0.0,0.0,1.0134622,1.0134622,0.7007555,0.7007555,0.0,0.0,0.0,2.3703268,0.0,0.0,0.0,0.0,0.0,0.0,0.7007555,0.7007555,2.1582193,2.742299,0.0,0.7007555,0.0,0.0,0.36994737,GSE155698,tumor
CELL_0520,1.9970844,0.0,0.0,0.8889048,0.0,0.0,0.0,0.0,0.0,1.9054346,0.5956281,1.5171533,0.8889048,0.0,1.2086437,0.8889048,0.0,0.0,0.0,0.0,0.0,0.0,0.5956281,2.229071,0.0,0.0,0.8889048,0.0,0.0,0.0,0.0,0.5956281,1.6098948,1.566579,0.0,0.0,0.0,0.8889048,0.0,0.0,0.0,0.0,1.566579,0.0,0.0,0.0,0.5956281,2.2636938,0.0,0.0,2.028329,0.0,0.0,0.5121946,GSE155698,tumor
CELL_0521,1.9459306,1.0820354,0.0,0.0,0.7569309,0.0,2.104309,0.0,0.0,1.9712262,0.0,1.0820354,0.0,0.0,0.0,0.0,0.0,0.0,0.0,0.0,0.0,0.0,0.0,2.2134776,0.0,0.0,0.7569309,0.0,0.0,1.7253296,0.0,1.0820354,1.27894,0.0,0.7569309,1.0820354,0.0,0.0,2.0548098,0.0,0.0,0.0,0.7569309,0.0,0.0,1.0820354,1.0820354,2.3621213,2.695863,0.0,1.27894,0.0,0.0,0.38293985,GSE155698,tumor
CELL_0522,1.8003824,1.6814818,0.0,0.0,1.5766433,0.0,0.0,0.3837348,1.0249249,1.9917839,0.7926851,1.1817315,0.6230662,0.0,1.7314558,0.0,0.0,0.0,0.0,0.0,0.0,0.7926851,0.0,2.1976166,0.0,0.0,0.7926851,0.0,0.0,0.3837348,0.0,0.3837348,0.6230662,0.6230662,0.3837348,0.0,0.0,0.6230662,1.4942982,0.0,0.0,0.0,0.0,0.0,0.6230662,1.1817315,0.3837348,1.951224,2.2724094,0.0,0.0,0.0,0.3837348,0.37604675,GSE155698,tumor
CELL_0523,0.0,2.905031,0.0,0.0,0.0,0.0,0.0,0.0,0.0,3.2793047,0.0,0.0,0.0,0.0,0.0,0.0,0.0,0.0,0.0,0.0,0.0,0.0,0.0,0.0,0.0,0.0,0.0,2.905031,0.0,0.0,0.0,0.0,2.905031,0.0,2.905031,0.0,0.0,0.0,0.0,0.0,0.0,0.0,0.0,0.0,0.0,0.0,0.0,0.0,4.45209,0.0,0.0,0.0,0.0,0.50363344,GSE155698,adjacent_normal
CELL_0524,0.8091562,0.0,0.0,0.8091562,0.8091562,0.0,0.0,0.0,0.0,1.7420578,0.0,0.0,0.8091562,0.0,0.0,0.0,0.0,0.0,0.0,0.0,0.0,0.0,0.8091562,1.9718798,0.0,0.0,0.8091562,0.0,0.0,0.8091562,0.0,0.0,1.7420578,1.1305346,0.0,0.0,0.0,0.0,0.0,0.0,0.0,0.0,0.0,0.0,0.0,0.0,0.0,1.6258249,2.5358489,0.0,0.8091562,0.0,0.0,0.42104262,GSE155698,tumor
CELL_0525,2.9526052,0.0,0.0,0.0,0.0,0.0,0.0,0.0,0.0,2.9526052,0.0,0.0,0.0,0.0,0.0,0.0,0.0,0.0,0.0,0.0,0.0,0.0,0.0,3.0707223,0.0,0.0,0.0,0.0,0.0,0.0,0.0,0.0,0.0,2.720132,0.0,0.0,0.0,0.0,0.0,0.0,0.0,0.0,2.720132,0.0,0.0,0.0,0.0,0.0,0.0,0.0,0.0,0.0,0.0,0.39621645,GSE155698,tumor
CELL_0526,0.0,0.0,0.0,0.0,0.0,0.0,0.0,0.0,0.0,1.9088721,0.0,0.0,0.0,0.0,0.0,0.0,0.0,0.0,0.0,0.0,0.0,0.0,0.0,2.3489006,0.0,0.0,0.0,0.0,0.0,0.0,0.0,0.0,0.0,0.0,0.0,0.0,0.0,0.0,1.9088721,0.0,0.0,0.0,2.200075,0.0,0.0,0.0,0.0,0.0,0.0,0.0,0.0,0.0,0.0,0.37302595,GSE155698,tumor
CELL_0527,1.5582908,0.0,0.0,1.5582908,1.8769298,0.0,0.0,0.0,0.8099999,1.7006415,0.0,0.0,0.0,0.0,0.0,1.4591361,0.0,0.0,0.0,0.0,0.8099999,1.7545434,0.0,2.4814112,0.0,0.0,1.7006415,0.8099999,0.0,2.4032187,0.0,2.0992486,1.9376631,1.1345158,0.0,0.0,0.0,0.0,0.0,0.0,0.0,0.0,1.3267058,0.0,0.0,0.0,0.0,1.1345158,0.0,0.0,0.8099999,0.0,0.0,0.6603924,GSE155698,tumor
CELL_0528,2.2242858,0.0,0.0,0.0,0.0,0.0,0.0,0.98801434,0.0,2.0320015,0.0,0.0,0.0,0.0,1.6386822,0.0,0.98801434,0.0,0.0,0.0,0.0,1.5111439,1.9987084,2.5294254,0.0,0.0,1.5111439,0.0,0.0,0.0,0.0,0.98801434,0.0,0.98801434,0.0,0.0,0.0,0.98801434,1.5111439,0.0,0.0,0.98801434,0.0,0.0,0.0,0.0,0.0,2.2242858,2.602754,1.6386822,0.0,0.0,0.98801434,0.49443164,GSE155698,tumor
CELL_0529,1.0860069,0.0,0.0,0.89064616,0.89064616,0.0,0.0,0.0,0.5887675,2.1177635,0.0,0.0,0.0,0.0,0.0,1.0860069,0.0,0.0,0.0,0.0,0.0,0.0,1.9751323,1.7992293,0.0,0.0,0.89064616,0.0,0.0,0.5887675,0.0,1.2270161,2.2376845,1.4229214,0.0,0.0,0.0,0.0,1.2270161,0.0,0.0,0.5887675,1.7992293,0.0,0.0,0.0,0.0,2.2312307,2.6762629,0.0,0.0,0.0,0.0,0.47508377,GSE155698,tumor
CELL_0530,0.0,0.0,0.0,0.0,0.0,0.0,0.0,0.0,0.0,0.0,0.0,0.0,0.0,0.0,0.0,0.0,0.0,0.0,0.0,0.0,0.0,0.0,0.0,3.4508643,0.0,0.0,0.0,0.0,0.0,0.0,0.0,0.0,0.0,0.0,0.0,0.0,0.0,0.0,0.0,0.0,0.0,0.0,0.0,0.0,0.0,0.0,0.0,2.98693,0.0,0.0,0.0,0.0,0.0,0.37737802,GSE155698,tumor
CELL_0531,1.872995,0.0,0.0,0.53865343,1.3959551,0.0,0.0,1.0060619,1.24337,1.6259149,0.82144487,0.0,1.326714,0.0,1.1399485,1.0060619,0.0,0.0,0.0,0.0,1.0060619,0.0,1.24337,1.872995,0.0,0.0,0.53865343,0.0,0.0,0.0,0.0,1.3959551,1.5057623,1.0060619,0.53865343,0.0,0.0,0.82144487,0.0,0.0,0.0,0.82144487,2.3813183,0.0,0.53865343,0.0,0.0,2.092162,0.82144487,0.0,1.3959551,0.0,0.0,0.7911994,GSE155698,tumor
CELL_0532,0.0,0.0,0.0,0.0,0.0,0.0,0.0,0.0,0.0,0.0,0.0,0.0,0.0,0.0,0.0,0.0,0.0,0.0,0.0,0.0,0.0,0.0,0.0,3.1360881,0.0,0.0,0.0,0.0,0.0,0.0,0.0,0.0,0.0,0.0,0.0,0.0,0.0,0.0,0.0,0.0,0.0,0.0,0.0,0.0,0.0,0.0,0.0,0.0,0.0,0.0,0.0,0.0,0.0,0.36573693,GSE155698,tumor
CELL_0533,1.9654025,1.4562474,0.0,0.0,1.1256732,0.0,2.211703,0.11330435,0.6170181,1.8690722,1.2837791,0.0,0.75266504,0.0,1.0354705,0.11330435,0.0,0.0,0.0,0.0,0.11330435,0.0,0.44429168,2.5770721,0.0,0.0,1.0354705,1.6287013,0.0,0.0,0.0,0.0,0.11330435,0.71068764,0.11330435,0.5070699,0.0,0.5643817,2.294676,0.0,0.0,0.0,0.21156482,0.0,0.0,0.0,1.4134072,1.2985243,2.2489622,0.0,0.21156482,0.0,0.0,0.39210188,GSE155698,tumor
CELL_0534,0.0,0.0,0.0,0.0,1.7076496,0.0,0.0,0.0,0.0,2.3312373,0.0,0.0,1.7076496,0.0,0.0,0.0,0.0,0.0,0.0,0.0,0.0,0.0,1.7076496,2.5335464,0.0,0.0,2.0052505,0.0,0.0,0.0,1.7076496,0.0,0.0,0.0,0.0,0.0,0.0,0.0,0.0,0.0,0.0,0.0,2.5588593,0.0,0.0,0.0,0.0,0.0,2.1586003,0.0,0.0,0.0,0.0,0.43735716,GSE155698,tumor
CELL_0535,2.7540941,0.0,0.0,0.0,0.0,0.0,2.1511297,0.0,0.0,2.4170892,0.0,2.4170892,0.0,0.0,0.0,0.0,0.0,0.0,0.0,0.0,0.0,0.0,0.0,2.6401994,0.0,0.0,0.0,0.0,0.0,0.0,0.0,0.0,0.0,0.0,0.0,0.0,0.0,0.0,2.6401994,0.0,0.0,0.0,0.0,0.0,0.0,0.0,0.0,2.1511297,0.0,0.0,0.0,0.0,0.0,0.40379536,GSE155698,tumor
CELL_0536,0.9301758,0.0,0.0,0.0,0.0,0.3923126,0.0,0.0,0.0,1.7654723,1.1156521,0.8021217,0.0,0.0,0.0,0.0,0.0,0.0,0.0,0.0,0.0,0.0,0.0,1.4921465,0.0,0.0,0.3923126,0.0,0.3923126,0.8021217,0.0,0.3923126,0.0,0.6330261,0.6330261,0.0,0.0,0.0,0.0,0.0,0.0,0.3923126,0.0,0.0,0.0,0.3923126,0.0,0.0,2.09248,0.0,0.0,0.0,0.0,0.39019963,GSE155698,tumor
CELL_0537,1.8082683,0.0,0.0,1.7562346,0.0,0.0,0.0,1.6942784,1.6184424,1.9262159,0.87596345,0.0,1.2028861,0.0,0.0,2.2540028,0.0,0.0,0.0,0.0,0.87596345,0.0,0.87596345,2.302405,0.0,0.0,2.0541842,0.0,0.0,0.87596345,0.0,0.0,2.225247,1.5220423,0.87596345,0.0,0.0,1.3925866,0.0,0.0,0.0,0.87596345,0.87596345,0.0,0.0,0.0,0.0,1.9846787,1.8082683,0.0,1.8082683,0.0,0.0,0.46398365,GSE155698,tumor
CELL_0538,3.482945,0.0,0.0,0.0,0.0,0.0,0.0,0.0,0.0,0.0,0.0,0.0,0.0,0.0,0.0,0.0,0.0,3.287899,0.0,0.0,0.0,0.0,0.0,3.287899,0.0,0.0,0.0,0.0,0.0,0.0,0.0,0.0,0.0,0.0,0.0,0.0,0.0,0.0,0.0,0.0,0.0,0.0,0.0,0.0,3.287899,0.0,3.482945,0.0,3.287899,0.0,0.0,0.0,0.0,0.37081265,GSE155698,tumor
CELL_0539,1.9469916,1.5358278,0.0,0.0,1.0533451,0.39459655,2.059012,0.0,0.0,1.6675828,0.39459655,1.2145236,0.64045465,0.0,1.4269553,0.39459655,0.0,0.0,0.0,0.0,0.64045465,0.0,0.0,2.1552825,0.0,0.0,0.39459655,0.0,0.0,0.0,0.0,0.8147016,0.0,0.39459655,0.0,0.0,0.0,0.39459655,2.0399613,0.0,0.0,0.0,0.0,0.0,0.0,0.8147016,0.8147016,1.7281429,2.23391,0.0,0.8147016,0.0,0.0,0.37645927,GSE155698,tumor
CELL_0540,1.8483554,0.8426721,0.0,1.1654572,0.0,0.0,0.0,0.0,1.33173,1.5673406,0.20964575,1.0928113,0.49892268,0.0,1.8262622,0.0,0.0,0.0,0.20964575,0.20964575,0.37017164,0.49892268,0.20964575,2.4087214,0.0,0.0,1.4832715,0.0,0.0,0.49892268,0.6960245,0.605567,1.450485,0.957881,0.0,0.0,0.0,1.1654572,0.77417046,0.0,0.0,0.6960245,1.776616,0.0,0.0,0.0,0.0,2.396317,0.0,0.0,1.9616033,0.0,0.6960245,0.52398545,GSE155698,tumor
CELL_0541,1.1672928,0.0,0.0,0.0,1.366091,0.0,0.0,0.0,1.1672928,1.503191,0.0,0.0,0.8322989,0.0,0.8322989,0.0,0.0,0.0,0.0,0.0,0.0,0.0,0.0,1.9985417,0.0,0.0,1.503191,0.0,0.0,0.0,0.0,0.0,1.1672928,0.8322989,0.8322989,0.0,0.0,0.8322989,1.7532858,0.0,0.0,1.1672928,0.8322989,0.0,0.0,0.0,0.0,2.0503888,2.5413954,0.0,0.8322989,0.0,0.0,0.4442376,GSE155698,tumor
CELL_0542,1.6044824,0.0,0.0,1.9710078,1.7152512,0.0,0.0,0.0,1.4486722,2.2747304,0.0,0.0,1.7601035,0.0,0.0,0.0,0.0,0.0,0.0,0.0,0.0,0.0,1.001694,2.0305917,0.0,0.68273747,2.244303,0.0,0.0,1.8967615,0.0,0.0,1.001694,1.2007257,0.0,0.0,0.0,1.2007257,2.1800861,0.0,0.0,1.2007257,1.9235302,0.0,0.0,0.0,0.0,2.4668279,1.4486722,0.0,0.68273747,0.0,0.0,0.48789105,GSE155698,tumor
CELL_0543,1.7655423,1.1008624,0.0,0.0,1.7191632,0.0,0.0,1.4237415,1.4237415,1.6010315,0.0,0.0,0.780765,0.0,0.0,1.1008624,0.0,0.0,0.0,1.1008624,0.0,0.780765,1.2917544,2.1641877,0.0,0.0,1.7191632,0.0,0.0,0.0,0.0,1.4237415,1.1008624,1.4237415,0.0,0.0,0.0,1.6010315,0.0,1.4237415,0.0,0.780765,2.6970413,0.0,0.780765,0.0,0.0,1.8418502,0.0,0.0,1.9290577,0.0,0.0,0.68536174,GSE155698,tumor
CELL_0544,0.0,0.0,0.0,0.0,0.0,0.0,0.0,0.0,0.0,0.0,0.0,0.0,0.0,0.0,0.0,0.0,0.0,0.0,0.0,0.0,0.0,0.0,0.0,2.5114288,0.0,0.0,0.0,0.0,0.0,0.0,0.0,2.5114288,2.5114288,0.0,0.0,0.0,0.0,0.0,0.0,0.0,0.0,2.5114288,0.0,0.0,0.0,0.0,0.0,0.0,2.5114288,0.0,0.0,0.0,0.0,0.40226275,GSE155698,tumor
CELL_0545,1.8351977,0.0,0.0,1.7500349,1.7955126,0.0,0.0,0.53322184,0.81703067,1.3995038,0.9185264,0.0,0.31836593,0.0,1.9556942,1.8257474,0.0,0.0,0.0,0.0,0.53322184,1.9494787,0.31836593,2.4635844,0.0,0.0,1.2442038,0.81703067,0.0,2.2653184,0.31836593,1.5114472,1.4863542,0.31836593,0.0,0.0,0.0,0.69234765,0.0,0.53322184,0.0,0.53322184,1.3657584,0.0,0.0,0.0,0.0,1.7246182,0.0,0.0,1.2442038,0.0,0.0,0.70768774,GSE155698,tumor
CELL_0546,1.944761,0.9999323,0.0,0.0,1.382597,0.0,0.0,0.0,1.1173152,1.8879273,0.92864555,1.7830744,1.5024734,0.0,0.2812194,0.0,0.0,0.0,0.0,0.0,0.2812194,0.0,0.0,2.2523427,0.0,0.0,0.8457992,0.0,0.0,0.0,0.0,0.7476529,0.2812194,1.1665659,1.2513202,0.0,0.0,0.0,0.7476529,0.0,0.0,0.0,0.8457992,0.0,0.7476529,0.0,1.2109753,1.9288906,2.2324853,0.0,1.062216,0.0,0.0,0.3880997,GSE155698,tumor
CELL_0547,1.6466897,1.7740071,0.0,1.3202375,0.0,0.0,0.0,0.0,1.0080467,1.8066893,0.61495423,0.0,1.3202375,0.0,1.8168051,0.0,0.0,0.0,0.0,0.0,0.37959355,0.7811687,1.5678539,2.443079,0.0,0.0,1.5678539,0.0,0.0,0.37959355,0.37959355,0.0,0.7811687,1.0080467,0.0,0.0,0.0,0.7811687,1.0080467,0.0,0.0,0.7811687,1.3202375,0.0,0.0,0.0,0.0,1.2210555,1.0908983,0.0,1.0080467,0.0,0.0,0.36536232,GSE155698,tumor
CELL_0548,2.287431,1.2553583,0.0,0.0,2.0735395,0.0,0.0,0.0,0.0,2.1560256,0.0,0.0,1.2553583,0.0,0.0,0.9061014,0.0,0.0,0.0,0.0,0.0,0.0,0.0,2.1560256,0.0,0.0,0.0,0.0,0.0,0.0,0.0,0.0,0.0,0.9061014,0.9061014,0.0,0.0,0.0,0.0,0.0,0.0,1.2553583,1.2553583,0.0,0.0,0.0,1.2553583,1.9118648,0.9061014,0.0,0.0,0.0,0.0,0.3924248,GSE155698,tumor
CELL_0549,0.0,0.0,0.0,0.0,0.0,0.0,2.985203,0.0,2.985203,2.985203,0.0,0.0,0.0,0.0,3.2005246,0.0,0.0,0.0,0.0,0.0,0.0,0.0,0.0,3.537933,0.0,0.0,0.0,0.0,0.0,0.0,2.985203,0.0,0.0,0.0,0.0,0.0,0.0,0.0,2.985203,0.0,0.0,0.0,0.0,0.0,0.0,0.0,0.0,2.985203,0.0,0.0,0.0,0.0,0.0,0.362844,GSE155698,adjacent_normal
CELL_0550,2.1189737,0.0,0.0,1.697084,1.697084,0.0,0.0,0.0,1.3792074,1.697084,0.0,0.0,1.9756179,0.0,1.697084,1.697084,0.0,0.0,0.0,0.0,0.0,0.0,1.3792074,2.2806442,0.0,0.0,0.0,1.3792074,0.0,2.5161433,0.0,1.3792074,1.9756179,1.3792074,0.0,0.0,0.0,0.0,0.0,0.0,0.0,2.1189737,2.3086684,0.0,0.0,0.0,1.3792074,1.3792074,0.0,0.0,1.9756179,0.0,0.0,0.76406,GSE155698,tumor
CELL_0551,3.239583,0.0,0.0,0.0,0.0,0.0,0.0,0.0,0.0,0.0,0.0,0.0,0.0,0.0,0.0,0.0,0.0,0.0,0.0,0.0,0.0,0.0,0.0,3.035241,0.0,0.0,0.0,0.0,0.0,0.0,0.0,0.0,0.0,0.0,0.0,0.0,0.0,0.0,0.0,0.0,0.0,0.0,0.0,0.0,0.0,0.0,0.0,3.239583,0.0,0.0,3.035241,0.0,0.0,0.39551705,GSE155698,tumor
CELL_0552,0.0,0.0,0.0,0.0,0.0,0.0,0.0,0.0,0.0,0.0,0.0,0.0,0.0,0.0,0.0,0.0,3.2852817,0.0,0.0,0.0,0.0,0.0,0.0,0.0,0.0,0.0,0.0,0.0,0.0,3.2852817,0.0,0.0,0.0,0.0,0.0,0.0,0.0,3.2852817,0.0,0.0,0.0,0.0,0.0,0.0,0.0,0.0,0.0,0.0,0.0,0.0,0.0,0.0,0.0,0.37179407,GSE155698,tumor
CELL_0553,3.102115,0.0,0.0,0.0,0.0,0.0,0.0,0.0,0.0,2.6239142,0.0,0.0,0.0,0.0,0.0,0.0,0.0,0.0,0.0,0.0,0.0,0.0,0.0,2.6239142,0.0,0.0,0.0,0.0,0.0,0.0,0.0,0.0,0.0,2.6239142,0.0,0.0,0.0,0.0,0.0,0.0,0.0,0.0,2.6239142,0.0,0.0,2.6239142,0.0,0.0,2.6239142,0.0,0.0,0.0,0.0,0.38221458,GSE155698,tumor
CELL_0554,2.5209603,1.3982437,0.0,0.0,0.0,1.0751625,0.0,0.0,0.0,2.011707,0.0,0.757558,0.757558,0.0,0.0,0.0,0.0,1.0751625,0.0,0.0,0.757558,0.0,0.0,2.0733669,0.0,0.0,0.757558,0.0,2.0733669,0.0,0.0,1.2659029,2.1339924,0.757558,1.2659029,1.4977343,1.0751625,0.0,2.099411,0.0,0.0,0.0,0.0,0.0,1.3982437,2.011707,2.0285375,1.4977343,1.3982437,0.0,1.2659029,0.0,0.757558,0.08959072,GSE155698,adjacent_normal
CELL_0555,1.4262102,0.96163964,0.0,0.0,1.2054064,0.0,0.0,0.96163964,1.6408416,1.9535245,0.0,0.0,1.3644606,0.0,0.0,0.0,0.0,0.0,0.0,0.0,0.0,0.49832475,2.0090055,2.4616833,0.0,0.0,1.2054064,0.0,0.0,1.2054064,0.0,2.6578426,2.809337,1.2920893,0.0,0.7756932,0.0,0.7756932,0.49832475,0.0,0.0,0.7756932,2.3032491,0.0,0.0,0.0,0.0,1.7270371,2.1412446,0.49832475,0.0,0.0,0.0,0.4630544,GSE155698,tumor
CELL_0556,0.97264194,0.52444583,0.0,0.97264194,0.52444583,0.0,0.52444583,0.52444583,0.52444583,1.6448956,1.4470782,0.52444583,0.79627913,0.0,1.7106913,1.1000957,0.0,0.0,0.52444583,0.0,0.52444583,0.0,1.1000957,1.8227738,0.0,0.0,0.52444583,0.0,0.0,2.0098286,0.0,1.619326,1.4470782,0.97264194,0.0,0.0,0.0,0.79627913,1.2774117,0.0,0.0,1.3988209,0.97264194,0.0,0.0,0.0,1.1983414,1.1000957,0.52444583,0.0,1.6448956,0.0,0.0,0.36976534,GSE155698,tumor
CELL_0557,0.0,0.0,0.0,0.0,0.0,0.0,0.0,0.0,2.0290582,2.3474085,0.0,0.0,0.0,0.0,0.0,0.0,0.0,0.0,0.0,0.0,0.0,0.0,0.0,0.0,0.0,0.0,0.0,0.0,0.0,2.7506478,0.0,2.5097978,2.7506478,0.0,0.0,0.0,0.0,2.0290582,0.0,0.0,0.0,0.0,2.3474085,0.0,0.0,0.0,0.0,2.61505,2.8729742,0.0,0.0,0.0,0.0,0.426304,GSE155698,tumor
CELL_0558,1.6737653,0.0,0.0,0.0,0.0,0.0,0.0,0.0,0.0,1.9525056,0.0,0.0,0.8275669,0.0,0.0,0.0,0.0,0.0,0.0,0.0,0.0,0.0,0.0,2.2772062,0.0,0.0,1.159587,0.0,0.0,0.0,0.0,0.0,1.9198416,0.8275669,0.0,0.0,0.0,1.5936012,0.0,0.0,0.0,1.159587,0.0,0.0,0.0,0.0,0.0,1.8419584,2.3410013,0.0,0.0,0.0,0.0,0.47535035,GSE155698,tumor
CELL_0559,1.7856989,0.0,0.0,0.0,0.0,0.0,0.0,0.0,1.0496154,2.0072234,0.0,0.0,1.0496154,0.0,1.3830005,0.0,0.0,0.0,0.0,0.0,1.0496154,0.0,0.0,2.176213,0.0,0.0,0.0,0.0,0.0,1.3830005,0.0,1.5690063,1.9652289,1.0496154,0.0,0.0,0.0,0.0,1.0496154,0.0,0.0,1.5690063,1.5690063,0.0,0.0,0.0,0.0,1.916182,1.916182,0.0,1.0496154,0.0,0.0,0.44845414,GSE155698,tumor
CELL_0560,0.0,0.0,0.0,0.0,0.0,0.0,0.0,0.0,0.0,2.028251,0.0,0.0,0.0,0.0,0.0,0.0,0.0,0.0,0.0,0.0,0.0,0.0,0.0,2.028251,0.0,0.0,0.0,0.0,0.0,0.0,0.0,0.0,0.0,0.0,0.0,0.0,0.0,0.0,0.0,0.0,0.0,0.0,2.316564,0.0,0.0,0.0,0.0,2.316564,2.793609,0.0,2.028251,0.0,0.0,0.43923217,GSE155698,tumor
CELL_0561,1.7402943,0.0,0.0,0.0,2.0455248,0.0,0.0,0.0,2.2027214,2.2027214,0.0,0.0,0.0,0.0,0.0,0.0,0.0,0.0,0.0,0.0,0.0,1.7402943,0.0,2.7943118,0.0,0.0,1.7402943,0.0,0.0,1.7402943,0.0,0.0,0.0,0.0,0.0,0.0,0.0,1.7402943,0.0,0.0,0.0,0.0,2.7499175,0.0,0.0,0.0,0.0,0.0,2.0455248,0.0,0.0,0.0,0.0,0.45461053,GSE155698,tumor
CELL_0562,2.3524683,1.0352006,0.0,0.0,0.0,1.6670496,0.0,0.0,0.0,2.1191707,0.0,0.0,1.0352006,0.0,0.0,1.5447935,0.0,1.3624176,0.0,0.0,0.0,0.0,0.0,1.7572207,1.0352006,0.0,0.0,0.0,0.0,1.3624176,0.0,0.0,1.9744949,0.0,0.0,1.0352006,1.0352006,1.0352006,1.3624176,0.0,0.0,0.0,0.0,0.0,1.0352006,1.0352006,2.1191707,1.3624176,0.0,0.0,0.0,1.0352006,1.8277557,0.13216017,GSE155698,tumor
CELL_0563,2.2477312,0.0,0.0,0.0,0.0,0.7691935,1.5864809,0.0,0.4994211,1.8542966,0.4994211,0.9474225,1.3859161,0.0,1.828093,0.0,0.0,0.4994211,0.0,0.0,0.4994211,0.0,0.0,2.048067,0.0,0.0,0.7691935,0.0,0.0,0.0,0.0,0.9474225,0.0,0.4994211,0.4994211,0.9474225,0.0,0.9474225,2.0756392,0.0,0.0,0.0,0.7691935,0.0,0.0,1.178499,1.9105237,1.8665187,2.4520726,0.0,1.5545888,0.0,0.0,0.44172084,GSE155698,tumor
CELL_0564,0.0,0.0,0.0,2.4309082,0.0,0.0,0.0,0.0,0.0,0.0,0.0,0.0,0.0,0.0,2.1726294,0.0,0.0,0.0,0.0,0.0,0.0,0.0,0.0,3.0346844,0.0,0.0,0.0,2.1726294,0.0,2.6477382,0.0,0.0,0.0,0.0,0.0,0.0,0.0,0.0,0.0,0.0,0.0,0.0,0.0,0.0,0.0,0.0,0.0,2.1726294,0.0,0.0,0.0,0.0,0.0,0.36081007,GSE155698,adjacent_normal
CELL_0565,1.5674769,0.0,0.0,0.0,2.1866903,0.0,0.0,0.3769333,0.3769333,2.1407068,0.0,0.0,0.78254867,0.0,1.1711699,0.3769333,0.0,0.0,0.0,0.0,0.0,0.0,0.0,2.3655698,0.0,0.0,1.766563,0.0,0.0,0.0,0.0,0.0,0.6138963,1.2331429,0.3769333,0.0,0.0,1.0142703,0.6138963,0.0,0.0,0.0,0.0,0.0,0.0,0.3769333,0.3769333,2.2805157,2.3170424,0.0,0.0,0.0,0.0,0.40171123,GSE155698,tumor
CELL_0566,1.5137712,0.5335317,0.0,0.0,0.5335317,0.0,0.0,0.0,0.5335317,2.37017,0.0,0.0,0.0,0.0,0.0,0.0,0.0,0.0,0.0,0.0,0.5335317,1.024062,0.0,2.1144907,0.0,0.0,1.4487693,0.0,0.0,0.5335317,0.0,0.0,1.024062,1.1685696,2.1355298,0.0,0.0,0.8275553,2.281533,0.0,0.0,0.0,1.5137712,0.0,0.0,0.0,0.0,2.6440723,2.5621276,0.0,0.0,0.0,0.0,0.49866033,GSE155698,tumor
CELL_0567,0.0,0.0,0.0,0.0,2.7928228,0.0,0.0,2.4083948,0.0,3.0249004,0.0,0.0,0.0,0.0,0.0,0.0,0.0,0.0,0.0,0.0,0.0,2.4083948,0.0,2.4083948,0.0,0.0,2.4083948,0.0,0.0,0.0,0.0,0.0,0.0,0.0,0.0,0.0,0.0,0.0,2.4083948,0.0,0.0,0.0,0.0,0.0,0.0,0.0,0.0,2.9382715,3.2476554,0.0,0.0,0.0,0.0,0.47528732,GSE155698,tumor
CELL_0568,1.7615211,1.1937267,0.0,1.1937267,1.3280808,0.0,0.0,0.0,1.3280808,2.0255828,0.691319,0.0,0.0,0.0,0.0,0.0,0.0,0.0,0.0,0.0,0.0,0.0,0.0,2.3606498,0.0,0.0,1.0024023,0.0,0.0,0.0,0.0,1.5106882,1.0024023,1.1937267,0.0,0.0,0.0,0.0,0.0,0.0,0.0,1.5772418,0.691319,0.0,0.0,0.0,0.0,1.9614831,0.0,0.0,0.0,0.0,0.0,0.38094807,GSE155698,tumor
CELL_0569,0.0,3.170089,0.0,0.0,0.0,0.0,3.170089,0.0,0.0,0.0,0.0,0.0,0.0,0.0,0.0,0.0,0.0,0.0,0.0,0.0,0.0,0.0,0.0,3.170089,0.0,0.0,0.0,0.0,0.0,0.0,0.0,0.0,0.0,0.0,0.0,0.0,0.0,0.0,0.0,0.0,0.0,0.0,3.5506551,0.0,0.0,0.0,0.0,0.0,3.170089,0.0,0.0,0.0,0.0,0.37563193,GSE155698,tumor
CELL_0570,1.4329622,1.4329622,0.0,1.0484217,1.5836946,0.0,0.0,0.0,1.4329622,1.9624006,0.0,0.0,1.0484217,0.0,0.0,1.7169437,0.0,0.0,0.0,0.0,1.0484217,0.5745115,1.3651747,2.2119598,0.0,0.0,1.3651747,0.0,0.0,0.0,0.0,0.0,0.0,0.5745115,0.0,0.0,0.0,0.5745115,0.0,0.0,0.0,0.0,2.3221822,0.0,0.0,0.0,0.0,1.5836946,1.8104423,0.0,0.0,0.0,0.0,0.4553796,GSE155698,tumor
CELL_0571,3.2563386,0.0,0.0,0.0,0.0,0.0,2.677325,0.0,0.0,3.0186105,0.0,0.0,0.0,0.0,0.0,0.0,0.0,0.0,0.0,0.0,0.0,0.0,0.0,2.903478,0.0,0.0,0.0,0.0,0.0,2.677325,0.0,0.0,0.0,0.0,0.0,0.0,0.0,0.0,2.903478,0.0,0.0,0.0,0.0,0.0,0.0,0.0,2.677325,0.0,0.0,0.0,0.0,0.0,2.903478,0.39653644,GSE155698,tumor
CELL_0572,2.261693,0.0,0.0,0.0,0.0,0.0,0.0,0.0,0.0,2.1835139,0.0,0.0,0.0,0.0,0.0,0.0,0.0,0.0,0.0,0.0,0.0,0.0,0.0,2.6066391,0.0,0.0,0.0,0.0,0.0,0.0,0.0,1.9116399,1.5953082,1.5953082,0.0,0.0,0.0,0.0,0.0,0.0,0.0,0.0,0.0,0.0,0.0,0.0,0.0,0.0,0.0,0.0,0.0,0.0,0.0,0.40197206,GSE155698,tumor
CELL_0573,1.592691,0.0,0.0,1.6883796,1.592691,0.0,0.0,0.0,0.0,2.0500638,0.94087,0.0,0.0,0.0,0.94087,0.0,0.0,0.0,0.0,0.0,1.2734454,0.0,0.0,1.99246,0.0,0.0,1.6883796,0.0,0.0,0.0,0.0,1.8761257,1.2734454,0.0,0.0,0.0,0.0,0.94087,0.0,0.0,0.0,0.94087,0.94087,0.0,0.0,0.0,0.0,1.99246,2.1378624,0.0,0.0,0.0,0.0,0.3864104,GSE155698,tumor
CELL_0574,3.114851,0.0,0.0,0.0,0.0,0.0,0.0,0.0,0.0,3.114851,0.0,0.0,0.0,0.0,0.0,0.0,0.0,0.0,0.0,0.0,0.0,0.0,0.0,0.0,0.0,0.0,0.0,0.0,0.0,0.0,0.0,0.0,0.0,3.114851,0.0,0.0,0.0,0.0,0.0,0.0,0.0,0.0,0.0,0.0,0.0,0.0,0.0,0.0,0.0,0.0,0.0,0.0,0.0,0.38808042,GSE155698,tumor
CELL_0575,0.0,0.0,0.0,0.0,2.0229907,0.0,0.0,0.0,0.0,2.1827948,1.7132924,0.0,0.0,0.0,2.2868583,0.0,0.0,0.0,0.0,0.0,0.0,0.0,0.0,2.1827948,0.0,0.0,0.0,0.0,0.0,0.0,0.0,2.0229907,1.7132924,0.0,0.0,0.0,0.0,0.0,0.0,0.0,0.0,1.7132924,0.0,0.0,0.0,0.0,0.0,0.0,2.5089204,1.7132924,0.0,0.0,0.0,0.37419555,GSE155698,tumor
CELL_0576,1.2873031,0.0,0.0,1.2873031,1.5447166,0.0,0.0,1.5447166,0.0,2.3778782,0.0,0.0,0.0,0.0,0.0,0.0,0.0,0.0,0.0,0.0,0.0,0.0,1.5447166,1.7670432,0.0,0.0,2.2499354,0.0,0.0,1.4337145,0.0,0.0,0.7427901,1.07934,0.0,0.0,0.0,0.7427901,0.0,0.0,0.0,0.0,0.7427901,0.0,0.0,0.0,0.0,2.53622,2.2233894,1.07934,0.0,0.0,0.0,0.47302955,GSE155698,tumor
CELL_0577,0.726313,0.0,0.0,1.3661994,1.7152165,0.0,0.0,0.0,1.0413638,1.466891,0.726313,0.0,0.0,0.0,0.726313,1.6123472,0.0,0.0,0.0,0.0,1.0413638,1.0413638,0.0,2.3780649,0.0,0.0,1.0413638,1.7567805,0.0,2.2522306,0.0,0.726313,0.0,0.0,0.0,0.0,0.0,0.0,0.0,0.0,0.0,1.2327001,0.0,0.0,0.0,0.0,0.0,0.0,0.0,0.0,1.0413638,0.0,0.0,0.5458574,GSE155698,tumor
CELL_0578,2.306857,1.5334631,0.0,0.0,0.0,0.0,0.0,0.0,0.0,2.158278,2.043458,1.5334631,0.0,0.0,0.0,0.0,0.0,0.0,0.0,0.0,0.0,0.0,0.0,2.7701077,0.0,0.0,0.0,0.0,0.0,1.8679368,0.0,1.8679368,2.241909,0.0,0.0,0.0,0.0,0.0,0.0,0.0,0.0,0.0,1.5334631,0.0,0.0,0.0,0.0,0.0,0.0,0.0,0.0,0.0,0.0,0.39523163,GSE155698,tumor
CELL_0579,1.6242322,0.0,0.0,0.512783,0.0,0.0,0.0,0.0,0.8423584,1.8626596,1.0452571,1.1359491,0.30467045,0.0,1.2116544,0.30467045,1.6242322,0.0,0.16897997,0.16897997,0.30467045,0.41720754,0.16897997,2.1853607,0.0,0.0,0.512783,0.9735938,0.0,1.46487,0.9334662,0.66798395,1.2116544,1.1076261,0.0,0.0,0.0,0.7901432,0.512783,0.30467045,0.0,0.7901432,2.156779,0.0,0.0,0.0,0.16897997,2.1506155,0.0,0.0,1.8550348,0.0,0.0,0.50701284,GSE155698,tumor
CELL_0580,2.0390544,0.0,0.0,0.68015444,0.0,0.0,0.68015444,0.52300006,1.0605942,2.02164,0.0,1.517574,0.52300006,0.0,1.3825029,0.0,0.0,0.0,0.0,0.0,0.68015444,0.68015444,0.0,1.7880561,0.0,0.0,1.0605942,0.0,0.0,0.80356306,0.0,0.68015444,1.6164502,0.80356306,0.0,0.0,0.0,0.52300006,1.8439713,0.0,0.0,0.68015444,1.719794,0.0,0.0,0.9041773,0.80356306,1.7322364,0.0,0.0,1.227822,0.0,1.5396372,0.36850795,GSE155698,tumor
CELL_0581,0.0,0.0,0.0,0.0,0.0,0.0,0.0,0.0,0.0,0.0,3.0266728,0.0,0.0,0.0,0.0,0.0,0.0,0.0,0.0,0.0,0.0,0.0,0.0,0.0,0.0,0.0,0.0,3.3485084,0.0,0.0,0.0,0.0,3.0266728,0.0,0.0,0.0,0.0,0.0,0.0,0.0,0.0,0.0,3.0266728,0.0,0.0,0.0,0.0,0.0,3.6887207,0.0,0.0,0.0,0.0,0.5188823,GSE155698,tumor
CELL_0582,1.521006,0.0,0.0,0.0,0.0,0.0,0.0,0.0,0.0,1.9452517,0.0,0.0,1.324828,0.0,0.0,0.0,0.0,0.0,0.0,0.0,0.0,0.98123497,1.6538446,1.8295262,0.0,0.0,0.98123497,0.98123497,0.0,0.98123497,0.0,0.0,1.7523067,0.0,0.0,0.0,0.0,1.324828,0.0,0.0,0.0,0.98123497,1.324828,0.0,0.0,0.0,0.98123497,2.172379,2.5411499,0.0,1.521006,0.0,0.0,0.4516477,GSE155698,tumor
CELL_0583,1.6338537,1.3339175,0.0,0.0,0.72198755,0.34187055,1.5043235,0.0,0.0,1.7474672,0.0,1.0947748,0.0,0.0,1.7021251,0.34187055,0.0,0.0,0.0,0.0,0.0,0.34187055,0.0,2.1660712,0.0,0.0,1.3683732,0.34187055,0.0,0.34187055,0.0,1.5661279,0.34187055,0.56264085,0.0,0.34187055,0.0,0.0,2.4481003,0.34187055,0.0,0.34187055,1.8728123,0.34187055,0.0,0.0,0.8447281,2.1202567,2.1226702,0.0,0.0,0.0,1.254197,0.34293607,GSE155698,tumor
CELL_0584,0.0,0.0,0.0,2.1871438,2.1871438,0.0,0.0,0.0,0.0,0.0,2.1871438,0.0,0.0,0.0,2.4561813,0.0,2.4561813,0.0,0.0,2.7965834,2.1871438,2.1871438,0.0,0.0,2.1871438,2.5928206,0.0,2.1871438,0.0,2.8374684,0.0,2.5928206,3.156333,0.0,0.0,0.0,0.0,0.0,0.0,2.1871438,0.0,3.0047617,2.1871438,0.0,0.0,0.0,0.0,0.0,0.0,0.0,0.0,0.0,0.0,0.4580177,GSE155698,tumor
CELL_0585,1.6895471,0.0,0.0,0.0,0.0,0.0,0.0,0.0,0.0,1.6895471,0.0,0.0,0.0,0.0,0.0,0.0,0.0,0.0,0.0,0.0,0.0,0.0,0.0,2.0789635,0.0,0.0,0.0,0.0,0.0,1.3494234,0.0,0.0,2.2485816,0.0,0.0,0.0,0.0,0.0,1.6895471,0.0,0.0,1.3494234,1.6895471,0.0,0.0,0.0,0.0,1.991366,1.991366,0.0,1.3494234,0.0,0.0,0.41748276,GSE155698,tumor
CELL_0586,1.2455746,1.2455746,0.0,0.0,1.9759864,0.0,0.0,0.0,0.0,2.2814445,0.0,0.0,0.0,0.0,0.0,0.0,0.0,0.0,0.0,0.0,0.0,0.0,0.0,1.7662588,0.0,0.0,1.7662588,0.0,0.0,0.0,0.0,1.8873082,2.4022944,0.0,0.0,0.0,0.0,0.0,0.0,0.0,0.0,0.0,1.2455746,0.0,0.0,0.0,0.0,2.385961,1.8873082,0.0,0.0,0.0,0.0,0.4141671,GSE155698,tumor
CELL_0587,0.0,2.244754,0.0,0.0,0.0,0.0,0.0,0.0,1.7562765,1.7562765,0.0,0.0,0.0,0.0,0.0,0.0,0.0,0.0,0.0,0.0,0.0,0.0,0.0,2.244754,0.0,0.0,0.0,0.0,0.0,0.0,0.0,2.0784912,2.431552,0.0,0.0,0.0,0.0,0.0,0.0,0.0,0.0,1.7562765,0.0,0.0,0.0,0.0,0.0,1.7562765,2.6186333,0.0,0.0,1.7562765,0.0,0.34326532,GSE155698,tumor
CELL_0588,2.0555892,1.2881688,0.0,0.0,1.604299,0.0,0.0,0.0,0.0,1.8333749,0.0,1.4767479,0.9568289,0.0,0.0,0.0,0.0,0.0,0.0,0.0,0.0,0.0,0.0,2.2892025,0.0,0.0,1.604299,0.0,0.0,0.0,0.0,0.0,0.0,1.2881688,0.0,0.0,0.0,0.9568289,1.772937,0.0,0.0,0.0,0.0,0.0,0.0,0.0,0.0,2.6366668,2.384307,2.2790604,1.4767479,0.0,0.0,0.44080663,GSE155698,tumor
CELL_0589,1.4214272,0.0,0.0,1.6038241,1.0912105,0.0,0.0,1.0912105,0.0,2.214464,0.0,0.0,0.0,0.0,0.0,0.0,0.0,0.0,0.0,0.0,0.0,0.0,0.0,1.6038241,0.0,0.0,1.0912105,0.0,0.0,0.0,0.0,0.0,1.6038241,1.4214272,0.0,0.0,0.0,0.0,0.0,1.0912105,0.0,1.0912105,0.0,0.0,0.0,0.0,0.0,2.0307767,2.508241,0.0,0.0,0.0,0.0,0.4410397,GSE155698,tumor
CELL_0590,2.5266511,0.0,0.0,0.0,0.0,0.0,2.7650712,0.0,0.0,2.5266511,0.0,0.0,0.0,0.0,0.0,0.0,0.0,0.0,0.0,0.0,0.0,0.0,0.0,2.5266511,0.0,0.0,0.0,0.0,0.0,0.0,0.0,0.0,0.0,0.0,0.0,0.0,0.0,0.0,2.9651785,0.0,0.0,0.0,0.0,0.0,0.0,0.0,0.0,0.0,0.0,0.0,0.0,0.0,0.0,0.39919135,GSE155698,tumor
CELL_0591,1.9142907,1.6773412,0.0,0.0,1.0050552,0.0,0.0,0.0,0.0,1.6773412,1.0050552,1.3495351,0.0,0.0,1.9142907,1.3495351,0.0,0.0,0.0,0.0,0.0,0.0,0.0,2.6607664,0.0,0.0,1.0050552,0.0,0.0,0.0,0.0,1.0050552,0.0,0.0,0.0,0.0,0.0,1.0050552,1.0050552,0.0,0.0,0.0,0.0,0.0,0.0,0.0,0.0,2.4532979,2.8131785,0.0,0.0,0.0,0.0,0.37856767,GSE155698,tumor
CELL_0592,0.0,2.668075,0.0,0.0,2.1587052,0.0,0.0,1.5756416,0.0,2.0522003,0.0,0.0,1.5756416,0.0,1.5756416,0.0,0.0,0.0,0.0,0.0,0.0,0.0,0.0,2.2362773,0.0,0.0,2.8292782,0.0,0.0,1.5756416,0.0,0.0,1.8890963,0.0,0.0,0.0,0.0,1.8890963,2.2362773,0.0,0.0,0.0,1.5756416,0.0,0.0,0.0,0.0,0.0,0.0,1.5756416,0.0,0.0,0.0,0.3965929,GSE155698,tumor
CELL_0593,0.0,2.432095,0.0,0.0,0.0,0.0,2.432095,0.0,0.0,2.6761866,2.432095,0.0,0.0,0.0,0.0,0.0,0.0,0.0,0.0,0.0,0.0,0.0,0.0,2.8809378,0.0,0.0,0.0,0.0,0.0,0.0,0.0,0.0,2.9858801,0.0,0.0,0.0,0.0,0.0,2.8001704,0.0,0.0,2.6761866,0.0,0.0,0.0,0.0,0.0,2.6761866,0.0,0.0,0.0,0.0,0.0,0.3635471,GSE155698,adjacent_normal
CELL_0594,0.0,0.0,0.0,3.2906163,0.0,0.0,0.0,0.0,3.4847405,0.0,0.0,0.0,0.0,0.0,0.0,0.0,0.0,0.0,0.0,0.0,0.0,3.2906163,0.0,3.7669516,0.0,0.0,3.2906163,0.0,0.0,3.4847405,0.0,3.4847405,0.0,0.0,0.0,0.0,0.0,0.0,0.0,0.0,0.0,0.0,0.0,0.0,0.0,0.0,0.0,0.0,0.0,0.0,0.0,0.0,0.0,0.45983735,GSE155698,tumor
CELL_0595,2.1183453,0.6571146,0.0,0.6571146,1.4961944,0.0,0.0,1.1658741,0.9696243,1.6253568,1.4961944,0.0,0.6571146,0.0,1.4114008,0.9696243,0.0,0.0,0.0,0.0,0.0,0.0,1.1658741,2.3025522,0.0,0.0,1.1658741,0.6571146,0.0,0.0,0.0,1.1658741,1.4114008,1.4114008,0.9696243,0.6571146,0.0,1.4961944,0.0,0.0,0.0,0.0,2.6900456,0.0,0.0,0.0,0.0,2.323046,0.0,0.0,1.8839456,0.0,0.0,0.8307335,GSE155698,tumor
CELL_0596,0.0,0.0,0.0,0.0,0.0,0.0,0.0,0.0,0.0,0.0,0.0,0.0,0.0,0.0,0.0,0.0,0.0,0.0,0.0,0.0,0.0,0.0,0.0,3.5455937,0.0,0.0,0.0,0.0,0.0,0.0,0.0,0.0,3.3530707,0.0,0.0,0.0,0.0,0.0,3.5455937,0.0,0.0,0.0,0.0,0.0,0.0,0.0,0.0,3.644534,0.0,0.0,0.0,0.0,0.0,0.38860273,GSE155698,tumor
CELL_0597,2.0254936,1.1144172,0.0,1.3513907,0.0,0.0,0.6251778,0.0,0.6251778,1.9126676,0.6251778,0.0,1.1144172,0.0,0.6251778,0.0,0.0,0.0,0.0,0.0,0.0,0.0,1.3513907,2.4810505,0.0,0.0,0.92536837,0.0,0.0,0.0,0.0,0.0,0.6251778,0.92536837,0.0,0.0,0.0,0.0,1.9295877,0.0,0.0,1.1144172,1.4333422,0.0,0.0,0.0,1.1144172,1.6893162,0.0,0.0,1.8754656,0.0,0.0,0.35833952,GSE155698,tumor
CELL_0598,1.440625,0.0,0.0,0.0,0.8003287,0.0,0.0,0.0,0.0,2.1003065,0.0,0.0,0.8003287,0.0,0.0,0.0,0.0,0.0,0.0,0.0,0.8003287,0.0,0.0,2.2309911,0.0,0.0,0.8003287,0.0,0.0,0.0,0.0,0.0,1.1205348,0.0,0.0,0.0,0.0,1.3100591,0.0,0.0,0.0,0.0,0.8003287,0.0,0.0,0.0,0.0,0.8003287,1.7318891,0.0,0.0,0.0,0.0,0.3918555,GSE155698,tumor
CELL_0599,1.5024599,0.0,0.0,0.77200687,1.456894,0.0,0.0,0.49856165,0.9539862,1.7617489,0.0,0.0,0.49856165,0.0,1.6424918,1.405086,0.0,0.0,0.77200687,0.0,0.49856165,1.1912125,0.0,2.4222636,0.0,0.0,1.6955831,1.0874149,0.0,1.8894273,0.0,0.0,0.77200687,0.9539862,0.0,0.0,0.0,1.3453506,0.0,0.0,0.0,1.0874149,1.0874149,0.0,0.0,0.0,0.0,1.456894,0.0,0.0,0.77200687,0.0,0.0,0.764912,GSE155698,tumor
CELL_0600,1.3709195,0.0,0.0,0.0,1.0055792,0.0,0.0,0.0,0.0,2.404174,0.0,0.0,0.0,0.0,0.0,0.0,0.0,0.0,0.0,0.0,0.0,0.0,0.0,1.7254342,0.0,0.0,0.0,0.0,0.0,1.0055792,0.0,0.0,0.0,1.0055792,2.0413783,0.0,0.0,1.3709195,1.8320899,0.0,0.0,0.0,0.0,0.0,0.0,0.0,0.0,2.4478066,2.89495,0.0,0.0,0.0,0.0,0.47735843,GSE155698,tumor
CELL_0601,0.0,0.0,0.0,1.504309,0.0,0.0,0.0,0.0,0.0,1.9922035,0.0,0.0,0.0,0.0,0.0,0.0,0.0,0.0,0.0,0.0,0.0,0.0,0.0,1.8244992,0.0,0.0,0.0,0.0,0.0,1.504309,0.0,1.504309,2.3726451,0.0,0.0,0.0,0.0,0.0,0.0,0.0,0.0,0.0,0.0,0.0,0.0,0.0,0.0,1.8244992,0.0,0.0,0.0,0.0,0.0,0.42921025,GSE155698,tumor
CELL_0602,1.0704439,0.0,0.0,1.7421602,0.0,0.0,0.0,0.0,1.0704439,2.1997054,0.0,0.0,1.4172362,0.0,0.0,0.0,0.0,0.0,0.0,0.0,0.0,0.0,0.0,1.7421602,0.0,0.0,1.0704439,0.0,0.0,0.0,0.0,1.4172362,2.2469592,1.6116221,0.0,0.0,0.0,1.0704439,1.0704439,0.0,0.0,0.0,1.0704439,0.0,0.0,0.0,0.0,2.4798408,2.2243843,0.0,0.0,0.0,0.0,0.47638428,GSE155698,tumor
CELL_0603,2.5099456,1.1191807,0.0,1.1191807,0.0,1.7423584,0.0,0.0,0.0,1.9534484,0.0,1.6234641,1.4448931,0.0,0.0,0.0,0.0,1.1191807,0.0,0.0,0.0,0.0,0.0,1.7423584,1.1191807,0.0,0.0,0.0,0.0,0.0,0.0,1.1191807,1.7423584,1.1191807,0.0,1.7423584,0.0,0.0,2.3616107,0.0,0.0,0.0,0.0,0.0,1.7423584,1.1191807,2.1322052,1.4448931,0.0,0.0,0.0,1.4448931,1.829747,0.13883281,GSE155698,tumor
CELL_0604,2.915951,0.0,0.0,0.0,0.0,0.0,0.0,0.0,0.0,2.3461566,0.0,2.074947,0.0,0.0,0.0,0.0,0.0,2.074947,0.0,0.0,0.0,0.0,0.0,2.3461566,0.0,0.0,0.0,0.0,2.4841828,0.0,0.0,0.0,2.3461566,0.0,2.074947,0.0,0.0,0.0,0.0,0.0,0.0,0.0,0.0,0.0,2.57392,2.3461566,2.074947,2.57392,2.074947,0.0,2.074947,2.57392,0.0,0.13355939,GSE155698,tumor
CELL_0605,0.0,2.301284,0.0,0.0,2.0147767,0.0,0.0,1.798396,0.0,2.535015,0.0,0.0,0.0,0.0,0.0,2.0860353,0.0,0.0,0.0,0.0,0.0,0.0,0.0,1.2623885,0.0,0.0,2.2695448,0.0,0.0,0.0,0.0,0.0,0.0,1.2623885,0.0,0.0,0.0,0.0,0.0,0.0,0.0,1.2623885,0.0,0.0,0.0,0.0,0.0,2.640493,2.0147767,2.301284,0.0,0.0,0.0,0.4252838,GSE155698,tumor
CELL_0606,1.7245305,1.6149337,0.0,0.0,1.4573306,0.0,0.0,0.0,0.86683923,2.2295182,0.5723896,0.0,0.0,0.0,0.0,0.0,0.0,0.0,0.0,0.0,0.0,0.0,0.0,2.5507812,0.0,0.0,1.1952244,0.0,0.0,0.0,0.0,0.0,0.0,1.3012803,0.0,0.0,0.0,0.5723896,0.0,0.0,0.0,0.0,0.0,0.0,0.0,0.0,0.0,2.2189467,2.2844563,2.1902535,1.0575365,0.0,0.0,0.43887585,GSE155698,tumor
CELL_0607,1.9560555,1.1039591,0.0,0.0,0.4111837,0.0,2.3366466,0.0,0.4111837,1.7867182,1.8887124,1.3947765,1.414952,0.0,1.2744269,0.0,0.0,0.0,0.0,0.0,0.0,0.0,0.0,2.0123754,0.0,0.0,0.23684235,0.0,0.0,0.23684235,0.0,0.8293741,1.2453543,0.95827705,0.5473445,0.0,0.0,0.4111837,1.7667264,0.0,0.0,0.0,0.5473445,0.0,1.0602509,0.0,0.4111837,1.6973299,2.1122458,0.0,0.5473445,0.0,0.0,0.40159774,GSE155698,tumor
CELL_0608,2.8356216,0.0,0.0,0.0,0.0,0.0,2.588465,0.0,0.0,0.0,0.0,0.0,0.0,0.0,0.0,0.0,0.0,0.0,0.0,0.0,0.0,0.0,0.0,2.9608984,0.0,0.0,0.0,0.0,0.0,0.0,0.0,0.0,0.0,0.0,0.0,0.0,0.0,0.0,2.588465,0.0,0.0,0.0,0.0,0.0,0.0,0.0,2.588465,0.0,0.0,0.0,0.0,0.0,0.0,0.39912283,GSE155698,tumor
CELL_0609,2.4465868,1.7808453,0.0,0.0,0.0,0.0,2.2152414,0.0,0.0,2.0370498,1.1568756,1.1568756,0.0,0.0,1.7808453,0.0,0.0,1.1568756,0.0,0.0,0.0,0.0,0.0,1.8678406,0.0,0.0,0.0,0.0,0.0,1.1568756,0.0,0.0,1.1568756,0.0,1.4839698,1.4839698,0.0,0.0,2.3170357,0.0,0.0,0.0,0.0,0.0,0.0,1.4839698,2.0370498,2.1929944,2.7550921,0.0,2.2717075,0.0,0.0,0.46895447,GSE155698,tumor
CELL_0610,2.5234349,1.8724871,0.0,1.8724871,0.0,0.0,0.0,0.0,1.8724871,2.46955,0.0,0.0,0.0,0.0,0.0,0.0,0.0,0.0,0.0,0.0,0.0,0.0,0.0,2.6867218,0.0,0.0,0.0,0.0,0.0,0.0,0.0,0.0,0.0,0.0,0.0,0.0,0.0,1.8724871,0.0,0.0,0.0,0.0,2.4002416,0.0,0.0,0.0,0.0,0.0,0.0,0.0,0.0,0.0,0.0,0.39678252,GSE155698,tumor
CELL_0611,2.6432984,2.879713,0.0,0.0,0.0,0.0,0.0,0.0,0.0,0.0,0.0,0.0,0.0,0.0,0.0,0.0,0.0,0.0,0.0,0.0,0.0,0.0,0.0,2.999777,0.0,0.0,0.0,2.6432984,0.0,0.0,0.0,0.0,0.0,0.0,0.0,0.0,0.0,0.0,0.0,0.0,0.0,0.0,0.0,0.0,0.0,0.0,0.0,0.0,0.0,0.0,0.0,0.0,0.0,0.37276873,GSE155698,tumor
CELL_0612,1.9358596,0.0,0.0,1.1252472,0.0,0.0,0.0,0.0,0.0,1.8645532,0.0,1.1252472,1.4628724,0.0,1.1252472,0.0,0.0,0.0,0.0,0.0,0.0,0.0,0.0,2.2294815,0.0,0.0,0.0,0.0,0.0,0.0,0.0,0.0,1.4628724,0.0,0.0,0.0,0.0,0.0,0.0,0.0,0.0,0.0,0.0,0.0,0.0,0.0,0.0,1.1252472,2.4470475,0.0,0.0,0.0,0.0,0.37922144,GSE155698,tumor
CELL_0613,0.0,0.0,0.0,0.0,0.0,0.0,0.0,0.0,2.1804795,2.1804795,0.0,0.0,0.0,0.0,0.0,0.0,0.0,0.0,0.0,0.0,0.0,0.0,0.0,0.0,0.0,0.0,2.1804795,0.0,0.0,0.0,0.0,0.0,0.0,0.0,0.0,0.0,0.0,0.0,0.0,0.0,0.0,0.0,1.7152137,0.0,0.0,0.0,0.0,2.7860963,2.3585823,0.0,1.7152137,0.0,0.0,0.47123963,GSE155698,tumor
CELL_0614,1.65354,0.0,0.0,0.0,0.0,0.0,0.0,0.0,0.0,1.8203973,0.52619284,0.0,0.52619284,0.0,0.0,0.52619284,0.0,0.0,0.0,0.0,0.0,0.0,0.0,2.064687,0.0,0.0,0.8032509,0.8032509,0.0,0.0,0.0,0.98428816,1.4247584,0.8032509,0.0,0.0,0.0,0.0,1.1156415,0.0,0.0,0.0,1.2989578,0.0,0.0,0.0,0.0,0.98428816,2.230648,0.0,0.98428816,0.0,0.0,0.41401866,GSE155698,tumor
CELL_0615,3.0392306,0.0,0.0,0.0,0.0,0.0,0.0,0.0,0.0,2.6007936,0.0,0.0,0.0,0.0,0.0,0.0,0.0,0.0,0.0,0.0,0.0,0.0,0.0,2.6007936,0.0,0.0,0.0,0.0,0.0,0.0,0.0,0.0,0.0,0.0,0.0,0.0,0.0,0.0,0.0,0.0,0.0,0.0,0.0,0.0,0.0,0.0,0.0,0.0,0.0,0.0,0.0,0.0,0.0,0.39627042,GSE155698,tumor
CELL_0616,2.745335,2.3614347,0.0,0.0,0.0,0.0,0.0,2.3614347,2.3614347,2.745335,0.0,2.6161103,0.0,0.0,0.0,0.0,0.0,0.0,0.0,0.0,0.0,2.3614347,0.0,2.745335,0.0,0.0,0.0,0.0,0.0,0.0,0.0,0.0,0.0,0.0,0.0,0.0,0.0,0.0,0.0,0.0,0.0,0.0,2.3614347,0.0,0.0,0.0,0.0,2.3614347,2.9772806,0.0,2.3614347,0.0,0.0,0.39437503,GSE155698,tumor
CELL_0617,0.0,0.0,0.0,0.0,3.2763257,0.0,0.0,0.0,0.0,0.0,0.0,0.0,0.0,0.0,0.0,0.0,0.0,0.0,0.0,0.0,0.0,3.2763257,0.0,3.2763257,0.0,0.0,0.0,0.0,0.0,3.2763257,0.0,0.0,0.0,0.0,0.0,0.0,0.0,0.0,0.0,0.0,0.0,0.0,0.0,0.0,0.0,0.0,0.0,3.2763257,0.0,0.0,0.0,0.0,0.0,0.4460634,GSE155698,tumor
CELL_0618,2.0153875,1.5997782,0.0,0.0,0.0,0.0,1.517697,0.0,0.0,2.0153875,1.517697,1.8154335,1.517697,0.0,1.0796604,0.0,0.0,0.0,0.0,0.0,0.0,0.0,0.0,2.05422,0.0,0.0,0.0,0.0,0.0,0.0,0.0,1.2767537,1.6671702,0.0,0.75457954,0.0,0.0,0.0,1.7239605,0.0,0.0,0.0,0.75457954,0.0,1.6671702,0.75457954,0.0,1.517697,0.0,0.0,1.4141425,0.0,1.0796604,0.378405,GSE155698,tumor
CELL_0619,1.9371852,2.1772778,0.0,0.0,1.3357044,0.0,0.0,0.0,1.6554501,1.3357044,0.0,1.3357044,0.0,0.0,1.8253862,0.0,0.0,0.0,0.0,0.0,0.0,0.0,0.0,1.9371852,0.0,0.0,0.0,0.0,0.0,0.0,0.0,1.3357044,1.6554501,0.0,0.0,0.0,0.0,0.0,0.0,0.0,0.0,0.0,0.0,0.0,1.6554501,0.0,0.0,0.0,0.0,0.0,1.3357044,0.0,0.0,0.39837775,GSE155698,tumor
CELL_0620,0.0,0.0,0.0,0.0,0.86649626,0.0,0.0,0.0,1.1922464,1.3816391,0.0,0.0,0.0,0.0,0.0,0.0,0.0,0.0,0.0,0.0,0.0,0.0,0.0,2.0434492,0.0,0.0,0.86649626,0.0,0.0,0.0,0.0,0.86649626,0.86649626,1.1922464,0.0,0.0,0.0,0.0,1.9461122,0.0,0.0,0.0,0.86649626,0.0,0.0,0.0,0.0,1.9461122,2.4877975,0.0,0.0,0.0,0.0,0.42203653,GSE155698,tumor
CELL_0621,1.6449454,0.0,0.0,1.5398587,1.8206658,0.0,0.0,0.0,1.2611302,1.42529,0.3644652,0.0,0.3644652,0.0,1.7384232,1.5635996,0.0,0.0,0.0,0.0,0.88866806,0.7617099,0.0,2.49349,0.0,0.0,1.6263708,1.1457964,0.0,1.8590825,0.0,0.0,1.3088566,0.7617099,0.0,0.0,0.0,1.3515897,0.0,0.0,0.0,1.6263708,0.3644652,0.0,0.0,0.0,0.0,1.5144119,0.0,0.0,1.3088566,0.0,0.0,0.5657836,GSE155698,tumor
CELL_0622,2.227181,0.0,0.0,0.0,2.373331,0.0,0.0,0.0,1.9408903,2.227181,0.0,0.0,0.0,0.0,0.0,0.0,0.0,0.0,0.0,0.0,0.0,0.0,1.9408903,2.5374436,0.0,0.0,1.9408903,0.0,0.0,0.0,0.0,0.0,0.0,0.0,0.0,0.0,0.0,0.0,0.0,0.0,0.0,0.0,0.0,0.0,0.0,0.0,0.0,2.227181,2.6347904,0.0,0.0,0.0,0.0,0.4685567,GSE155698,tumor
CELL_0623,0.0,0.0,0.0,0.0,0.0,0.0,0.0,0.0,0.0,0.0,0.0,0.0,0.0,0.0,0.0,0.0,0.0,0.0,0.0,0.0,0.0,0.0,0.0,3.4884841,0.0,0.0,3.191052,3.191052,0.0,0.0,0.0,0.0,0.0,0.0,0.0,0.0,0.0,0.0,0.0,0.0,0.0,0.0,0.0,0.0,0.0,0.0,0.0,0.0,0.0,0.0,0.0,0.0,0.0,0.37216184,GSE155698,tumor
CELL_0624,1.5913402,0.0,0.0,1.8809882,1.9652889,0.0,0.0,0.0,0.93001086,1.8809882,0.0,0.0,0.0,0.0,0.0,1.2662724,0.0,0.0,0.0,0.0,1.459799,1.7658075,0.0,2.6523142,0.0,0.0,0.93001086,0.0,0.0,2.5281155,0.0,1.5913402,2.0309477,0.0,0.0,0.0,0.0,0.0,0.0,0.0,0.0,0.93001086,1.5913402,0.0,0.0,0.0,0.0,1.2662724,0.0,0.0,1.6890584,0.0,0.0,0.6331545,GSE155698,tumor
CELL_0625,1.9470648,1.6557137,0.0,1.6107256,0.65928715,0.19837284,0.0,0.19837284,1.0706842,1.5386585,0.35046387,0.35046387,1.404412,0.0,0.19837284,0.19837284,0.0,0.0,0.0,0.0,0.0,0.0,0.79820025,2.242325,0.0,0.0,1.6887317,0.0,0.0,1.282176,0.0,0.0,0.35046387,0.9072812,0.0,0.0,0.0,0.95383775,0.79820025,0.0,0.0,0.0,0.7333202,0.0,0.0,0.19837284,0.0,1.4956683,1.3022484,0.0,0.0,0.0,1.03498,0.3690328,GSE155698,tumor
CELL_0626,1.7163414,0.0,0.0,0.0,0.6831986,0.0,0.0,0.0,0.9932732,1.673881,0.0,0.0,0.9932732,0.0,0.0,0.0,0.0,0.0,0.0,0.0,0.4277693,0.0,0.0,2.434786,0.0,0.0,0.6831986,0.0,0.0,0.6831986,0.0,0.0,0.6831986,1.1845564,0.4277693,0.0,0.0,0.6831986,2.0590158,0.0,0.0,0.4277693,0.4277693,0.0,0.0,0.4277693,0.0,2.2107718,2.0119448,0.0,1.0984272,0.0,0.0,0.44978544,GSE155698,tumor
CELL_0627,2.6141589,2.216484,0.0,0.0,2.216484,0.0,2.216484,2.216484,0.0,2.6141589,0.0,0.0,0.0,0.0,0.0,0.0,0.0,0.0,0.0,0.0,0.0,0.0,0.0,2.7012417,0.0,0.0,0.0,0.0,0.0,0.0,0.0,0.0,0.0,0.0,0.0,0.0,0.0,0.0,0.0,0.0,0.0,0.0,0.0,0.0,0.0,0.0,2.216484,0.0,0.0,0.0,0.0,0.0,0.0,0.40185675,GSE155698,tumor
CELL_0628,0.0,0.0,0.0,0.0,0.0,0.0,0.0,1.5737923,0.0,2.5138156,0.0,0.0,0.0,0.0,0.0,0.0,0.0,0.0,0.0,0.0,0.0,0.0,0.0,2.4094026,0.0,0.0,0.0,0.0,0.0,0.0,0.0,0.0,2.2485127,1.5737923,0.0,0.0,0.0,0.0,0.0,0.0,0.0,0.0,0.0,0.0,0.0,0.0,0.0,2.339109,2.849324,0.0,0.0,0.0,0.0,0.48978788,GSE155698,tumor
CELL_0629,1.2322736,0.0,0.0,0.7179501,1.3716158,0.0,0.0,1.0700078,1.0176371,1.8878579,1.1167947,0.0,0.27095234,0.0,1.4724879,1.6133077,0.0,0.0,0.60402167,0.0,0.0,0.4605982,0.0,1.9421579,0.0,0.0,0.8905404,1.2644626,0.0,1.8132712,0.0,0.4605982,1.0700078,0.7179501,0.0,0.0,0.0,1.4355154,0.0,0.4605982,0.0,1.3942001,0.81159645,0.0,0.0,0.0,0.0,1.3475486,0.27095234,0.0,1.0176371,0.0,0.0,0.77701706,GSE155698,tumor
CELL_0630,2.7624164,0.0,0.0,0.0,0.0,0.0,0.0,0.0,0.0,2.8456826,0.0,0.0,0.0,0.0,0.0,0.0,0.0,0.0,0.0,0.0,0.0,0.0,0.0,0.0,0.0,0.0,0.0,0.0,0.0,0.0,0.0,0.0,0.0,2.3823042,0.0,0.0,0.0,0.0,2.7624164,0.0,0.0,0.0,0.0,0.0,0.0,0.0,0.0,0.0,0.0,0.0,0.0,0.0,0.0,0.40250528,GSE155698,tumor
CELL_0631,1.9996921,0.0,0.0,0.0,1.374886,0.0,0.0,0.0,1.7425755,1.505583,0.8568776,0.0,0.8568776,0.0,1.374886,0.0,0.0,0.0,0.0,0.0,1.1839229,0.0,1.374886,2.0830662,0.0,0.0,1.374886,0.8568776,0.0,0.0,0.0,0.8568776,0.0,1.1839229,0.0,0.0,0.0,0.8568776,0.0,0.0,0.0,0.0,2.296233,0.0,0.0,0.0,0.8568776,2.1165552,0.0,0.0,1.9741365,0.0,0.0,0.82761097,GSE155698,tumor
CELL_0632,2.0855093,0.0,0.0,2.3641188,0.0,0.0,0.0,0.0,0.0,2.0855093,0.0,2.0855093,0.0,0.0,0.0,0.0,0.0,0.0,0.0,0.0,0.0,0.0,0.0,2.7592645,0.0,0.0,2.0855093,0.0,0.0,2.0855093,0.0,0.0,2.0855093,0.0,0.0,0.0,0.0,0.0,0.0,0.0,0.0,0.0,2.0855093,0.0,0.0,0.0,0.0,0.0,0.0,0.0,2.0855093,0.0,2.0855093,0.37716576,GSE155698,tumor
CELL_0633,1.8219777,1.0627631,0.0,0.0,1.7495087,0.0,0.0,1.0627631,1.1676111,1.8933941,0.47775576,0.74708974,1.4841578,0.0,0.0,0.47775576,0.0,0.0,0.0,0.0,0.0,0.0,0.0,2.4141943,0.0,0.0,0.47775576,0.0,0.0,1.3848323,0.0,0.74708974,0.47775576,1.4376506,0.47775576,0.0,0.0,0.0,0.0,0.0,0.0,0.47775576,0.74708974,0.0,0.0,0.0,0.47775576,1.8526438,1.0627631,0.0,1.3848323,0.0,0.0,0.39316642,GSE155698,tumor
CELL_0634,0.0,0.0,0.0,1.5420215,0.0,0.0,0.0,0.0,0.0,1.7412803,0.0,0.0,0.0,0.0,0.0,0.0,0.0,0.0,0.0,0.0,0.0,0.0,0.0,1.9721191,0.0,0.0,1.5420215,0.0,0.0,0.0,0.0,0.0,1.1819739,1.1819739,0.0,0.0,0.0,0.0,0.0,0.0,0.0,0.0,1.1819739,0.0,0.0,0.0,0.0,0.0,2.7442048,0.0,0.0,0.0,0.0,0.37643895,GSE155698,tumor
CELL_0635,1.4617919,0.0,0.0,0.0,0.0,0.0,0.0,0.0,0.79347795,2.1491303,0.0,0.0,0.79347795,0.0,0.0,0.0,0.0,0.0,0.0,0.0,0.0,0.0,0.79347795,2.346779,0.0,0.0,0.79347795,1.7147596,0.0,0.79347795,0.0,0.0,0.0,0.79347795,0.0,0.0,0.0,0.0,1.8200101,0.0,0.0,0.79347795,1.8624678,0.0,0.0,0.0,0.0,2.3598564,1.7147596,0.0,0.0,0.0,0.0,0.4576146,GSE155698,tumor
CELL_0636,2.0608745,0.60865945,0.0,0.0,1.5923833,0.0,0.2095524,0.96707785,1.0630981,1.712072,1.2127079,0.0,0.37086272,0.2095524,1.7211806,1.9028975,0.0,0.0,0.0,0.0,0.2095524,1.4353215,1.5792644,2.668375,0.0,0.70041186,1.4353215,1.0173295,0.0,0.0,0.0,0.0,0.37086272,0.96707785,0.0,0.2095524,0.0,0.70041186,1.10504,0.0,0.0,0.37086272,1.325798,0.0,0.0,0.0,0.77983314,2.4151475,2.0394263,0.8495674,0.77983314,0.0,0.0,0.39556816,GSE155698,tumor
CELL_0637,1.8320915,0.2651828,0.0,1.204262,0.0,0.0,0.0,0.0,0.80821115,1.7920072,1.1646934,0.45373523,0.9582787,0.0,1.3046044,0.2651828,0.0,0.0,0.0,0.0,0.71300226,0.71300226,1.0729648,2.4733539,0.0,0.0,0.8887938,0.0,0.0,0.0,0.0,0.0,0.2651828,0.71300226,0.0,0.0,0.0,0.71300226,1.3599129,0.0,0.0,0.0,0.80821115,0.0,0.0,0.0,0.2651828,2.148644,0.0,0.0,1.7538126,0.0,0.0,0.36738342,GSE155698,tumor
CELL_0638,2.1586835,0.0,0.0,0.3804351,0.0,0.1525666,1.8962487,0.27662405,0.0,1.7413316,0.0,1.3495325,1.130766,0.0,0.5463544,0.0,0.0,0.86517644,0.0,0.0,0.27662405,0.0,0.0,1.9956777,0.0,0.0,0.8238255,0.4691904,0.0,0.0,0.0,0.27662405,0.61434865,0.90332866,0.3804351,0.0,0.0,0.72940296,1.7675052,0.0,0.0,0.0,0.27662405,0.0,0.0,0.5463544,1.7639099,1.925555,2.4966383,0.0,1.6992866,0.61434865,0.0,0.42118979,GSE155698,tumor
CELL_0639,0.0,0.0,0.0,1.3118942,0.0,0.0,0.0,0.0,0.0,1.9293281,0.0,0.0,1.8140787,0.0,0.0,0.0,0.0,0.0,0.0,0.0,0.0,0.0,1.3118942,2.1769576,0.0,0.0,0.0,0.0,0.0,0.0,0.0,0.0,2.1769576,0.0,0.0,0.0,0.0,0.0,2.0135956,0.0,0.0,0.0,1.8140787,0.0,0.0,0.0,0.0,1.6391872,2.0791888,0.0,1.3118942,0.0,0.0,0.41765594,GSE155698,tumor
CELL_0640,2.528816,0.0,0.0,0.0,1.9838709,0.0,0.0,0.0,0.0,0.0,1.6775848,0.0,1.6775848,0.0,1.6775848,0.0,0.0,0.0,0.0,0.0,0.0,0.0,1.6775848,2.1421127,0.0,0.0,0.0,0.0,0.0,0.0,0.0,1.9838709,1.6775848,0.0,0.0,0.0,0.0,1.6775848,0.0,0.0,0.0,0.0,2.7663262,0.0,1.6775848,0.0,0.0,2.1421127,0.0,0.0,2.1421127,0.0,0.0,0.8604518,GSE155698,tumor
CELL_0641,1.4320979,0.8929381,0.0,0.18641396,0.0,0.0,1.1884956,0.18641396,0.8929381,1.6625758,1.6460955,0.0,0.0,0.0,1.0977802,0.18641396,0.0,0.0,0.0,0.0,0.18641396,0.7144128,2.0439491,2.4916036,0.0,0.0,0.6393624,0.18641396,0.7144128,0.0,0.8929381,0.8397421,0.5532086,0.0,0.0,0.0,0.0,1.130054,1.8806059,0.0,0.0,1.9882874,0.18641396,0.0,0.0,0.0,0.5532086,2.1417224,0.5532086,0.0,0.9411963,0.0,0.18641396,0.36570776,GSE155698,tumor
CELL_0642,2.4962585,1.9383163,0.0,0.0,0.0,1.4463581,0.0,0.0,0.0,2.0031202,0.0,1.6193836,0.80963755,0.0,0.80963755,0.0,0.0,1.734357,0.0,0.0,0.0,0.0,0.0,1.3170202,0.0,0.0,0.0,0.0,2.234884,0.0,0.0,1.6818361,1.4463581,0.80963755,0.80963755,0.0,0.80963755,0.0,0.80963755,0.0,0.0,0.0,0.0,0.0,1.734357,1.9383163,2.4331312,0.0,0.0,0.0,0.0,0.80963755,0.80963755,0.118855365,GSE155698,adjacent_normal
CELL_0643,0.0,2.611694,0.0,0.0,0.0,0.0,0.0,0.0,0.0,2.611694,0.0,0.0,0.0,0.0,0.0,0.0,0.0,0.0,0.0,0.0,0.0,0.0,0.0,2.8715382,0.0,0.0,0.0,0.0,0.0,3.0029151,0.0,2.8715382,2.611694,0.0,0.0,0.0,0.0,2.611694,0.0,0.0,0.0,0.0,0.0,0.0,0.0,0.0,0.0,0.0,0.0,0.0,0.0,0.0,0.0,0.38609555,GSE155698,tumor
CELL_0644,0.0,0.0,0.0,0.0,0.0,0.0,0.0,0.0,0.0,0.0,0.0,0.0,0.0,0.0,0.0,0.0,0.0,0.0,0.0,0.0,0.0,0.0,0.0,3.3505301,0.0,0.0,2.8598816,0.0,0.0,0.0,0.0,0.0,0.0,0.0,0.0,0.0,0.0,0.0,0.0,0.0,0.0,0.0,0.0,0.0,0.0,0.0,0.0,2.8598816,2.8598816,0.0,0.0,0.0,0.0,0.3921715,GSE155698,tumor
CELL_0645,2.5207589,0.9939015,0.0,0.0,0.0,0.0,0.0,0.0,0.0,2.0819023,0.0,1.3253152,0.9939015,0.0,1.9134517,0.0,0.0,0.9939015,0.0,0.0,0.0,0.0,0.0,0.9939015,0.0,0.0,0.0,0.0,2.055458,0.0,0.0,0.0,1.8636409,0.0,0.0,0.9939015,1.6381713,0.0,1.5122411,0.0,0.0,0.0,0.0,0.0,2.0819023,1.8042201,2.2158241,1.6381713,0.9939015,0.0,0.0,2.1669135,1.8636409,0.11600405,GSE155698,adjacent_normal
CELL_0646,3.309276,0.0,0.0,0.0,0.0,0.0,3.309276,0.0,0.0,0.0,0.0,3.1016,0.0,0.0,3.1016,0.0,0.0,0.0,0.0,0.0,0.0,0.0,0.0,3.1016,0.0,0.0,0.0,0.0,0.0,0.0,0.0,0.0,0.0,0.0,0.0,0.0,0.0,0.0,3.309276,0.0,0.0,0.0,0.0,0.0,0.0,0.0,0.0,3.1016,0.0,0.0,0.0,0.0,0.0,0.39426112,GSE155698,tumor
CELL_0647,0.0,2.3130922,2.8195856,2.3130922,0.0,0.0,0.0,2.023555,0.0,2.023555,2.023555,0.0,0.0,0.0,0.0,2.460565,0.0,0.0,0.0,0.0,0.0,0.0,0.0,2.9343295,0.0,0.0,0.0,0.0,0.0,2.023555,0.0,0.0,0.0,0.0,0.0,0.0,0.0,0.0,0.0,0.0,0.0,0.0,2.023555,0.0,0.0,0.0,0.0,2.8195856,2.3130922,0.0,0.0,0.0,0.0,0.39231783,GSE155698,tumor
CELL_0648,2.9654267,0.0,0.0,0.0,0.0,0.0,2.9654267,0.0,0.0,2.9654267,0.0,0.0,0.0,0.0,0.0,0.0,0.0,0.0,0.0,0.0,0.0,0.0,0.0,2.9654267,0.0,0.0,0.0,0.0,0.0,0.0,0.0,0.0,0.0,0.0,0.0,0.0,0.0,0.0,0.0,0.0,0.0,0.0,0.0,0.0,0.0,0.0,2.9654267,0.0,0.0,0.0,2.9654267,0.0,0.0,0.39257964,GSE155698,tumor
CELL_0649,1.6117289,0.481653,0.0,0.67408806,1.6117289,0.0,0.481653,0.35653633,0.87758845,1.6117289,1.0237038,0.7506493,0.585647,0.0,1.6751033,2.0849752,0.0,0.0,0.0,0.0,0.35653633,0.2012921,0.585647,2.3431487,0.0,0.97958827,1.1358509,1.1679015,0.0,0.585647,0.0,0.481653,1.9922538,0.481653,0.0,0.0,0.0,1.7211357,0.0,0.0,0.0,0.585647,2.0005028,0.0,0.0,0.0,0.2012921,1.8708248,2.4354784,0.0,1.5339164,0.0,0.97958827,0.39949894,GSE155698,tumor
CELL_0650,1.9420457,0.19369787,0.0,0.65290946,1.7341942,0.0,0.0,0.46539605,1.4446316,1.9889516,0.0,0.0,0.46539605,0.0,1.0348824,0.46539605,0.0,0.0,0.0,0.0,0.79345626,0.5666401,0.90440804,2.2610185,0.0,0.0,1.7157307,0.34390217,0.0,1.1662612,0.0,0.0,0.0,1.1662612,0.0,0.0,0.0,0.8519225,2.032537,0.0,0.0,0.5666401,2.372164,0.0,0.0,0.0,0.0,2.000583,2.1546793,1.0714648,0.46539605,0.0,0.0,0.45853436,GSE155698,tumor
CELL_0651,1.0779824,0.0,0.0,0.0,1.9279476,0.0,0.0,0.0,1.8191826,2.0132036,0.0,0.0,0.0,0.0,0.0,2.0826497,0.0,0.0,0.0,0.0,1.0779824,1.8191826,2.3370032,2.2721767,0.0,0.0,2.612574,0.0,0.0,1.0779824,0.0,1.4559588,0.0,0.0,0.0,0.0,0.0,1.0779824,0.0,0.0,0.0,1.9279476,0.0,0.0,0.0,0.0,0.0,1.8191826,2.0826497,1.6724428,0.0,0.0,0.0,0.42565843,GSE155698,tumor
CELL_0652,1.6037569,0.0,0.0,0.964508,0.0,0.65678954,0.0,0.964508,0.0,1.9403894,1.3958557,0.0,0.0,0.0,0.0,0.0,0.0,0.0,0.0,0.0,0.0,0.0,0.0,1.8785566,0.0,0.0,0.964508,0.0,0.0,0.0,0.0,0.0,0.65678954,1.2924742,0.0,0.0,0.0,0.0,1.3958557,0.0,0.0,0.65678954,0.65678954,0.0,0.0,0.0,0.0,1.6532865,2.0710206,0.0,0.0,0.0,0.0,0.41875353,GSE155698,tumor
CELL_0653,2.6981905,0.0,0.0,0.0,0.0,0.0,0.0,0.0,0.0,2.484741,0.0,0.0,0.0,0.0,0.0,0.0,0.0,0.0,0.0,0.0,0.0,0.0,0.0,2.6140308,0.0,0.0,2.2304084,0.0,0.0,0.0,0.0,0.0,2.2304084,0.0,0.0,0.0,0.0,0.0,0.0,0.0,0.0,0.0,0.0,0.0,0.0,0.0,0.0,2.2304084,0.0,0.0,2.6140308,0.0,0.0,0.39602223,GSE155698,tumor
CELL_0654,1.9027199,0.0,0.0,0.62471884,1.77421,0.0,0.0,0.0,1.6004586,1.9194918,0.0,0.0,1.2446413,0.0,0.9234371,1.551494,0.0,0.0,0.0,0.0,0.62471884,0.0,0.0,2.3826516,0.0,0.0,1.4947218,0.62471884,0.0,0.0,0.0,0.0,0.0,0.62471884,0.0,0.0,0.0,0.62471884,1.6433369,0.0,0.0,0.0,0.9234371,0.0,0.0,0.0,0.0,1.9906907,2.0565553,0.0,0.0,0.0,0.0,0.4641644,GSE155698,tumor
CELL_0655,3.2699943,0.0,0.0,0.0,0.0,0.0,0.0,0.0,0.0,3.1632004,0.0,0.0,0.0,0.0,0.0,0.0,0.0,0.0,0.0,0.0,0.0,0.0,0.0,0.0,0.0,0.0,0.0,0.0,0.0,0.0,0.0,0.0,2.9542859,0.0,0.0,0.0,0.0,0.0,3.2699943,0.0,0.0,0.0,0.0,0.0,0.0,0.0,0.0,0.0,0.0,0.0,0.0,0.0,0.0,0.39591172,GSE155698,tumor
CELL_0656,1.5012008,0.0,0.0,0.786765,1.1677713,0.0,0.0,0.786765,1.1677713,1.7820318,0.91356105,0.0,0.0,0.0,1.7318215,1.2808762,0.0,0.0,0.61974084,0.0,1.1677713,1.8948829,0.61974084,2.4667568,0.0,0.0,1.4724097,0.786765,0.0,1.7933536,0.0,1.0145115,1.2808762,0.61974084,0.0,0.0,0.0,1.1677713,0.0,0.0,0.0,1.0976222,1.2808762,0.0,0.0,0.0,0.0,1.7820318,0.0,0.0,1.2281327,0.0,0.0,0.75930446,GSE155698,tumor
CELL_0657,0.0,0.0,0.0,2.9479373,0.0,0.0,0.0,0.0,0.0,2.9479373,0.0,0.0,0.0,0.0,0.0,0.0,0.0,0.0,2.9479373,0.0,0.0,0.0,0.0,3.3449013,0.0,0.0,0.0,0.0,0.0,2.9479373,0.0,0.0,0.0,0.0,0.0,0.0,0.0,0.0,0.0,0.0,0.0,0.0,0.0,0.0,0.0,0.0,0.0,0.0,0.0,0.0,2.9479373,0.0,0.0,0.50554127,GSE155698,tumor
CELL_0658,1.8712713,0.0,0.0,0.0,0.0,0.0,0.0,0.0,0.0,1.7950939,0.0,0.0,1.0259585,0.0,0.0,0.0,0.0,0.0,0.0,0.0,0.0,0.0,1.0259585,1.697817,0.0,0.0,1.5662575,0.0,0.0,0.0,0.0,1.0259585,1.7950939,0.0,0.0,0.0,0.0,1.0259585,0.0,0.0,0.0,0.0,0.0,0.0,0.0,0.0,0.0,2.102784,2.3001583,0.0,1.0259585,0.0,0.0,0.43067706,GSE155698,tumor
CELL_0659,0.0,0.0,3.3506184,0.0,0.0,0.0,0.0,0.0,0.0,3.3506184,0.0,0.0,0.0,0.0,0.0,0.0,0.0,0.0,0.0,0.0,0.0,0.0,0.0,0.0,0.0,0.0,0.0,0.0,0.0,3.1462827,0.0,0.0,0.0,0.0,0.0,0.0,0.0,0.0,0.0,0.0,0.0,0.0,0.0,0.0,0.0,0.0,0.0,0.0,0.0,0.0,0.0,0.0,0.0,0.3759617,GSE155698,tumor
CELL_0660,1.4889843,0.0,0.0,1.5348971,1.6455934,0.0,0.0,0.79541045,0.9804686,1.6123943,0.0,0.0,1.1157548,0.0,0.5158894,0.5158894,0.0,0.0,0.9804686,0.0,1.2207954,1.6123943,0.0,2.384514,0.0,0.0,1.4889843,0.5158894,0.0,2.31876,0.79541045,2.1309574,1.4889843,0.5158894,0.0,0.0,0.0,0.79541045,0.0,0.0,0.0,1.1157548,1.4889843,0.0,0.0,0.0,0.0,1.6123943,0.0,0.0,1.6758673,0.0,0.0,0.67639774,GSE155698,tumor
CELL_0661,1.8005896,1.8785459,0.0,0.0,1.3163244,0.0,0.0,0.0,0.79467857,2.0356977,0.0,0.0,0.0,0.0,1.1213112,0.0,0.0,0.0,0.0,0.0,0.0,0.0,0.0,2.4172175,0.0,0.0,1.6980202,0.0,0.0,0.79467857,0.0,0.0,0.0,0.79467857,0.0,0.0,0.0,0.0,0.0,0.0,0.0,0.0,0.0,1.1213112,0.0,0.0,0.0,2.2074332,2.2863362,2.3817484,0.0,0.0,0.0,0.4334101,GSE155698,tumor
CELL_0662,1.8445703,1.0129246,0.0,1.3526971,1.3526971,0.0,0.0,0.0,0.0,2.4093943,0.0,1.0129246,1.3526971,0.0,0.0,0.0,0.0,0.0,0.0,0.0,0.0,0.0,0.0,2.176703,0.0,0.0,0.0,0.0,0.0,0.0,0.0,1.5446384,0.0,1.3526971,0.0,0.0,0.0,0.0,0.0,0.0,0.0,0.0,1.6740029,0.0,0.0,0.0,0.0,2.505855,2.3741727,0.0,0.0,0.0,0.0,0.40398213,GSE155698,tumor
CELL_0663,1.5355982,0.0,0.0,0.55497056,1.6257586,0.28165448,0.0,1.0438753,1.18659,1.6601131,0.15553305,0.0,0.386981,0.0,0.4768943,1.1658515,0.0,0.0,0.6237012,0.0,0.78967196,0.6237012,0.0,2.1429324,0.0,0.0,1.6257586,0.55497056,0.0,1.6601131,0.0,0.0,0.0,0.83509284,0.0,0.0,0.0,1.1440434,0.28165448,0.0,0.0,0.386981,0.55497056,0.0,0.0,0.0,0.28165448,1.9763124,0.15553305,0.0,0.98394245,0.0,0.0,0.78466326,GSE155698,tumor
CELL_0664,3.1043966,2.6110291,0.0,2.6110291,0.0,0.0,0.0,0.0,0.0,0.0,0.0,0.0,2.6110291,0.0,0.0,0.0,0.0,0.0,0.0,0.0,0.0,0.0,0.0,3.047048,0.0,0.0,0.0,0.0,0.0,0.0,0.0,2.6110291,0.0,0.0,0.0,0.0,0.0,0.0,0.0,0.0,0.0,0.0,0.0,0.0,0.0,0.0,0.0,2.6110291,0.0,0.0,0.0,0.0,0.0,0.4590481,GSE155698,tumor
CELL_0665,0.0,0.0,0.0,0.0,0.0,0.0,0.0,0.0,0.0,2.6749234,0.0,0.0,0.0,0.0,0.0,0.0,0.0,0.0,0.0,0.0,0.0,0.0,0.0,2.900733,0.0,0.0,0.0,0.0,0.0,0.0,0.0,0.0,0.0,0.0,0.0,0.0,0.0,2.900733,2.900733,0.0,0.0,0.0,2.6749234,0.0,0.0,2.6749234,0.0,2.6749234,0.0,0.0,0.0,0.0,0.0,0.37072763,GSE155698,tumor
CELL_0666,0.0,0.0,0.0,0.0,0.0,0.0,0.0,0.89021236,0.0,1.9544666,0.0,0.0,0.0,0.0,0.0,0.0,0.0,0.0,0.0,0.0,0.0,0.0,0.0,2.2858326,0.0,0.0,0.0,0.0,0.0,0.0,0.0,0.89021236,1.7196835,0.89021236,0.0,0.0,0.0,1.2217401,0.0,0.0,0.0,0.0,0.89021236,0.0,0.0,0.0,0.0,2.103772,2.3621686,0.0,0.0,0.0,0.0,0.43632406,GSE155698,tumor
CELL_0667,2.9561043,0.0,0.0,2.333,0.0,0.0,0.0,0.0,0.0,2.8871288,0.0,0.0,0.0,0.0,0.0,0.0,0.0,0.0,0.0,0.0,0.0,0.0,0.0,2.333,0.0,0.0,0.0,0.0,0.0,0.0,0.0,0.0,2.5770516,0.0,0.0,0.0,0.0,0.0,0.0,0.0,0.0,0.0,0.0,0.0,0.0,0.0,0.0,0.0,0.0,0.0,0.0,0.0,0.0,0.39091995,GSE155698,tumor
CELL_0668,2.2226946,0.0,0.0,0.0,0.0,0.0,0.0,0.0,1.401368,1.5821437,1.074455,0.0,1.074455,0.0,0.0,1.074455,1.074455,0.0,0.0,0.0,1.074455,0.0,0.0,2.1690698,0.0,0.0,1.074455,0.0,0.0,1.074455,0.0,0.0,1.401368,1.401368,0.0,0.0,0.0,0.0,2.3137333,0.0,0.0,1.074455,2.252652,0.0,0.0,0.0,1.074455,2.1883166,0.0,0.0,1.7918607,0.0,0.0,0.74886525,GSE155698,tumor
CELL_0669,2.0320554,0.0,0.0,1.2384489,1.4736459,0.0,0.0,0.0,1.6197122,1.2384489,0.0,0.0,0.0,0.0,1.2384489,0.0,0.0,0.0,0.0,0.0,0.0,0.72983295,1.3725244,2.1007345,0.0,0.0,1.2384489,0.0,0.0,0.0,0.0,1.2384489,1.6752439,1.0462782,0.0,0.0,0.0,1.2384489,0.0,0.0,0.0,0.72983295,2.370544,0.0,0.0,0.0,0.0,1.9986471,1.2384489,0.0,2.0320554,0.0,0.0,0.81454706,GSE155698,tumor
CELL_0670,1.1932973,0.0,0.0,0.0,2.0157907,0.0,0.0,1.1932973,0.0,0.58690244,0.0,0.0,0.0,0.0,1.4990008,1.4422492,0.0,0.0,0.87680936,0.0,0.58690244,1.4990008,1.9522259,2.4013994,0.0,1.3752837,2.2844858,0.0,0.0,1.9859732,0.0,1.0613368,1.4422492,1.1932973,0.0,0.0,0.0,1.6290721,0.0,1.4422492,0.0,0.87680936,0.58690244,0.0,0.0,0.0,0.58690244,1.7938511,0.0,0.0,1.2943391,0.0,0.0,0.5231965,GSE155698,tumor
CELL_0671,1.9952122,0.0,0.0,0.0,0.0,0.0,0.0,0.0,0.0,2.3637154,0.0,0.0,0.0,0.0,0.0,0.0,0.0,0.0,0.0,0.0,0.9329768,0.0,0.0,2.0376117,0.0,0.0,0.9329768,0.0,0.0,0.0,0.0,1.286587,2.3760884,0.9329768,0.9329768,0.0,0.0,0.9329768,0.9329768,0.0,0.0,1.4929892,1.286587,0.0,0.0,0.0,0.0,1.8221878,2.0376117,0.0,0.0,0.0,0.0,0.46606752,GSE155698,tumor
CELL_0672,2.360415,0.0,0.0,0.0,2.6144006,0.0,0.0,0.0,2.360415,0.0,0.0,0.0,0.0,0.0,2.743291,2.360415,0.0,0.0,0.0,0.0,0.0,2.888291,0.0,3.2259448,0.0,0.0,0.0,0.0,0.0,2.743291,0.0,0.0,0.0,0.0,0.0,0.0,0.0,0.0,0.0,0.0,0.0,2.6144006,0.0,0.0,0.0,0.0,0.0,2.6144006,0.0,0.0,0.0,0.0,0.0,0.40264475,GSE155698,tumor
CELL_0673,1.8856626,0.97750545,0.0,0.5139671,1.4853412,0.0,0.0,1.8928826,1.6647418,1.8466245,0.0,1.0497106,0.5139671,0.0,0.3051181,0.0,0.0,0.0,0.0,0.0,0.0,0.79280233,0.16913222,2.4734046,0.0,0.0,1.8548555,0.0,0.0,0.8932194,0.0,0.16913222,0.0,1.0149236,0.0,0.0,0.0,0.97750545,1.590791,0.0,0.0,0.5970133,2.503433,0.0,0.0,0.3051181,0.0,1.9887179,0.16913222,0.0,1.0497106,0.5139671,0.0,0.3853226,GSE155698,tumor
CELL_0674,2.010303,1.8006955,0.0,0.0,1.1413008,0.0,2.1288428,0.45265925,0.0,1.6719474,1.3016541,1.4669354,1.548433,0.0,1.4669354,0.0,0.0,0.0,0.0,0.0,0.0,0.0,0.0,2.389156,0.0,0.0,0.0,0.0,0.0,0.0,0.0,0.0,0.7173154,1.1413008,0.7173154,0.0,0.0,0.45265925,1.3016541,0.0,0.0,0.0,1.0345308,0.0,0.0,0.7173154,1.0345308,2.1231792,2.4297318,0.0,1.2284998,0.0,0.0,0.38800475,GSE155698,tumor
CELL_0675,2.251109,0.0,0.0,0.0,0.0,0.0,0.0,0.0,0.0,2.251109,0.0,0.0,0.0,0.0,0.0,0.0,0.0,0.0,0.0,0.0,0.0,0.0,0.0,0.0,0.0,0.0,0.0,0.0,0.0,0.0,0.0,0.0,0.0,0.0,0.0,0.0,0.0,0.0,0.0,0.0,0.0,0.0,0.0,0.0,0.0,0.0,0.0,0.0,2.5158048,0.0,0.0,0.0,0.0,0.37788224,GSE155698,tumor
CELL_0676,3.2501879,0.0,0.0,0.0,0.0,0.0,0.0,0.0,0.0,0.0,0.0,0.0,0.0,0.0,0.0,0.0,0.0,0.0,0.0,0.0,0.0,0.0,0.0,3.3552122,0.0,0.0,0.0,0.0,0.0,0.0,0.0,0.0,0.0,0.0,0.0,0.0,0.0,0.0,3.0449445,0.0,0.0,0.0,0.0,0.0,0.0,0.0,3.0449445,0.0,0.0,0.0,0.0,0.0,0.0,0.4021733,GSE155698,tumor
CELL_0677,1.4165295,0.0,0.0,0.44217592,1.7510117,0.0,0.0,0.8732778,1.1056662,1.8461308,0.6983872,0.0,0.6983872,0.0,1.8788717,2.078104,0.0,0.0,0.6983872,0.0,0.6983872,1.9874594,1.1056662,2.4882693,0.0,0.0,1.8461308,0.8732778,0.0,2.2960484,0.0,0.0,1.1890323,0.6983872,0.0,0.0,0.0,1.5860088,0.0,0.44217592,0.0,1.9660871,0.44217592,0.0,0.0,0.0,0.0,1.781476,0.0,0.0,0.0,0.0,0.0,0.6873181,GSE155698,tumor
CELL_0678,2.8035316,0.0,0.0,3.0289516,2.8035316,0.0,0.0,0.0,2.8035316,2.8035316,0.0,0.0,0.0,0.0,0.0,0.0,0.0,0.0,0.0,0.0,0.0,0.0,0.0,3.1436508,0.0,0.0,0.0,2.8035316,0.0,3.1436508,0.0,0.0,2.8035316,0.0,0.0,0.0,0.0,0.0,0.0,0.0,0.0,0.0,0.0,0.0,0.0,0.0,0.0,2.8035316,0.0,0.0,0.0,0.0,0.0,0.45842686,GSE155698,tumor
CELL_0679,1.6138436,0.0,0.0,0.0,0.0,0.0,0.0,1.445611,0.0,1.67449,0.8206797,0.0,1.3195508,0.0,0.8206797,0.0,0.0,0.0,0.0,0.0,0.8206797,0.0,0.0,2.2732255,0.0,0.0,0.0,0.0,0.0,0.8206797,0.0,0.0,0.0,0.0,0.0,0.0,0.0,0.0,0.0,0.0,0.0,0.0,0.0,0.0,0.0,0.0,1.1355132,1.8986361,2.3288772,0.0,0.0,0.0,0.0,0.43873054,GSE155698,tumor
CELL_0680,1.9747455,0.0,0.0,0.0,1.4660577,0.0,0.0,0.0,2.0898795,0.0,0.0,0.0,0.0,0.0,0.0,0.0,0.0,0.0,0.0,0.0,0.0,0.0,0.0,2.2919428,0.0,0.0,2.4358397,1.4660577,0.0,2.2390556,0.0,0.0,2.0898795,1.4660577,0.0,0.0,0.0,0.0,0.0,0.0,0.0,0.0,2.6035101,0.0,0.0,0.0,0.0,0.0,1.4660577,0.0,0.0,0.0,0.0,0.44088846,GSE155698,tumor
CELL_0681,1.5249794,0.0,0.0,1.1899456,1.1899456,0.0,0.0,0.0,1.5249794,2.0432293,0.0,0.0,1.7075176,0.0,0.0,0.0,0.0,0.0,0.0,0.0,0.0,0.0,0.0,2.0903485,0.0,0.0,1.1899456,0.0,0.0,0.0,0.0,0.0,0.0,0.0,0.0,0.0,0.0,1.1899456,0.0,0.0,0.0,0.0,1.1899456,0.0,0.0,0.0,0.0,2.165755,2.413901,0.0,0.0,0.0,0.0,0.49457717,GSE155698,tumor
CELL_0682,0.0,0.0,0.0,1.6366814,1.1165328,0.0,0.0,0.0,1.1165328,1.6366814,1.7600312,0.0,1.1165328,0.0,0.0,0.0,0.0,0.0,0.0,0.0,0.0,0.0,0.0,1.8507618,0.0,0.0,1.1165328,0.0,0.0,1.8507618,0.0,0.0,1.1165328,0.0,0.0,0.0,0.0,1.1165328,0.0,0.0,0.0,0.0,0.0,0.0,0.0,0.0,0.0,0.0,2.027442,0.0,0.0,0.0,0.0,0.3809462,GSE155698,tumor
CELL_0683,1.0441239,1.405978,0.0,0.0,1.6122811,0.0,0.0,2.1047165,0.0,2.3569002,0.0,0.0,0.0,0.0,0.0,0.0,0.0,0.0,0.0,0.0,1.0441239,0.0,1.7518378,2.3569002,0.0,0.0,2.6915934,0.0,0.0,2.552945,0.0,2.7681613,1.8551873,1.0441239,0.0,0.0,0.0,1.7518378,1.405978,0.0,0.0,2.5444078,1.9361719,0.0,0.0,0.0,0.0,2.407282,2.002137,1.0441239,0.0,0.0,0.0,0.49594885,GSE155698,tumor
CELL_0684,2.0449789,0.0,0.0,0.0,3.187748,0.0,0.0,0.0,0.0,0.0,0.0,0.0,0.0,0.0,0.0,2.5742767,0.0,0.0,0.0,0.0,0.0,0.0,2.0449789,2.0449789,0.0,0.0,2.9363053,0.0,0.0,2.973823,0.0,0.0,2.3949902,0.0,0.0,0.0,0.0,0.0,0.0,0.0,0.0,0.0,2.3949902,0.0,0.0,0.0,0.0,2.0449789,2.0449789,0.0,0.0,0.0,0.0,0.40294918,GSE155698,tumor
CELL_0685,1.5927641,0.0,0.0,0.6026898,0.9009166,0.9009166,0.0,0.6026898,0.9009166,1.3311793,1.2269957,0.0,1.2269957,0.0,0.0,0.6026898,0.6026898,0.0,0.0,0.0,0.0,0.0,0.0,2.1415777,0.0,0.0,0.6026898,0.0,0.0,0.0,0.0,0.0,1.3311793,1.0909805,1.5927641,0.0,0.0,1.0909805,1.8868858,0.0,0.0,0.6026898,1.3311793,0.0,0.0,0.0,0.6026898,1.5927641,2.1693654,0.0,1.0909805,0.0,0.0,0.46306342,GSE155698,tumor
CELL_0686,1.9551482,0.0,0.0,0.0,0.0,0.0,0.0,0.0,0.0,1.3431821,0.0,0.0,0.0,0.0,0.0,0.0,0.0,0.0,0.0,0.0,0.0,1.3431821,0.0,2.1995099,0.0,0.0,0.0,0.0,0.0,0.0,0.0,1.3431821,0.0,0.0,0.0,0.0,0.0,0.0,0.0,0.0,0.0,1.3431821,2.2370906,0.0,0.0,0.0,0.0,0.0,2.3689132,0.0,0.0,0.0,0.0,0.42037076,GSE155698,tumor
CELL_0687,0.91941357,0.0,0.0,1.2545305,1.2545305,0.0,0.0,2.1371434,0.91941357,2.1371434,0.0,0.91941357,1.2545305,0.0,0.0,0.91941357,0.0,0.0,0.0,0.0,0.0,0.0,1.2545305,2.0192695,0.0,0.0,1.7538341,0.0,0.0,0.0,0.0,0.91941357,1.9142153,1.2545305,0.0,0.0,0.0,1.2545305,0.0,0.0,0.0,0.0,0.0,0.0,0.0,0.0,0.0,2.3673217,1.9882479,0.0,0.0,0.0,0.0,0.49319825,GSE155698,tumor
CELL_0688,2.8126142,0.0,0.0,0.0,0.0,0.0,0.0,0.0,0.0,0.0,0.0,0.0,0.0,0.0,2.8126142,0.0,0.0,0.0,0.0,0.0,0.0,0.0,0.0,2.8126142,0.0,0.0,0.0,0.0,0.0,0.0,0.0,0.0,0.0,0.0,0.0,0.0,0.0,0.0,0.0,0.0,0.0,0.0,0.0,0.0,0.0,0.0,0.0,0.0,0.0,0.0,0.0,0.0,0.0,0.39871255,GSE155698,tumor
CELL_0689,1.6697668,1.4233283,0.0,1.7723604,1.6042352,0.0,0.0,0.49553904,0.0,2.0625086,1.5243256,0.0,0.0,0.0,0.0,0.49553904,0.0,0.0,0.0,0.0,0.0,0.49553904,0.0,1.8672001,0.0,0.0,0.49553904,0.0,0.0,1.7249461,0.0,0.9581754,0.0,0.49553904,0.0,0.0,0.0,0.0,0.0,0.0,0.0,1.2889413,2.0454664,0.0,0.0,0.0,0.0,2.5237508,2.4674652,0.49553904,0.49553904,0.0,0.0,0.41500473,GSE155698,tumor
CELL_0690,0.0,0.0,0.0,0.0,0.0,0.0,0.0,0.0,0.0,0.0,0.0,0.0,0.0,0.0,2.7127106,2.7127106,0.0,0.0,0.0,0.0,0.0,0.0,2.7127106,2.7127106,0.0,0.0,0.0,0.0,0.0,0.0,0.0,0.0,2.7127106,0.0,0.0,0.0,0.0,0.0,0.0,0.0,0.0,0.0,0.0,0.0,0.0,0.0,0.0,2.7127106,0.0,0.0,0.0,0.0,0.0,0.36423796,GSE155698,adjacent_normal
CELL_0691,1.6890017,0.0,0.0,0.848638,0.848638,0.0,0.0,0.0,0.848638,2.3825839,0.0,0.0,0.848638,0.0,0.0,0.0,0.0,0.0,0.0,0.0,0.0,0.0,1.1805582,2.2321563,0.0,0.0,1.1805582,0.0,0.0,0.0,0.0,0.0,0.0,1.5098618,0.0,0.0,0.0,1.1805582,0.0,0.0,0.0,0.0,0.0,0.0,0.0,0.0,0.0,2.370734,2.2821827,0.0,0.848638,0.0,0.0,0.48440826,GSE155698,tumor
CELL_0692,0.0,0.0,0.0,0.0,3.173683,0.0,0.0,0.0,0.0,3.173683,0.0,0.0,0.0,0.0,0.0,0.0,0.0,0.0,0.0,0.0,0.0,0.0,0.0,3.4842393,0.0,0.0,0.0,0.0,0.0,0.0,0.0,0.0,0.0,0.0,0.0,0.0,0.0,3.173683,0.0,0.0,0.0,0.0,0.0,0.0,0.0,0.0,0.0,3.4842393,3.379149,0.0,0.0,0.0,0.0,0.40689284,GSE155698,adjacent_normal
CELL_0693,1.8403776,0.0,0.0,0.604929,1.0013299,0.0,0.0,1.2184304,0.0,1.9393852,1.1569353,0.0,0.77177423,0.0,0.77177423,0.0,0.0,0.0,0.0,0.0,0.0,0.0,0.3709168,2.2370858,0.0,0.0,1.0013299,0.0,0.0,0.3709168,0.0,0.0,0.77177423,0.89930874,0.604929,0.3709168,0.0,1.2184304,1.0856122,0.0,0.0,0.3709168,1.0013299,0.0,0.0,0.0,0.0,1.7741603,1.9177471,0.0,0.3709168,0.0,0.0,0.46926948,GSE155698,tumor
CELL_0694,2.1895885,0.0,0.0,0.0,0.0,1.1952443,0.0,0.0,0.0,1.1952443,1.1952443,0.0,1.5360368,0.0,0.0,0.0,0.0,0.0,0.0,0.0,1.1952443,0.0,1.1952443,2.064635,0.0,0.0,1.1952443,2.064635,0.0,0.0,0.0,0.0,2.064635,0.0,0.0,0.0,0.0,0.0,0.0,0.0,0.0,0.0,2.3189864,0.0,0.0,0.0,1.1952443,2.1895885,1.1952443,0.0,1.9364583,0.0,0.0,0.8754701,GSE155698,tumor
CELL_0695,2.7285957,0.0,0.0,0.0,0.0,0.0,0.0,0.0,0.0,0.0,0.0,0.0,0.0,0.0,0.0,0.0,0.0,0.0,0.0,0.0,0.0,0.0,0.0,2.7285957,0.0,0.0,3.0693016,0.0,0.0,0.0,0.0,2.7285957,2.7285957,0.0,0.0,0.0,0.0,2.7285957,0.0,0.0,0.0,0.0,0.0,0.0,0.0,0.0,0.0,2.7285957,0.0,0.0,0.0,0.0,0.0,0.41739807,GSE155698,tumor
CELL_0696,2.1711872,2.1711872,0.0,0.0,0.0,0.0,0.0,0.0,0.0,1.5517416,0.0,1.8837088,1.8837088,0.0,1.8837088,0.0,0.0,0.0,0.0,0.0,0.0,0.0,0.0,2.6770823,0.0,0.0,0.0,0.0,0.0,0.0,0.0,1.5517416,0.0,0.0,0.0,0.0,0.0,0.0,0.0,0.0,0.0,0.0,0.0,0.0,0.0,0.0,0.0,1.5517416,0.0,0.0,0.0,0.0,0.0,0.39238885,GSE155698,tumor
CELL_0697,1.8384738,0.58598536,0.0,0.87933284,0.0,0.0,0.0,0.0,1.3880557,1.8765246,0.0,0.0,0.0,0.0,0.0,0.0,0.0,0.0,0.0,0.0,0.0,0.0,0.0,2.3644948,0.0,0.0,1.6483252,0.0,0.0,0.58598536,0.58598536,1.2018273,1.7704403,0.0,0.0,0.0,0.0,0.87933284,0.58598536,0.0,0.0,0.87933284,2.1647794,0.0,0.0,0.0,0.0,2.459161,0.0,0.0,1.8384738,0.0,0.0,0.53064734,GSE155698,tumor
CELL_0698,1.7092524,1.3617207,0.0,0.0,0.57674134,0.8643646,2.0467184,0.0,0.0,1.7810328,0.0,0.57674134,0.8643646,0.0,0.8643646,0.0,0.0,0.0,0.0,0.0,0.0,0.0,0.0,1.5346261,0.0,0.0,0.0,0.0,0.0,0.0,0.0,0.0,0.8643646,0.0,0.0,0.57674134,0.0,0.0,1.1798127,0.0,0.0,0.0,0.0,0.0,0.0,0.57674134,1.1798127,0.8643646,2.076424,0.0,0.0,0.0,0.57674134,0.39855343,GSE155698,tumor
CELL_0699,1.5730321,1.5730321,0.0,0.0,0.0,0.0,0.0,0.0,1.5730321,2.0794244,0.0,0.0,0.0,0.0,0.0,1.241623,0.0,0.0,0.0,0.0,0.0,1.5730321,1.5730321,2.3021977,0.0,0.0,1.241623,0.0,0.0,0.0,0.0,0.0,0.0,0.0,0.0,0.0,0.0,0.0,0.0,1.241623,0.0,0.0,0.0,0.0,0.0,0.0,0.0,1.8703289,2.1987324,0.0,0.0,0.0,0.0,0.44473904,GSE155698,tumor
CELL_0700,1.8342297,0.43849418,0.0,0.1797218,0.43849418,0.0,0.0,0.0,1.2136847,1.6781828,0.0,1.3886749,0.43849418,0.0,1.5907339,0.0,0.0,0.0,0.0,0.0,0.32187843,0.32187843,0.8180014,2.2629323,0.0,0.0,1.9325627,0.0,0.0,0.8180014,1.3199357,0.961501,1.3886749,1.2136847,0.0,0.0,0.0,1.5815327,1.0014836,0.0,0.0,1.8806437,1.7236773,0.0,0.0,0.0,0.0,2.4348538,0.8180014,0.1797218,1.9265852,0.0,0.75984555,0.5256919,GSE155698,tumor
CELL_0701,3.1295557,0.0,0.0,0.0,0.0,0.0,2.6351268,0.0,0.0,2.872787,0.0,2.6351268,2.6351268,0.0,0.0,0.0,0.0,0.0,0.0,0.0,0.0,0.0,0.0,0.0,0.0,0.0,0.0,0.0,0.0,0.0,0.0,0.0,2.6351268,0.0,0.0,0.0,0.0,0.0,2.6351268,0.0,0.0,0.0,0.0,0.0,0.0,0.0,0.0,2.6351268,0.0,0.0,0.0,0.0,0.0,0.397343,GSE155698,tumor
CELL_0702,2.040315,0.0,0.0,0.0,0.93050724,0.0,1.5818292,0.0,0.0,1.6776924,0.93050724,0.93050724,0.0,0.0,0.93050724,0.0,0.0,0.0,0.0,0.0,0.0,0.0,0.0,2.5301743,0.0,0.0,0.93050724,0.0,0.0,0.0,0.0,0.93050724,0.93050724,0.0,0.0,0.0,0.0,0.0,1.2623883,0.0,0.0,0.0,0.0,0.0,0.0,0.0,0.93050724,1.5818292,2.3467786,0.0,0.93050724,0.0,0.0,0.3928428,GSE155698,tumor
CELL_0703,1.4273472,0.0,0.0,0.0,0.0,0.0,0.0,0.0,0.0,1.9350138,0.0,0.0,0.0,0.0,0.0,0.0,0.0,0.0,0.0,0.0,0.0,0.0,0.0,0.0,0.0,0.0,0.0,0.0,0.0,0.0,0.0,1.7593586,2.2527988,0.0,0.0,0.0,0.0,0.0,0.0,0.0,0.0,0.0,1.0743998,0.0,0.0,0.0,0.0,2.1343982,2.7870128,0.0,0.0,0.0,0.0,0.44155535,GSE155698,tumor
CELL_0704,1.7034801,0.0,0.0,0.0,1.0597354,1.5790442,0.0,0.0,0.0,1.5790442,0.0,0.0,1.0597354,0.0,0.0,0.0,0.0,0.0,0.0,0.0,0.0,0.0,0.0,2.3442147,0.0,0.0,0.0,0.0,0.0,1.7034801,0.0,1.3932993,2.0525038,0.0,0.0,0.0,0.0,0.0,1.0597354,0.0,0.0,0.0,0.0,0.0,0.0,0.0,0.0,1.0597354,2.555471,0.0,0.0,0.0,0.0,0.39720985,GSE155698,tumor
CELL_0705,2.134047,0.0,0.0,0.0,0.9163049,0.0,0.0,0.0,1.4443799,1.2511411,1.2511411,0.0,0.9163049,0.0,0.9163049,0.0,0.0,0.0,0.0,0.0,1.2511411,0.0,0.0,2.134047,0.0,0.0,0.9163049,1.4443799,0.0,0.9163049,0.0,1.4443799,1.8132101,1.4443799,0.0,0.0,0.0,0.0,0.0,0.0,0.0,1.5758961,2.4160624,0.0,0.0,0.0,1.4443799,2.0440807,0.0,0.0,2.0440807,0.0,0.0,0.78984576,GSE155698,tumor
CELL_0706,2.0569465,0.0,0.0,0.0,0.0,0.0,0.0,0.0,0.0,2.8900096,2.401345,0.0,0.0,0.0,0.0,0.0,0.0,0.0,0.0,0.0,2.0569465,2.0569465,2.0569465,2.401345,0.0,0.0,2.0569465,0.0,0.0,2.5774934,0.0,0.0,2.0569465,0.0,0.0,0.0,0.0,2.0569465,0.0,0.0,0.0,2.401345,2.401345,0.0,0.0,0.0,0.0,2.970099,0.0,0.0,0.0,0.0,0.0,0.45049247,GSE155698,tumor
CELL_0707,1.8554907,0.0,0.0,1.3464407,1.3464407,0.0,0.0,0.0,0.0,2.0359323,0.0,0.0,0.0,0.0,0.0,1.6431772,0.0,0.0,0.0,0.0,1.3464407,0.0,0.0,2.2476776,0.0,0.0,1.6431772,0.0,0.0,1.5241559,0.0,0.0,0.0,1.026643,0.0,1.026643,0.0,0.0,0.0,0.0,0.0,1.3464407,1.7309403,0.0,0.0,0.0,0.0,1.5241559,1.9023377,0.0,0.0,0.0,0.0,0.4724691,GSE155698,tumor
CELL_0708,1.6994542,1.2250658,0.0,0.31203073,0.0,0.0,0.31203073,0.0,1.1384621,1.7428817,0.0,1.1384621,0.6697336,0.0,0.0,0.0,0.0,0.0,0.0,0.31203073,0.5185993,0.0,0.31203073,2.1895995,0.0,0.0,1.5996692,0.0,0.0,0.0,1.262142,0.31203073,0.7871604,0.6697336,0.0,0.0,0.0,1.1384621,0.31203073,0.0,0.0,0.31203073,0.8821652,0.0,0.0,0.0,0.0,1.794071,0.0,0.0,1.1384621,0.0,0.0,0.534427,GSE155698,tumor
CELL_0709,1.3544724,0.0,0.0,1.4334769,1.8578135,0.0,0.0,1.1248277,1.4985979,1.67938,0.0,0.0,0.0,0.0,1.3544724,1.924987,0.0,0.0,0.64233345,0.0,0.0,1.4985979,0.0,2.2381866,0.0,0.0,2.0327518,0.0,0.0,2.1144469,0.0,0.0,0.9399545,1.1248277,0.0,0.0,0.0,1.7940322,0.0,0.0,0.0,1.3544724,0.0,0.0,0.0,0.0,0.0,1.2553332,0.0,0.0,0.9399545,0.0,0.0,0.73584646,GSE155698,tumor
CELL_0710,1.8503817,1.0827098,0.0,0.0,0.0,0.53878504,0.0,0.0,0.0,1.925066,0.3175085,1.5333534,0.7761914,0.0,0.0,0.53878504,0.0,0.1751642,0.0,0.0,0.0,0.0,0.3175085,1.6718713,0.0,0.0,0.0,1.7665024,0.997015,0.7761914,0.0,0.839284,1.8929993,0.839284,0.4367169,1.0827098,1.1570735,0.1751642,0.3175085,0.0,0.0,0.53878504,0.62767774,0.0,0.1751642,0.3175085,0.94890285,0.70615005,3.0957036,0.0,0.0,0.4367169,0.1751642,0.24730527,GSE155698,adjacent_normal
CELL_0711,1.7256254,0.39140025,0.0,0.39140025,0.6395706,0.0,0.0,0.0,0.0,1.8205634,0.0,0.0,0.81724906,0.0,0.39140025,0.0,0.0,0.0,0.0,0.0,0.0,0.0,0.0,1.8205634,0.0,0.0,1.5969411,0.9534987,0.0,0.0,0.0,0.0,0.0,0.6395706,0.0,0.0,0.0,0.0,0.39140025,0.39140025,0.0,0.39140025,0.0,0.0,0.0,0.0,0.0,2.005847,2.6839693,0.0,0.0,0.0,0.0,0.41593674,GSE155698,tumor
CELL_0712,1.6839263,0.78555435,0.0,0.0,0.61960584,0.0,0.0,0.21934715,0.38362014,1.634689,1.0935184,1.2225393,1.3619347,0.0,0.38362014,0.0,0.0,0.0,0.0,0.0,0.21934715,0.0,0.0,1.8394738,0.0,0.0,0.38362014,0.0,0.0,0.61960584,0.0,0.96390915,1.5543836,1.0112802,0.61960584,0.0,0.0,0.21934715,1.5868582,0.0,0.0,0.21934715,0.21934715,0.0,0.38362014,0.51336205,0.78555435,1.1295828,1.0112802,0.0,0.78555435,0.0,0.0,0.38618094,GSE155698,tumor
CELL_0713,1.4786203,0.0,0.0,0.0,1.6059009,0.0,0.0,1.2903707,0.9593246,1.9283136,0.0,0.0,0.9593246,0.0,0.0,0.0,0.0,0.0,0.0,0.0,0.0,0.0,0.0,1.9660683,0.0,0.0,1.8344281,0.0,0.0,1.2903707,0.0,0.0,2.1921241,0.0,0.0,0.0,0.0,0.0,0.0,0.0,0.0,0.9593246,1.2903707,0.0,0.0,0.0,0.0,1.4786203,2.316976,0.0,1.2903707,0.0,0.0,0.43017256,GSE155698,tumor
CELL_0714,2.852408,0.0,0.0,0.0,0.0,0.0,2.5174584,0.0,0.0,2.5174584,0.0,0.0,0.0,0.0,0.0,0.0,0.0,0.0,0.0,0.0,0.0,0.0,0.0,2.5174584,0.0,0.0,0.0,0.0,0.0,0.0,0.0,0.0,0.0,0.0,0.0,0.0,0.0,0.0,2.2526033,0.0,0.0,0.0,0.0,0.0,0.0,0.0,0.0,2.2526033,0.0,0.0,0.0,0.0,0.0,0.4006191,GSE155698,tumor
CELL_0715,1.9007154,0.6609123,0.0,1.1602733,0.6609123,0.6609123,0.0,0.0,0.6609123,1.9211441,0.0,1.2957058,0.9686519,0.0,1.3986484,0.0,0.0,0.0,0.0,0.0,0.0,0.0,1.1602733,2.288539,0.0,0.0,0.9686519,0.0,0.0,0.0,1.1602733,1.6055119,1.5483444,1.2957058,0.0,0.0,0.0,1.1602733,0.9686519,0.0,0.0,0.0,1.8011568,0.0,0.0,0.0,0.0,2.306014,0.0,0.0,2.0461826,0.0,0.6609123,0.5202453,GSE155698,tumor
CELL_0716,1.8201581,0.0,0.0,0.0,0.0,0.0,0.0,0.0,0.0,2.3745875,0.0,0.0,1.8201581,0.0,0.0,0.0,0.0,0.0,0.0,0.0,1.8201581,0.0,0.0,2.5040348,0.0,0.0,2.274425,0.0,0.0,0.0,0.0,0.0,0.0,0.0,0.0,0.0,0.0,0.0,1.8201581,0.0,0.0,0.0,2.6212208,0.0,0.0,0.0,0.0,0.0,0.0,0.0,0.0,0.0,0.0,0.3962203,GSE155698,tumor
CELL_0717,0.77370536,0.0,0.0,0.77370536,1.4230798,0.0,0.0,1.6032685,0.0,1.7706773,1.2891712,0.77370536,1.0959833,0.0,0.0,0.0,0.0,0.0,0.0,0.0,0.0,0.0,0.0,1.4230798,0.0,0.0,1.9616466,0.0,0.0,1.8483635,0.0,0.0,0.0,1.4230798,0.0,0.0,0.0,0.77370536,0.0,0.0,0.0,0.0,1.6685247,0.0,0.0,0.0,0.0,1.9616466,2.4455135,0.0,0.0,0.0,0.0,0.42179215,GSE155698,tumor
CELL_0718,1.3286676,1.8058999,0.0,0.28992832,0.0,0.0,0.16074306,0.0,0.16074306,1.1947112,0.16074306,0.0,0.96187776,0.0,0.39709786,0.0,0.0,0.16074306,0.0,0.0,0.16074306,0.8017824,1.7079012,2.0779486,0.0,0.28992832,1.1062194,0.0,0.0,1.3559405,0.0,0.16074306,0.69716424,0.56681854,0.0,0.0,0.0,0.84700096,0.84700096,0.0,0.0,1.2674019,1.7535766,0.0,0.0,0.0,0.28992832,1.6987617,0.9265725,0.0,0.9265725,0.0,0.0,0.35807958,GSE155698,tumor
CELL_0719,0.0,0.0,0.0,0.0,0.0,0.0,2.9229655,0.0,0.0,3.1518064,0.0,0.0,0.0,0.0,0.0,0.0,0.0,0.0,0.0,0.0,0.0,0.0,0.0,0.0,0.0,0.0,0.0,0.0,0.0,0.0,0.0,2.9229655,0.0,0.0,0.0,0.0,0.0,0.0,3.1518064,0.0,0.0,0.0,0.0,0.0,0.0,0.0,0.0,3.2680614,3.442707,0.0,0.0,0.0,0.0,0.40588441,GSE155698,adjacent_normal
CELL_0720,2.4126565,0.0,0.0,0.0,0.0,0.0,2.551302,0.0,0.0,2.706967,0.0,0.0,0.0,0.0,0.0,0.0,0.0,0.0,0.0,0.0,0.0,0.0,0.0,3.0243719,0.0,0.0,0.0,0.0,0.0,0.0,0.0,0.0,0.0,2.1398382,0.0,0.0,0.0,0.0,2.8639145,0.0,0.0,0.0,0.0,0.0,0.0,0.0,2.1398382,0.0,3.1288824,0.0,0.0,0.0,0.0,0.39654046,GSE155698,tumor
CELL_0721,1.7924769,0.8667934,0.0,0.4394002,0.0,0.0,0.0,0.0,1.0968277,1.6638894,0.0,0.9956499,0.69352037,0.0,0.0,0.0,0.0,0.0,0.0,0.0,0.0,0.0,0.69352037,2.150219,0.0,0.0,2.0123217,0.0,0.0,0.69352037,1.6432285,1.2484026,1.5974205,0.9956499,0.0,0.0,0.0,1.3075223,0.0,0.0,0.0,0.9956499,0.4394002,0.0,0.0,0.0,0.0,2.1563962,0.0,0.0,1.7015196,0.0,0.8667934,0.5440162,GSE155698,tumor
CELL_0722,1.6950407,1.7456939,0.0,0.0,1.9979509,0.0,0.0,0.7121199,0.0,2.2139602,0.0,1.0353261,0.0,0.0,0.0,0.0,0.0,0.0,0.0,0.0,0.0,0.0,0.0,2.5064156,0.0,0.0,1.3753494,0.0,0.0,0.7121199,0.0,0.0,0.0,0.0,0.0,0.0,0.0,0.0,0.0,0.0,0.0,0.0,0.0,0.0,0.0,0.0,0.0,2.514418,2.611452,1.9979509,0.0,0.0,0.0,0.43713608,GSE155698,tumor
CELL_0723,1.229287,0.0,0.0,0.0,2.131652,0.0,0.0,0.0,1.7284619,2.1650813,0.0,0.0,1.229287,0.0,0.0,0.0,0.0,0.0,0.0,0.0,1.229287,0.0,1.553629,2.2861435,0.0,0.0,2.131652,0.0,0.0,0.0,0.0,0.0,1.229287,1.553629,0.0,0.0,0.0,0.0,0.0,0.0,0.0,0.0,0.0,0.0,0.0,0.0,0.0,1.7284619,2.1650813,0.0,1.229287,0.0,0.0,0.48310655,GSE155698,tumor
CELL_0724,2.0007827,0.0,0.0,0.0,0.6551691,0.0,0.6551691,0.0,0.96905744,1.7277955,1.3073713,0.0,1.1667696,0.0,0.0,0.0,0.0,0.0,0.0,0.0,0.0,0.0,0.0,2.1181738,0.0,0.0,0.96905744,1.3073713,0.0,0.0,0.0,1.41464,1.7277955,1.3073713,0.0,0.0,0.0,0.0,1.1667696,0.0,0.0,0.6551691,2.0796964,0.6551691,0.0,0.0,0.96905744,1.6826003,1.8037313,0.0,1.7277955,0.0,0.0,0.80961,GSE155698,tumor
CELL_0725,0.0,0.0,0.0,0.0,0.0,0.0,0.0,0.0,0.0,2.4759536,0.0,0.0,0.0,0.0,0.0,0.0,0.0,0.0,0.0,0.0,0.0,0.0,0.0,2.3069139,0.0,0.0,0.0,0.0,0.0,1.8624291,0.0,0.0,2.576156,0.0,0.0,0.0,0.0,0.0,0.0,0.0,0.0,0.0,2.5312688,0.0,0.0,0.0,0.0,1.8624291,0.0,0.0,0.0,0.0,0.0,0.38529867,GSE155698,tumor
CELL_0726,2.131598,0.0,0.0,0.0,2.3137228,0.0,0.0,0.0,0.0,1.8456078,0.0,0.0,1.6575426,0.0,0.0,0.0,0.0,0.0,0.0,0.0,1.3090031,0.0,0.0,2.2370083,0.0,0.0,1.3090031,0.0,0.0,0.0,0.0,1.3090031,0.0,1.3090031,0.0,0.0,0.0,0.0,1.6575426,0.0,0.0,0.0,0.0,0.0,0.0,0.0,0.0,2.3452098,2.7598503,0.0,0.0,0.0,0.0,0.40494937,GSE155698,tumor
CELL_0727,2.942316,2.4206102,0.0,0.0,0.0,0.0,2.6716344,0.0,0.0,2.4206102,0.0,0.0,0.0,0.0,0.0,0.0,0.0,0.0,0.0,0.0,0.0,0.0,0.0,0.0,0.0,0.0,0.0,0.0,0.0,0.0,0.0,0.0,0.0,0.0,0.0,0.0,0.0,2.4206102,2.4206102,0.0,0.0,0.0,0.0,0.0,0.0,0.0,0.0,0.0,0.0,0.0,0.0,0.0,0.0,0.40458772,GSE155698,tumor
CELL_0728,1.815574,1.4584615,0.0,1.7549977,0.6345251,0.0,0.0,1.2700627,0.94012636,2.2036712,0.6345251,0.0,0.6345251,0.0,0.0,0.0,0.0,0.0,0.0,0.0,0.0,0.0,1.3747687,2.2464504,0.0,0.0,1.1328865,0.0,0.0,0.0,0.0,0.0,0.6345251,1.3747687,0.0,0.0,0.0,1.3747687,1.8420225,0.0,0.0,0.0,1.1328865,0.0,0.0,0.0,0.0,1.5275831,2.3333952,0.0,0.0,0.0,0.0,0.4828251,GSE155698,tumor
CELL_0729,1.2404006,1.3792588,0.0,0.0,0.0,0.0,1.084109,0.42240468,1.1690191,1.603466,0.56161934,0.0,0.0,0.0,0.24372062,0.0,0.0,0.24372062,0.0,0.0,0.0,1.084109,1.5325164,2.5221531,0.0,0.42240468,0.56161934,0.0,0.0,0.0,1.4021226,0.84923524,1.9192936,0.91902703,0.0,0.0,0.0,0.24372062,1.9919535,0.0,0.0,1.2061577,0.24372062,0.0,0.0,0.0,0.0,2.3142292,0.0,0.0,0.56161934,0.7688089,0.0,0.36521956,GSE155698,tumor
CELL_0730,0.0,0.0,0.0,0.0,0.0,0.0,0.0,0.0,0.0,2.7860124,0.0,3.0161462,0.0,0.0,0.0,0.0,0.0,0.0,0.0,0.0,0.0,0.0,0.0,3.0161462,0.0,0.0,0.0,0.0,0.0,0.0,0.0,0.0,0.0,0.0,0.0,0.0,0.0,0.0,0.0,0.0,0.0,0.0,0.0,0.0,0.0,0.0,0.0,0.0,0.0,0.0,0.0,0.0,0.0,0.37320954,GSE155698,tumor
CELL_0731,1.63801,0.52612793,0.0,0.5935242,0.0,0.0,0.0,0.0,1.1597643,1.5665057,0.0,1.4942812,0.2627343,0.14391346,1.3285066,0.3633221,0.0,0.0,0.0,0.14391346,0.2627343,0.4501114,0.14391346,2.2569475,0.0,0.0,0.8452133,0.0,0.0,0.3633221,0.80340993,0.80340993,1.7581515,1.0679864,0.0,0.0,0.0,0.4501114,0.75799984,0.0,0.0,0.80340993,1.9752698,0.0,0.0,0.0,0.0,2.146079,0.14391346,0.0,2.0044198,0.0,0.0,0.5073291,GSE155698,tumor
CELL_0732,1.4107461,0.0,0.0,1.5574571,1.9577802,0.0,0.0,0.9863286,0.9863286,0.9863286,0.0,0.0,0.0,0.0,1.8320186,1.7036848,0.0,0.0,0.67854846,0.0,0.67854846,0.0,0.67854846,2.3639677,0.0,0.0,1.9741817,0.0,0.0,2.351693,0.0,0.0,1.3095999,0.9863286,0.0,0.0,0.0,1.7744018,0.0,0.0,0.0,1.4912138,0.0,0.0,0.0,0.0,0.0,1.6615582,0.0,0.0,1.8045678,0.0,0.0,0.536435,GSE155698,tumor
CELL_0733,2.552786,0.0,0.0,0.0,0.0,0.0,0.0,0.0,0.0,2.552786,0.0,0.0,0.0,0.0,0.0,0.0,0.0,0.0,0.0,0.0,0.0,0.0,0.0,3.3557034,0.0,0.0,0.0,2.552786,0.0,0.0,0.0,0.0,0.0,0.0,0.0,0.0,0.0,0.0,0.0,0.0,0.0,0.0,0.0,0.0,0.0,0.0,0.0,2.930606,2.8035486,0.0,0.0,0.0,0.0,0.41497052,GSE155698,adjacent_normal
CELL_0734,0.0,0.0,0.0,0.0,2.9328187,0.0,0.0,0.0,0.0,2.7070923,0.0,0.0,0.0,0.0,2.7070923,3.0477264,0.0,0.0,0.0,0.0,0.0,0.0,0.0,3.3102942,0.0,0.0,0.0,0.0,0.0,2.9328187,0.0,0.0,0.0,0.0,0.0,0.0,0.0,0.0,0.0,0.0,0.0,0.0,2.7070923,0.0,0.0,0.0,0.0,2.7070923,0.0,0.0,0.0,0.0,0.0,0.46351066,GSE155698,tumor
CELL_0735,0.0,0.0,0.0,0.0,3.2679837,0.0,0.0,0.0,0.0,3.4661908,0.0,0.0,0.0,0.0,0.0,0.0,0.0,0.0,0.0,0.0,0.0,0.0,0.0,0.0,0.0,0.0,0.0,0.0,0.0,0.0,0.0,0.0,0.0,0.0,0.0,0.0,0.0,0.0,0.0,0.0,0.0,0.0,3.2679837,0.0,0.0,0.0,0.0,0.0,0.0,0.0,0.0,0.0,0.0,0.37868044,GSE155698,tumor
CELL_0736,1.636677,0.0,0.0,0.0,0.0,0.0,0.0,0.0,0.0,1.9780134,0.0,0.0,0.0,0.0,0.0,0.0,0.0,0.0,0.0,0.0,0.0,0.0,0.0,0.0,0.0,0.0,0.0,0.0,0.0,1.636677,0.0,1.636677,0.0,0.0,0.0,0.0,0.0,0.0,0.0,0.0,0.0,0.0,1.636677,0.0,0.0,0.0,0.0,1.636677,2.422597,0.0,0.0,0.0,0.0,0.415793,GSE155698,tumor
CELL_0737,2.8099961,0.0,0.0,0.0,2.4241467,0.0,0.0,2.4241467,0.0,2.6801994,0.0,0.0,0.0,0.0,2.4241467,0.0,0.0,0.0,0.0,0.0,0.0,2.4241467,0.0,3.1866555,0.0,0.0,0.0,0.0,0.0,0.0,0.0,0.0,0.0,0.0,0.0,0.0,0.0,0.0,0.0,0.0,0.0,0.0,3.003824,0.0,0.0,0.0,0.0,2.4241467,0.0,0.0,2.4241467,0.0,2.4241467,0.39527807,GSE155698,tumor
CELL_0738,1.4813786,0.0,0.0,0.0,1.4813786,0.0,0.0,0.0,0.0,2.1587956,0.0,1.4813786,0.0,0.0,0.0,0.0,0.0,0.0,0.0,0.0,0.0,0.0,0.0,2.3137336,0.0,0.0,1.801145,0.0,0.0,0.0,0.0,1.9689003,2.0787263,0.0,0.0,0.0,0.0,1.4813786,0.0,0.0,0.0,1.4813786,2.4090476,0.0,0.0,0.0,0.0,1.801145,0.0,0.0,0.0,0.0,0.0,0.38569754,GSE155698,tumor
CELL_0739,1.5648135,0.0,0.0,1.1980255,1.1980255,0.0,0.0,0.0,0.8737516,1.5140017,0.0,0.58031076,0.0,0.0,0.58031076,0.0,0.0,0.0,0.0,0.0,0.0,0.0,0.0,1.0623897,0.0,0.0,0.58031076,0.0,0.0,0.58031076,0.0,0.0,0.0,1.0623897,0.0,0.0,0.0,0.0,0.0,0.0,0.0,0.58031076,1.0623897,0.0,0.0,0.0,0.0,1.5140017,2.339879,0.0,0.0,0.0,0.0,0.37666857,GSE155698,tumor
CELL_0740,1.9292691,0.64810395,0.0,0.0,0.64810395,0.4021252,0.0,0.0,0.4021252,1.9377162,1.9691241,1.3280545,1.27408,0.0,1.1403517,0.0,0.0,0.0,0.0,0.0,0.0,0.0,0.0,2.0913088,0.0,0.0,0.4021252,0.0,0.0,0.0,0.0,0.82068366,1.3757808,0.4021252,0.0,0.4021252,0.0,0.64810395,0.64810395,0.0,0.0,0.0,0.64810395,0.0,0.95128906,0.64810395,0.0,0.95128906,1.1403517,0.0,0.0,0.0,0.0,0.39208892,GSE155698,tumor
CELL_0741,2.5046756,0.0,0.0,0.0,0.0,0.0,2.6386676,0.0,0.0,2.6386676,2.2407386,2.2407386,0.0,0.0,0.0,0.0,0.0,0.0,0.0,0.0,0.0,0.0,0.0,2.2407386,0.0,0.0,0.0,0.0,0.0,0.0,0.0,0.0,0.0,0.0,0.0,0.0,0.0,0.0,2.725768,0.0,0.0,0.0,0.0,0.0,0.0,0.0,0.0,0.0,0.0,0.0,0.0,0.0,0.0,0.40714338,GSE155698,tumor
CELL_0742,0.0,0.0,0.0,0.0,0.0,0.0,0.0,0.0,0.0,0.0,0.0,0.0,0.0,0.0,0.0,0.0,0.0,0.0,0.0,0.0,0.0,0.0,0.0,0.0,0.0,0.0,0.0,0.0,0.0,3.6539733,0.0,0.0,0.0,0.0,0.0,0.0,0.0,0.0,0.0,0.0,0.0,0.0,0.0,0.0,0.0,0.0,0.0,0.0,0.0,0.0,0.0,0.0,0.0,0.38373673,GSE155698,tumor
CELL_0743,1.4623085,0.0,0.0,0.0,1.2672135,0.0,0.0,0.620522,0.620522,2.1161904,0.0,1.3755008,0.0,0.0,0.620522,0.0,0.0,0.0,0.0,0.0,0.0,0.0,0.0,2.407263,0.0,0.0,2.1161904,0.0,0.0,0.0,0.0,0.0,0.620522,1.9110426,0.0,0.0,0.0,1.1259706,0.0,0.0,0.0,0.620522,0.9289087,0.0,0.0,0.0,0.0,2.7759829,2.5558994,0.0,0.0,0.0,0.0,0.43906885,GSE155698,tumor
CELL_0744,3.0556936,0.0,0.0,2.8355339,2.8355339,0.0,0.0,0.0,0.0,0.0,0.0,0.0,0.0,0.0,0.0,0.0,0.0,0.0,0.0,0.0,0.0,0.0,0.0,3.2412157,0.0,0.0,3.0556936,0.0,0.0,3.2412157,0.0,0.0,2.8355339,0.0,0.0,0.0,0.0,0.0,0.0,0.0,0.0,0.0,2.8355339,0.0,0.0,0.0,0.0,0.0,0.0,0.0,0.0,0.0,0.0,0.4384439,GSE155698,tumor
CELL_0745,1.3457073,0.0,0.0,1.5345793,1.745456,0.0,0.0,0.4245083,1.2333343,1.8373964,1.6568979,0.0,0.0,0.0,1.5889571,1.8978922,0.0,0.0,0.0,0.0,0.4245083,1.391877,0.0,2.2468858,0.0,0.0,1.9952887,0.67539114,0.0,2.213012,0.0,0.977735,1.982483,0.4245083,0.0,0.0,0.0,1.4701629,0.0,0.4245083,0.0,1.1632568,0.4245083,0.0,0.0,0.0,0.0,1.6568979,0.0,0.0,0.67539114,0.0,0.0,0.7092434,GSE155698,tumor
CELL_0746,1.661172,0.0,0.0,0.46700495,0.0,0.0,0.0,0.0,0.0,1.8669637,1.036738,0.7296179,0.46700495,0.0,0.7296179,0.46700495,0.0,0.0,0.0,0.0,0.0,0.0,0.0,1.88872,0.0,0.0,0.9063363,0.0,0.0,1.2904788,0.0,0.46700495,1.7739246,0.46700495,0.0,0.0,0.0,0.0,0.9063363,0.0,0.0,0.0,1.036738,0.0,0.0,0.0,0.46700495,0.9063363,0.9063363,0.0,0.0,0.0,0.0,0.37389478,GSE155698,tumor
CELL_0747,1.0370934,0.0,0.0,1.356698,2.1363962,0.0,0.0,0.0,1.2739384,1.4253163,0.85132134,0.0,0.0,0.0,1.8802952,1.9504546,0.0,0.0,1.0370934,0.0,0.0,1.8082448,0.56347084,2.3276584,0.0,0.0,2.147969,0.0,0.0,2.2897422,0.0,1.1709559,1.4835619,1.0370934,0.0,0.0,0.0,1.7398952,0.0,0.85132134,0.0,1.1709559,0.85132134,0.0,0.0,0.0,0.0,1.8802952,0.0,0.0,1.2739384,0.0,0.0,0.6863557,GSE155698,tumor
CELL_0748,0.0,0.0,0.0,0.0,0.0,0.0,0.0,0.0,0.0,0.0,0.0,0.0,0.0,0.0,2.8113222,2.4445736,0.0,0.0,0.0,0.0,0.0,0.0,0.0,2.8918097,0.0,0.0,0.0,0.0,0.0,2.4445736,0.0,0.0,0.0,0.0,0.0,0.0,0.0,2.4445736,0.0,0.0,0.0,0.0,0.0,0.0,0.0,0.0,0.0,2.9505732,0.0,0.0,2.4445736,0.0,0.0,0.36090657,GSE155698,adjacent_normal
CELL_0749,1.9490656,0.0,0.0,0.0,0.48911878,0.0,1.0839585,0.0,0.0,1.852414,1.8179412,0.48911878,0.7633806,0.0,0.7633806,0.0,0.0,0.0,0.0,0.0,0.0,0.0,0.0,2.070717,0.0,0.0,0.48911878,0.0,0.0,0.0,0.0,0.48911878,1.3487529,1.0839585,0.7633806,0.0,0.0,0.0,0.7633806,0.0,0.0,1.4637995,2.419496,0.0,0.0,0.48911878,1.1902759,2.0301178,2.3719273,0.0,0.7633806,0.0,0.0,0.38440147,GSE155698,tumor
CELL_0750,1.8872684,0.0,0.0,0.0,0.0,0.0,0.0,0.0,0.0,1.5959427,0.0,0.0,0.0,0.0,0.0,0.0,0.0,0.0,0.0,0.0,0.0,0.0,0.0,1.5959427,0.0,0.0,0.0,0.0,0.0,0.0,0.0,1.5959427,2.0380929,1.5959427,0.0,0.0,0.0,1.5959427,0.0,0.0,0.0,0.0,0.0,0.0,0.0,0.0,0.0,2.1365623,0.0,0.0,1.5959427,0.0,0.0,0.4195888,GSE155698,tumor
CELL_0751,1.0768939,0.0,0.0,0.6033615,1.0768939,0.0,0.0,0.6033615,1.5069859,1.5549052,0.0,0.0,0.0,0.0,0.6033615,0.0,0.0,0.0,0.6033615,0.0,0.6033615,0.0,0.0,2.2011063,0.0,0.0,1.3064278,1.2070769,0.0,0.8938587,0.0,0.0,0.0,0.6033615,0.0,0.0,0.0,1.0768939,0.0,0.0,0.0,1.2070769,0.0,0.0,0.0,0.0,0.0,1.3064278,0.0,0.0,0.0,0.0,0.0,0.76583564,GSE155698,tumor
CELL_0752,2.0037065,0.4738506,0.0,0.4738506,0.4738506,0.0,0.0,0.0,1.3842982,1.6840819,1.8258348,0.0,0.92503035,0.0,1.5263617,0.0,0.0,0.0,0.0,0.0,0.0,0.0,0.0,1.9451659,0.0,0.0,0.4738506,1.437598,0.0,0.0,0.0,1.1653367,1.7525955,1.0598168,0.4738506,0.0,0.0,0.0,1.598045,0.0,0.0,0.7429673,2.307711,0.0,0.0,0.4738506,0.7429673,2.044362,2.1579359,0.0,1.9947777,0.0,0.0,0.87537795,GSE155698,tumor
CELL_0753,1.8381819,0.0,0.0,0.44756353,1.2065145,0.0,0.0,1.0175848,0.8852152,1.9658669,0.44756353,0.0,0.44756353,0.0,1.5513848,1.0175848,0.0,0.0,0.44756353,0.0,1.0175848,0.44756353,0.0,2.4733663,0.0,0.0,1.2065145,1.2065145,0.0,1.8638552,0.0,0.0,0.0,0.7075114,0.0,0.0,0.0,1.2065145,0.0,0.0,0.0,0.44756353,0.44756353,0.0,0.0,0.0,0.0,2.139097,0.44756353,0.44756353,0.0,0.0,0.0,0.82038677,GSE155698,tumor
CELL_0754,2.0667925,0.992291,0.0,0.0,0.0,0.0,1.9475899,0.11119733,0.0,1.912519,0.8904716,1.2371182,0.7262615,0.0,0.992291,0.0,0.0,0.0,0.0,0.0,0.11119733,0.0,0.0,1.7303349,0.0,0.0,0.11119733,0.0,0.0,0.0,0.0,0.6436859,0.68648493,0.59743667,0.36546114,0.0,0.0,0.36546114,1.7633729,0.0,0.0,0.11119733,0.6436859,0.0,0.0,0.59743667,1.1640099,1.2234497,0.11119733,0.0,1.11354,0.0,0.0,0.40226048,GSE155698,tumor
CELL_0755,1.8951659,0.0,0.0,0.0,0.0,0.0,0.0,0.85936564,0.85936564,1.7751327,1.4228761,0.0,1.2750257,0.0,0.0,0.0,0.0,0.0,0.0,0.0,0.0,0.5727752,0.5727752,2.2299547,0.0,0.0,0.0,0.0,0.0,0.0,0.0,0.0,1.7033426,1.174182,0.0,0.5727752,0.0,0.5727752,1.174182,0.5727752,0.0,0.0,1.8951659,0.0,0.0,0.5727752,0.5727752,1.8328825,0.5727752,0.0,0.85936564,0.0,0.0,0.45374578,GSE155698,tumor
CELL_0756,3.3776057,0.0,0.0,0.0,3.1822152,0.0,0.0,0.0,0.0,0.0,3.1822152,0.0,0.0,0.0,3.1822152,0.0,0.0,0.0,0.0,0.0,0.0,0.0,0.0,3.477935,0.0,0.0,0.0,0.0,0.0,0.0,0.0,0.0,0.0,0.0,0.0,0.0,0.0,0.0,0.0,0.0,0.0,0.0,0.0,0.0,0.0,0.0,0.0,3.1822152,0.0,0.0,0.0,0.0,3.1822152,0.38498887,GSE155698,tumor
CELL_0757,2.4087224,1.4521692,0.0,0.8849553,0.0,0.0,0.0,0.0,0.0,1.8945802,0.0,1.4521692,0.8849553,0.0,0.0,0.0,0.0,1.2026519,0.0,0.0,0.0,0.0,0.0,1.8438331,0.0,0.0,0.0,0.5932893,1.0702639,0.0,0.0,1.8617841,1.4521692,0.0,1.3039578,1.2026519,1.5580881,0.5932893,1.7821374,0.0,0.0,0.0,0.0,0.0,1.2026519,0.5932893,2.0354261,1.8786632,2.0354261,0.0,0.0,1.0702639,0.5932893,0.11702587,GSE155698,adjacent_normal
CELL_0758,1.4846104,1.6795045,0.0,0.75348276,1.0676545,0.0,0.0,0.0,0.75348276,1.6795045,1.3865149,1.3865149,1.3865149,0.0,0.0,0.0,0.0,0.0,0.0,0.0,0.0,0.0,0.0,1.7255847,0.0,0.0,0.75348276,0.0,0.0,0.0,0.0,0.0,1.2559716,1.0676545,0.0,0.0,0.0,0.0,0.0,0.0,0.0,0.0,0.0,0.0,0.0,1.0676545,1.2559716,1.0676545,2.3022738,0.0,0.0,0.0,0.0,0.3906107,GSE155698,tumor
CELL_0759,1.6301451,0.0,0.0,0.95983213,0.0,0.0,0.0,0.0,0.0,1.4972829,0.0,0.0,0.0,0.0,0.0,0.0,0.0,0.0,0.0,0.0,0.0,0.0,0.0,2.0730288,0.0,0.0,0.0,0.0,0.0,1.3014419,0.0,0.0,1.3014419,0.95983213,0.0,0.0,0.0,0.95983213,1.3014419,0.0,0.0,0.0,1.3014419,0.0,0.0,0.0,0.95983213,1.8691983,2.407104,0.0,0.0,0.0,0.0,0.42711002,GSE155698,tumor
CELL_0760,0.0,0.0,0.0,0.0,0.0,0.0,0.0,0.0,0.0,2.4208567,0.0,0.0,0.0,0.0,0.0,0.0,0.0,0.0,0.0,0.0,0.0,2.4208567,0.0,2.6647618,0.0,0.0,2.78867,0.0,0.0,2.9283268,0.0,0.0,2.6647618,0.0,0.0,0.0,0.0,2.4208567,0.0,0.0,0.0,0.0,0.0,0.0,0.0,0.0,0.0,0.0,0.0,0.0,0.0,0.0,0.0,0.52650565,GSE155698,tumor
CELL_0761,0.0,0.0,2.7029939,0.0,0.0,0.0,0.0,0.0,0.0,0.0,0.0,0.0,0.0,0.0,0.0,0.0,0.0,0.0,0.0,0.0,0.0,0.0,2.3387725,2.5801826,0.0,0.0,0.0,0.0,0.0,0.0,0.0,0.0,0.0,0.0,0.0,0.0,0.0,0.0,0.0,0.0,0.0,2.3387725,0.0,0.0,0.0,0.0,0.0,2.5801826,0.0,0.0,0.0,0.0,0.0,0.3456169,GSE155698,adjacent_normal
CELL_0762,2.1523201,0.95403403,0.0,0.95403403,1.4859091,0.0,0.0,1.2922432,1.2922432,1.4859091,0.0,0.0,0.0,0.0,1.617236,1.2922432,0.0,0.0,0.0,0.0,0.0,0.0,1.7146657,2.1523201,0.0,0.0,0.95403403,0.0,0.0,0.0,0.0,0.0,0.0,1.4859091,0.0,0.0,0.0,1.617236,0.0,0.0,0.0,0.95403403,2.5956886,0.0,0.0,0.0,0.0,2.3020115,0.0,0.0,1.617236,0.0,0.0,0.8191089,GSE155698,tumor
CELL_0763,2.4497893,0.0,0.0,0.0,2.4497893,0.0,0.0,0.0,0.0,0.0,0.0,0.0,0.0,0.0,0.0,0.0,0.0,0.0,0.0,0.0,0.0,0.0,0.0,3.0092573,0.0,0.0,0.0,0.0,0.0,0.0,2.4497893,0.0,0.0,0.0,0.0,0.0,0.0,0.0,2.4497893,0.0,0.0,0.0,2.6965475,0.0,0.0,0.0,0.0,2.4497893,0.0,0.0,2.6965475,0.0,0.0,0.3930381,GSE155698,tumor
CELL_0764,0.915216,0.0,0.0,1.5481418,1.6127468,0.0,0.0,1.0487049,0.915216,1.8663082,1.0487049,0.0,0.0,0.0,0.915216,1.9036458,0.0,0.0,0.46853438,0.0,0.0,0.46853438,0.0,2.4096653,0.0,0.0,1.9752843,0.46853438,0.0,2.4381475,0.0,0.915216,1.8527111,1.0487049,0.0,0.0,0.0,1.7351077,0.0,0.0,0.0,1.0487049,0.73493254,0.0,0.0,0.0,0.0,0.73493254,0.0,0.0,1.0487049,0.0,0.0,0.7001921,GSE155698,tumor
CELL_0765,3.2994773,0.0,0.0,0.0,0.0,0.0,3.0992484,0.0,0.0,0.0,0.0,0.0,0.0,0.0,0.0,0.0,0.0,0.0,0.0,0.0,0.0,0.0,0.0,3.4021146,0.0,0.0,0.0,0.0,0.0,0.0,0.0,0.0,0.0,0.0,0.0,0.0,0.0,0.0,0.0,0.0,0.0,0.0,0.0,0.0,0.0,0.0,0.0,3.4021146,3.5190034,0.0,3.0992484,0.0,0.0,0.40514517,GSE155698,tumor
CELL_0766,2.8691099,0.0,0.0,0.0,0.0,0.0,0.0,0.0,0.0,2.4134004,0.0,0.0,0.0,0.0,2.4134004,0.0,0.0,0.0,0.0,0.0,0.0,2.4134004,0.0,3.045282,0.0,0.0,0.0,0.0,0.0,0.0,0.0,0.0,0.0,0.0,0.0,0.0,0.0,0.0,2.6613102,0.0,0.0,0.0,0.0,0.0,0.0,0.0,2.4134004,0.0,2.4134004,0.0,2.4134004,0.0,0.0,0.38669184,GSE155698,tumor
CELL_0767,0.0,1.6484082,0.0,0.0,0.0,0.0,0.0,0.0,0.0,1.6484082,0.0,0.0,1.9600035,0.0,0.0,1.6484082,0.0,0.0,0.0,0.0,1.6484082,0.0,0.0,2.485776,0.0,0.0,2.451259,0.0,0.0,0.0,0.0,0.0,0.0,1.6484082,0.0,0.0,0.0,0.0,0.0,0.0,0.0,1.6484082,2.6838584,0.0,0.0,0.0,0.0,0.0,0.0,0.0,0.0,0.0,0.0,0.43536377,GSE155698,tumor
CELL_0768,1.8258169,0.27982453,0.0,1.1992949,0.0,0.0,0.0,0.27982453,1.1992949,1.9266564,0.0,1.4434354,0.27982453,0.0,1.9315808,0.47580588,0.0,0.0,0.27982453,0.0,0.0,0.74207354,0.9912312,2.35374,0.0,0.0,1.3683131,0.0,0.0,0.47580588,0.0,0.92088,1.6823314,1.2390401,0.0,0.0,0.0,1.3396566,0.27982453,0.0,0.0,0.8390694,1.3683131,0.0,0.0,0.0,0.0,2.1955602,0.0,0.0,1.9458339,0.0,0.47580588,0.5257053,GSE155698,tumor
CELL_0769,0.0,0.0,0.0,0.0,2.8931327,0.0,0.0,0.0,0.0,3.108742,0.0,0.0,0.0,0.0,0.0,0.0,0.0,0.0,0.0,0.0,0.0,0.0,0.0,0.0,0.0,0.0,0.0,0.0,0.0,0.0,0.0,0.0,0.0,0.0,0.0,0.0,0.0,3.108742,0.0,0.0,0.0,0.0,0.0,0.0,0.0,0.0,0.0,0.0,0.0,0.0,0.0,0.0,0.0,0.37032422,GSE155698,tumor
CELL_0770,1.4212543,1.549449,0.0,0.0,1.9142492,0.0,0.0,1.9481244,1.4212543,2.0934691,0.0,0.0,0.0,0.0,0.0,0.0,0.0,0.0,0.0,0.0,0.0,0.0,2.3113081,2.4003448,0.0,0.0,1.6447117,0.0,0.0,0.905069,0.0,0.0,2.1282458,0.0,0.0,0.0,0.0,0.905069,0.0,0.0,0.0,1.4212543,2.2960188,0.0,0.0,0.0,0.0,1.6447117,1.9481244,1.4212543,1.4212543,0.0,0.0,0.47457278,GSE155698,tumor
CELL_0771,1.6672254,0.0,0.0,0.0,0.0,0.0,0.0,0.0,0.6498638,1.738238,0.0,0.0,0.0,0.0,0.0,0.0,0.0,0.0,0.0,0.0,0.0,0.0,0.0,2.0435975,0.0,0.0,0.6498638,0.0,0.0,0.6498638,0.0,0.0,0.0,0.6498638,0.0,0.0,0.0,1.1400564,1.454267,0.0,0.0,0.95205176,0.95205176,0.0,0.0,0.0,0.0,1.9546484,2.2954426,0.0,0.0,0.0,0.0,0.42027745,GSE155698,tumor
CELL_0772,1.894791,0.69435096,0.0,0.0,1.3509785,0.32237262,0.0,0.32237262,0.0,1.8451682,1.0701262,1.4674153,1.3509785,0.0,0.5368645,0.0,0.0,0.0,0.0,0.0,0.0,0.0,0.0,2.2936323,0.0,0.0,0.9994068,0.0,0.0,0.32237262,0.0,0.8170243,0.9994068,0.69435096,0.32237262,0.32237262,0.0,0.0,0.0,0.0,0.0,0.32237262,0.69435096,0.0,1.1853944,0.5368645,0.5368645,2.1241584,1.9135983,0.0,0.9994068,0.0,0.0,0.38783684,GSE155698,tumor
CELL_0773,1.9492432,0.0,0.0,1.5710479,1.2438024,0.0,0.0,1.2438024,0.0,1.9492432,0.0,0.0,0.0,0.0,0.0,1.2438024,0.0,0.0,0.0,0.0,1.2438024,0.0,0.0,2.1872313,0.0,0.0,1.5710479,0.0,0.0,1.2438024,0.0,1.7473446,1.8638914,1.5710479,0.0,0.0,0.0,0.0,1.5710479,0.0,0.0,0.0,0.0,0.0,0.0,0.0,0.0,2.153575,2.015739,0.0,0.0,0.0,0.0,0.42805877,GSE155698,tumor
CELL_0774,2.1657727,0.0,0.0,0.0,0.0,0.0,0.0,0.0,0.0,0.0,0.0,0.0,0.0,0.0,1.8798059,0.0,0.0,0.0,0.0,0.0,0.0,0.0,0.0,2.1657727,0.0,0.0,0.0,0.0,0.0,0.0,0.0,1.8798059,2.312031,0.0,1.8798059,0.0,0.0,0.0,0.0,0.0,0.0,0.0,0.0,0.0,0.0,0.0,0.0,0.0,2.530229,0.0,0.0,0.0,0.0,0.3480463,GSE155698,tumor
CELL_0775,1.9136229,1.9136229,0.0,1.9136229,0.0,0.0,0.0,0.0,0.0,2.4355724,1.9136229,1.9136229,0.0,0.0,2.4355724,0.0,0.0,0.0,0.0,0.0,0.0,2.1968122,0.0,2.8347023,0.0,0.0,2.1968122,0.0,0.0,0.0,2.341489,0.0,0.0,0.0,0.0,0.0,0.0,0.0,0.0,0.0,0.0,0.0,1.9136229,0.0,0.0,0.0,0.0,0.0,1.9136229,0.0,0.0,0.0,0.0,0.36889732,GSE155698,tumor
CELL_0776,0.0,0.0,0.0,0.0,0.0,0.0,0.0,0.0,0.0,0.0,0.0,0.0,0.0,0.0,0.0,0.0,0.0,0.0,0.0,0.0,0.0,0.0,0.0,0.0,0.0,0.0,0.0,0.0,0.0,0.0,0.0,0.0,0.0,0.0,0.0,0.0,0.0,0.0,2.5808697,0.0,0.0,0.0,0.0,0.0,0.0,0.0,0.0,2.5808697,3.1177986,0.0,0.0,0.0,0.0,0.3899548,GSE155698,tumor
CELL_0777,1.6632668,0.0,0.0,1.3402066,0.0,0.0,0.0,0.8079948,1.1410741,2.2163537,0.8079948,0.0,0.8079948,0.0,0.8079948,0.0,0.0,0.0,0.0,0.0,0.0,0.0,0.0,2.0056794,0.0,0.0,0.0,0.0,0.0,0.0,0.0,0.0,0.8079948,1.1410741,0.0,0.0,0.0,1.1410741,1.7866645,0.0,0.0,0.0,0.8079948,0.0,0.0,0.0,0.0,1.1410741,1.7302762,0.0,0.8079948,0.0,0.0,0.4691423,GSE155698,tumor
CELL_0778,0.0,0.0,0.0,0.0,0.0,0.0,0.0,0.0,0.0,0.0,2.9377122,0.0,0.0,0.0,0.0,0.0,0.0,0.0,0.0,0.0,0.0,0.0,0.0,3.3855636,0.0,0.0,0.0,0.0,0.0,2.9377122,0.0,0.0,0.0,0.0,0.0,0.0,0.0,0.0,0.0,0.0,0.0,0.0,0.0,0.0,0.0,0.0,0.0,3.5338132,0.0,0.0,2.9377122,0.0,0.0,0.36149767,GSE155698,adjacent_normal
CELL_0779,2.1569827,0.0,0.0,0.53847826,0.0,0.0,0.0,0.0,0.0,1.8861419,0.0,1.3329883,0.0,0.0,0.53847826,0.53847826,0.0,0.0,0.0,0.0,0.0,0.0,0.82282555,2.108028,0.0,0.0,0.82282555,0.0,0.0,0.0,0.0,1.1441567,1.1441567,1.462632,0.53847826,0.0,0.0,0.53847826,1.0089601,0.0,0.0,0.53847826,1.0089601,0.0,0.0,0.0,0.0,2.2399232,0.0,0.0,2.1513805,0.0,0.53847826,0.50356406,GSE155698,tumor
CELL_0780,1.6569365,0.0,0.0,0.0,0.0,0.0,0.0,0.0,0.0,1.3315551,0.0,1.3315551,1.3315551,0.0,1.3315551,0.0,0.0,0.0,0.0,0.0,0.0,0.0,0.0,2.3148844,0.0,0.0,0.0,0.0,0.0,0.0,0.0,0.0,1.9444335,0.0,0.0,0.0,0.0,0.0,0.0,0.0,0.0,0.0,0.0,0.0,0.0,0.0,0.0,0.0,2.3382213,0.0,0.0,0.0,0.0,0.36934802,GSE155698,tumor
CELL_0781,2.0005643,1.520441,0.0,0.0,0.9574839,0.0,0.0,0.0,0.49611005,1.6933923,1.8442559,1.2865458,1.4201037,0.0,0.49611005,0.0,0.0,0.0,0.0,0.0,0.0,0.0,0.0,2.3679764,0.0,0.0,0.0,0.0,0.0,0.7723146,0.0,0.9574839,1.0938456,1.0938456,0.0,0.0,0.0,0.0,0.0,0.0,0.0,0.7723146,0.7723146,0.0,0.0,0.0,0.0,1.5622455,0.0,0.0,0.0,0.0,0.0,0.3894435,GSE155698,tumor
CELL_0782,1.6652282,0.0,0.0,0.0,0.7200338,0.0,0.0,1.3616292,0.0,1.9715611,0.0,0.0,0.7200338,0.0,0.7200338,0.0,0.0,0.0,0.0,0.0,0.0,0.0,0.0,2.260664,0.0,0.0,1.3616292,0.0,0.0,0.0,0.0,0.0,1.4629767,0.0,0.7200338,0.0,0.0,0.7200338,0.0,0.7200338,0.0,0.0,0.7200338,0.0,0.0,0.0,0.0,2.0671442,2.1044247,0.0,0.0,0.0,0.0,0.43564224,GSE155698,tumor
CELL_0783,1.8020382,1.6198139,0.0,0.0,1.6198139,0.0,0.0,0.0,0.0,2.1348758,0.0,0.0,0.0,0.0,0.0,1.6198139,0.0,0.0,0.0,0.0,0.0,0.0,0.0,2.381266,0.0,0.0,0.0,0.0,0.0,0.0,0.0,0.0,0.0,0.0,0.0,0.0,0.0,0.0,0.0,0.0,0.0,0.0,0.0,0.0,0.0,0.0,0.0,2.3608003,1.2816212,1.2816212,0.0,0.0,0.0,0.42573035,GSE155698,tumor
CELL_0784,0.0,0.0,0.0,0.0,0.0,0.0,0.0,0.0,0.0,1.9946362,1.403844,0.0,0.0,0.0,1.7868223,0.0,0.0,0.0,0.0,0.0,0.0,0.0,0.0,1.403844,0.0,0.0,1.403844,0.0,0.0,0.0,0.0,0.0,1.403844,0.0,1.7868223,0.0,0.0,0.0,1.7868223,0.0,0.0,0.0,0.0,0.0,0.0,0.0,0.0,2.6048872,3.1189556,0.0,0.0,0.0,0.0,0.40306097,GSE155698,tumor
CELL_0785,1.4554231,0.0,0.0,0.0,0.0,0.0,0.0,0.81406033,1.1355418,1.5529014,0.0,0.0,0.81406033,0.0,0.0,0.0,0.0,0.0,0.0,0.0,0.0,0.0,0.0,1.7910975,0.0,0.0,0.81406033,0.0,0.0,0.81406033,0.0,0.0,1.1355418,0.81406033,0.0,0.0,0.0,0.0,1.1355418,0.0,0.0,0.0,1.1355418,0.0,0.0,0.0,0.0,1.7456595,2.171004,0.0,0.0,0.0,0.0,0.42873266,GSE155698,tumor
CELL_0786,1.6915869,0.0,0.0,0.0,0.0,0.0,0.0,0.0,0.0,2.0512853,0.0,0.0,1.1345556,0.0,0.0,0.0,0.0,0.0,0.0,0.0,0.0,0.0,0.0,2.1362748,0.0,0.0,1.1345556,0.0,0.0,1.829579,0.0,0.81323737,0.81323737,0.0,0.0,0.0,0.0,1.1345556,1.3240316,0.0,0.0,1.4543298,0.81323737,0.0,0.0,0.0,0.0,1.7445031,0.81323737,0.0,1.7445031,0.0,0.0,0.43855503,GSE155698,tumor
CELL_0787,1.8289884,1.525001,0.0,0.0,0.0,0.0,0.0,0.0,1.525001,2.3125732,0.0,0.0,1.525001,0.0,1.8289884,0.0,0.0,0.0,0.0,0.0,0.0,0.0,0.0,2.4261696,0.0,0.0,1.525001,0.0,0.0,0.0,0.0,0.0,0.0,1.525001,0.0,0.0,0.0,0.0,1.525001,0.0,0.0,0.0,1.525001,0.0,0.0,0.0,0.0,1.8289884,2.0908961,0.0,0.0,0.0,0.0,0.503551,GSE155698,tumor
CELL_0788,2.2929008,0.0,0.0,0.0,0.0,0.0,0.0,1.3973154,0.0,1.3973154,0.0,0.0,1.8977404,0.0,1.7244657,0.0,0.0,0.0,0.0,0.0,0.0,0.0,0.0,2.0115366,0.0,0.0,0.0,0.0,0.0,0.0,0.0,0.0,0.0,0.0,0.0,0.0,0.0,1.7244657,0.0,0.0,0.0,1.3973154,2.7231092,0.0,0.0,0.0,0.0,2.2929008,0.0,0.0,1.7244657,0.0,0.0,0.73393816,GSE155698,tumor
CELL_0789,1.2619176,0.0,0.0,2.07566,0.0,0.0,0.0,0.0,1.5685422,1.8011036,0.0,0.332342,0.0,0.0,0.5522201,1.7446406,0.0,0.0,0.0,0.0,0.0,0.9396516,0.8383357,2.4284103,0.0,0.0,1.2131921,0.0,0.0,0.332342,0.5522201,0.7131837,1.7797409,1.2131921,0.0,0.0,0.0,0.5522201,0.0,0.0,0.0,1.2131921,2.350853,0.0,0.0,0.0,0.0,1.3813107,0.0,0.0,2.0831335,0.0,0.0,0.51846,GSE155698,tumor
CELL_0790,1.9625096,1.3310509,0.0,0.0,0.0,0.0,0.0,0.0,1.6656501,1.6656501,0.0,0.0,0.0,0.0,0.0,0.0,0.0,0.0,0.0,0.0,0.0,0.0,0.0,2.6691449,0.0,0.0,1.3310509,0.0,0.0,0.0,0.0,0.0,0.0,1.8445959,0.0,0.0,0.0,0.0,0.0,0.0,0.0,1.8445959,2.779342,0.0,0.0,0.0,0.0,2.0487006,0.0,0.0,1.3310509,0.0,0.0,0.479323,GSE155698,tumor
CELL_0791,1.0396545,0.0,0.0,2.0348651,2.177531,0.0,0.0,1.3639216,1.0396545,1.5441525,0.0,0.0,0.0,0.0,1.0396545,2.2226896,0.0,0.0,0.0,0.0,0.72513556,0.0,0.0,2.4665794,0.0,0.0,2.110924,0.72513556,0.0,2.50607,0.0,1.5441525,2.110924,0.72513556,0.0,0.0,0.0,1.0396545,0.0,0.72513556,0.0,1.2306575,0.0,0.0,0.0,0.0,0.0,1.2306575,0.0,0.0,1.4644356,0.0,0.0,0.521344,GSE155698,tumor
CELL_0792,3.1017933,0.0,0.0,0.0,0.0,0.0,0.0,0.0,0.0,3.3009186,0.0,0.0,0.0,0.0,0.0,0.0,0.0,0.0,0.0,0.0,0.0,0.0,0.0,3.4030335,0.0,0.0,0.0,0.0,0.0,0.0,0.0,0.0,0.0,0.0,0.0,0.0,0.0,0.0,3.3009186,0.0,0.0,0.0,0.0,0.0,0.0,0.0,0.0,0.0,0.0,0.0,0.0,0.0,0.0,0.38454607,GSE155698,tumor
CELL_0793,2.0637171,0.0,0.0,1.6149148,0.0,0.0,0.0,0.0,1.2998565,2.1103163,0.0,0.0,0.968495,0.0,0.0,0.0,0.0,0.0,0.0,0.0,0.0,0.0,0.0,2.450731,0.0,0.0,0.968495,0.0,0.0,0.0,0.0,1.6149148,1.8428053,0.968495,0.0,0.0,0.0,1.2998565,1.7089679,0.0,0.0,0.0,0.968495,0.0,0.0,0.0,0.0,2.1838746,2.149782,0.0,0.0,0.0,0.0,0.4642668,GSE155698,tumor
CELL_0794,2.380123,0.0,0.0,0.0,0.0,0.0,0.0,0.0,0.0,1.8085959,0.0,0.0,0.0,0.0,0.0,0.0,0.0,0.0,0.0,0.0,0.0,0.0,0.0,2.4552352,0.0,0.0,0.0,0.0,0.0,0.0,0.0,1.8085959,0.0,0.0,0.0,0.0,0.0,0.0,0.0,0.0,0.0,0.0,0.0,0.0,0.0,1.8085959,0.0,0.0,0.0,0.0,0.0,0.0,0.0,0.4038501,GSE155698,tumor
CELL_0795,1.9404548,0.82217085,0.0,0.0,1.1521835,0.0,0.0,0.0,1.3477983,1.6632931,0.0,0.0,1.3477983,0.0,1.3477983,0.82217085,0.0,0.0,0.0,0.0,0.0,0.0,0.82217085,2.1489952,0.0,0.0,0.82217085,1.1521835,0.0,0.0,0.0,0.82217085,1.5835992,0.82217085,0.0,0.0,0.0,1.3477983,0.0,0.0,0.0,0.0,2.4343154,0.0,0.0,0.0,0.0,1.830521,0.0,0.0,1.4826341,0.0,0.0,0.82192445,GSE155698,tumor
CELL_0796,2.1198924,0.0,0.0,0.0,0.0,0.0,0.0,1.9658912,1.6676179,2.2933943,0.0,0.0,0.0,0.0,0.0,0.0,0.0,0.0,0.0,0.0,0.0,0.0,0.0,0.0,0.0,0.0,0.0,0.0,0.0,0.0,0.0,0.0,0.0,1.6676179,0.0,0.0,0.0,0.0,0.0,0.0,0.0,0.0,1.9658912,0.0,0.0,0.0,0.0,0.0,2.3502266,0.0,0.0,0.0,0.0,0.45042527,GSE155698,tumor
CELL_0797,2.8641202,2.8641202,0.0,0.0,0.0,0.0,0.0,0.0,2.8641202,2.8641202,0.0,0.0,0.0,0.0,0.0,0.0,0.0,0.0,0.0,0.0,0.0,0.0,0.0,3.1954658,0.0,0.0,2.8641202,0.0,0.0,0.0,0.0,0.0,0.0,0.0,0.0,0.0,0.0,0.0,0.0,0.0,0.0,0.0,0.0,0.0,0.0,0.0,0.0,0.0,0.0,0.0,0.0,0.0,0.0,0.38977644,GSE155698,tumor
CELL_0798,2.513497,0.0,0.0,0.0,0.0,0.0,0.0,0.0,0.0,0.0,0.0,0.0,0.0,0.0,0.0,0.0,0.0,0.0,0.0,0.0,0.0,0.0,0.0,3.0960245,0.0,0.0,0.0,0.0,0.0,0.0,2.513497,0.0,2.513497,0.0,0.0,0.0,0.0,0.0,2.513497,0.0,0.0,2.7539325,0.0,2.513497,0.0,0.0,0.0,0.0,2.7539325,0.0,0.0,0.0,0.0,0.33297023,GSE155698,adjacent_normal
CELL_0799,1.9380401,0.9924864,0.0,0.0,0.0,0.0,0.0,1.6537076,0.0,2.136821,0.0,0.0,0.9924864,0.0,0.0,0.0,0.0,0.0,0.0,0.0,0.0,0.9924864,0.0,2.180407,0.0,0.0,0.0,0.0,0.0,0.0,0.0,0.0,0.0,0.9924864,1.3314912,0.0,0.0,1.3314912,0.0,0.0,0.0,0.0,0.9924864,0.0,0.0,0.0,0.0,2.136821,2.480301,0.0,0.0,0.0,0.0,0.49056295,GSE155698,tumor
CELL_0800,2.1155164,1.413051,0.0,0.0,1.8085837,0.0,0.0,0.0,1.2576467,2.052145,0.0,1.3425148,0.0,0.0,1.3425148,1.1523991,0.0,0.0,0.0,0.0,0.0,0.82886344,0.5425347,2.4708738,0.0,0.0,1.786707,0.0,0.0,0.0,0.0,1.0162774,1.1523991,0.5425347,0.0,0.0,0.0,1.413051,0.0,0.0,0.0,1.0162774,1.3425148,0.0,1.4730302,0.0,0.0,1.968385,2.226071,0.0,0.5425347,0.0,0.5425347,0.37785074,GSE155698,tumor
CELL_0801,1.4008281,0.0,0.0,0.88526434,0.88526434,0.0,0.0,0.0,0.0,1.7622305,0.88526434,0.0,1.5295782,0.0,0.0,0.0,0.0,0.0,0.0,0.0,0.0,0.0,0.0,1.2118913,0.0,0.0,0.88526434,0.0,0.0,0.88526434,0.0,0.0,0.0,0.0,0.0,0.0,0.0,0.0,1.4008281,0.0,0.0,0.0,0.0,0.0,0.0,0.0,0.88526434,1.7007067,2.1951942,0.0,0.0,0.0,0.0,0.45289207,GSE155698,tumor
CELL_0802,3.0515332,0.0,0.0,0.0,0.0,0.0,0.0,0.0,0.0,3.0515332,0.0,0.0,0.0,0.0,0.0,0.0,0.0,0.0,0.0,0.0,0.0,0.0,0.0,3.1639118,0.0,0.0,0.0,0.0,0.0,0.0,0.0,2.8309622,0.0,0.0,2.8309622,0.0,0.0,0.0,2.8309622,0.0,0.0,0.0,0.0,0.0,0.0,0.0,0.0,0.0,3.0515332,0.0,0.0,0.0,0.0,0.38877383,GSE155698,tumor
CELL_0803,0.0,0.0,0.0,0.0,2.295588,0.0,0.0,0.0,1.8275007,2.3375661,0.0,0.0,0.0,0.0,0.0,0.0,0.0,0.0,0.0,0.0,0.0,0.0,1.5083627,2.1834843,0.0,0.0,2.4570103,0.0,0.0,1.9945564,0.0,0.0,1.5083627,0.0,0.0,0.0,0.0,0.0,0.0,0.0,0.0,0.0,1.5083627,0.0,0.0,0.0,0.0,2.5180016,2.6367424,2.3734746,0.0,0.0,0.0,0.46010187,GSE155698,tumor
CELL_0804,1.6712205,0.0,0.0,1.1913817,0.0,0.5793718,0.0,1.5032191,0.0,1.9128225,0.8706015,0.0,1.5972612,0.0,0.0,0.0,0.0,0.0,0.0,0.0,0.5793718,0.0,1.0573224,2.0121577,0.0,0.0,1.2942806,0.0,0.0,0.0,0.0,0.0,1.0573224,0.5793718,0.0,0.0,0.0,1.2942806,1.2942806,0.0,0.0,0.0,0.5793718,0.0,0.0,0.0,0.0,1.553325,1.9905661,0.0,0.0,0.0,0.0,0.46515492,GSE155698,tumor
CELL_0805,1.9774214,0.0,0.0,0.0,0.74511826,0.0,0.0,0.74511826,1.2503415,1.2503415,0.74511826,0.0,0.92643666,0.0,0.47628364,0.47628364,0.0,0.0,0.0,0.0,0.92643666,0.47628364,1.0604259,1.8778412,0.0,0.0,0.92643666,1.1651946,0.0,0.0,0.0,0.92643666,1.3823044,0.92643666,0.74511826,0.0,0.0,1.1651946,0.0,0.0,0.0,0.0,2.1067584,0.0,0.0,0.47628364,0.0,1.5602299,0.47628364,0.0,1.3823044,0.0,0.0,0.7902018,GSE155698,tumor
CELL_0806,1.7529798,0.0,0.0,1.648597,0.0,0.0,0.0,0.0,1.2445421,1.9449344,0.0,0.0,0.6204118,0.0,1.9288843,0.0,0.0,0.0,0.0,0.0,0.0,0.0,0.6204118,2.2065418,0.0,0.0,0.6204118,0.0,0.0,0.0,0.9203269,0.9203269,0.6204118,1.3475063,0.0,0.0,0.0,0.9203269,0.0,0.0,0.0,0.0,0.0,0.0,0.0,0.0,0.0,2.2887077,0.0,0.0,2.0253701,0.0,0.0,0.510576,GSE155698,tumor
CELL_0807,1.673473,0.0,0.0,1.673473,0.0,0.0,0.0,0.0,0.0,1.673473,0.0,0.0,0.0,0.0,0.0,0.0,0.0,0.0,0.0,0.0,0.0,0.0,0.0,2.1829224,0.0,0.0,0.0,0.0,0.0,0.0,0.0,0.0,1.673473,1.673473,0.0,0.0,0.0,1.673473,1.673473,0.0,0.0,1.673473,0.0,0.0,0.0,0.0,0.0,2.5384142,2.296505,0.0,1.673473,0.0,0.0,0.43586802,GSE155698,tumor
CELL_0808,2.17199,0.0,0.0,0.0,1.4838034,0.0,0.0,1.1553719,1.7822082,1.4838034,1.1553719,0.0,0.0,0.0,0.0,1.1553719,0.0,0.0,0.0,0.0,1.1553719,0.0,0.0,2.17199,0.0,0.0,0.0,0.0,0.0,2.1965935,0.0,2.3070765,2.535093,0.0,0.0,0.0,0.0,0.0,1.9379215,0.0,0.0,1.7822082,2.1965935,0.0,0.0,0.0,0.0,1.1553719,0.0,0.0,1.9379215,0.0,0.0,0.7766334,GSE155698,tumor
CELL_0809,0.0,1.1620021,0.0,1.1620021,0.0,0.0,0.0,0.0,0.0,1.8641589,0.0,0.0,1.4855855,0.0,0.0,0.0,0.0,0.0,0.0,0.0,0.0,0.0,0.0,1.1620021,0.0,0.0,2.069867,0.0,0.0,1.7784196,0.0,0.0,1.4855855,0.0,0.0,0.0,0.0,1.6615939,0.0,0.0,0.0,0.0,0.0,0.0,0.0,0.0,0.0,2.069867,1.9854057,0.0,0.0,0.0,0.0,0.40726113,GSE155698,tumor
CELL_0810,1.8975419,0.0,0.0,0.72114694,1.687641,0.0,0.0,0.0,1.2174494,2.0163448,0.0,0.0,0.0,0.0,0.0,0.0,0.0,0.0,0.0,0.0,0.0,0.72114694,0.0,2.2981243,0.0,0.0,1.7959749,0.0,0.0,0.0,0.0,0.0,0.0,0.72114694,0.0,0.0,0.0,0.72114694,0.0,0.0,0.0,0.0,2.543526,0.0,0.0,1.4458299,0.0,1.687641,2.3470109,0.0,0.0,0.0,0.0,0.44884932,GSE155698,tumor
CELL_0811,1.2513679,0.0,0.0,1.0382379,1.4289042,0.0,0.0,1.3038136,0.93705064,1.673982,0.39841878,0.0,0.39841878,0.0,1.6908363,1.4289042,0.0,0.0,0.39841878,0.0,0.0,2.0262535,1.350169,2.4148114,0.0,0.0,1.5486602,0.8094524,0.0,1.9661194,0.0,0.0,1.350169,0.6403896,0.0,0.0,0.0,1.6172769,0.0,0.8094524,0.0,1.1213057,1.391579,0.0,0.0,0.0,0.0,1.7068243,0.0,0.0,0.93705064,0.0,0.0,0.70254725,GSE155698,tumor
CELL_0812,1.6875883,0.0,0.0,0.32696468,1.2325732,0.0,0.0,1.132237,0.8213678,1.8998251,0.5422958,0.0,0.32696468,0.0,1.7830178,0.5422958,0.0,0.0,0.8213678,0.0,1.1853623,1.8683589,0.0,2.4066494,0.0,0.0,1.132237,0.69944674,0.0,0.9199101,0.0,0.69944674,0.32696468,1.132237,0.0,0.0,0.0,1.1853623,0.32696468,0.0,0.32696468,1.3481886,0.8213678,0.0,0.0,0.0,0.0,1.6332223,0.0,0.0,1.0717599,0.0,0.0,0.76811826,GSE155698,tumor
CELL_0813,2.3869119,0.0,0.0,0.6817589,0.0,1.8593935,0.0,0.0,0.0,1.7855793,0.0,0.6817589,0.0,0.0,0.0,0.0,0.0,1.4801673,0.0,0.0,0.0,0.0,0.0,1.6872896,0.0,0.0,0.0,0.0,1.9508703,0.0,0.0,0.9858281,1.544772,1.17218,1.4016359,1.3028154,0.9858281,0.0,1.6462411,0.0,0.0,0.0,0.6817589,0.0,1.6462411,0.9858281,2.2965767,1.6462411,0.6817589,0.0,0.0,0.6817589,0.6817589,0.12471263,GSE155698,tumor
CELL_0814,2.7618585,0.0,0.0,0.0,0.0,0.0,0.0,0.0,0.0,0.0,0.0,0.0,0.0,0.0,0.0,0.0,0.0,0.0,0.0,0.0,0.0,0.0,0.0,3.1056905,0.0,0.0,3.1056905,0.0,0.0,2.7618585,0.0,0.0,0.0,0.0,0.0,0.0,0.0,0.0,0.0,0.0,0.0,0.0,3.2367086,0.0,0.0,0.0,0.0,0.0,0.0,0.0,0.0,0.0,0.0,0.3775065,GSE155698,tumor
CELL_0815,0.0,3.434823,0.0,0.0,0.0,0.0,0.0,0.0,0.0,0.0,0.0,0.0,0.0,0.0,0.0,0.0,0.0,0.0,0.0,0.0,0.0,0.0,3.434823,0.0,0.0,0.0,3.434823,0.0,0.0,0.0,0.0,0.0,0.0,0.0,0.0,0.0,0.0,0.0,3.434823,0.0,0.0,0.0,0.0,0.0,0.0,0.0,0.0,0.0,0.0,0.0,0.0,0.0,0.0,0.3771214,GSE155698,tumor
CELL_0816,1.1464428,0.0,0.0,1.249311,1.8241404,0.0,0.0,0.0,1.3679895,1.6901243,0.54522383,0.0,0.54522383,0.0,1.5098348,1.5744618,0.0,0.0,0.7046624,0.0,0.54522383,0.3277585,0.0,2.227612,0.0,0.0,1.8241404,1.4008789,0.0,2.0552766,0.0,0.3277585,1.0130755,0.82874584,0.0,0.0,0.0,1.4592952,0.0,0.54522383,0.0,1.0845077,0.7046624,0.0,0.0,0.0,0.0,0.92926234,0.0,0.0,1.0845077,0.0,0.0,0.5466688,GSE155698,tumor
CELL_0817,0.0,0.0,0.0,0.0,0.0,0.0,0.0,0.0,0.0,0.0,0.0,0.0,0.0,0.0,0.0,0.0,0.0,0.0,0.0,0.0,0.0,0.0,0.0,3.2848647,0.0,0.0,0.0,0.0,0.0,0.0,0.0,0.0,0.0,0.0,0.0,0.0,0.0,0.0,0.0,0.0,0.0,0.0,0.0,0.0,0.0,0.0,0.0,2.7092402,0.0,0.0,2.7092402,0.0,0.0,0.46040225,GSE155698,tumor
CELL_0818,1.1706592,0.0,0.0,0.0,0.0,0.0,0.0,0.0,1.3719213,2.0896788,2.1111019,0.0,1.1706592,0.0,0.83254236,0.0,0.0,0.0,0.0,0.0,0.83254236,0.0,0.0,2.2758677,0.0,0.0,1.5109242,0.0,0.0,0.0,0.0,0.0,1.3719213,0.83254236,0.0,0.0,0.0,1.821453,0.0,0.83254236,0.0,0.0,0.0,0.0,0.0,0.0,0.0,0.83254236,2.1310117,0.0,0.0,0.0,0.0,0.43256474,GSE155698,tumor
CELL_0819,3.2567685,0.0,0.0,0.0,0.0,0.0,0.0,0.0,0.0,3.0437174,0.0,0.0,0.0,0.0,0.0,0.0,0.0,0.0,0.0,0.0,0.0,0.0,0.0,3.3654857,0.0,0.0,0.0,0.0,0.0,0.0,0.0,0.0,0.0,0.0,0.0,0.0,0.0,0.0,3.0437174,0.0,0.0,0.0,3.0437174,0.0,0.0,0.0,0.0,0.0,0.0,0.0,0.0,0.0,0.0,0.39020702,GSE155698,tumor
CELL_0820,2.4250426,0.0,0.0,0.0,0.0,0.0,0.0,0.0,1.5426948,1.5426948,2.0220315,0.0,1.5426948,0.0,1.8577058,0.0,0.0,0.0,0.0,0.0,0.0,0.0,0.0,2.0220315,0.0,0.0,0.0,0.0,0.0,0.0,0.0,0.0,0.0,0.0,0.0,0.0,0.0,0.0,0.0,0.0,0.0,0.0,2.7449646,0.0,2.0220315,0.0,0.0,2.6806996,2.4764261,0.0,0.0,0.0,0.0,0.75061274,GSE155698,tumor
CELL_0821,0.0,0.0,0.0,0.0,1.1191423,0.0,0.0,1.1191423,0.0,1.9931303,0.0,0.0,0.0,0.0,0.0,0.0,0.0,0.0,0.0,0.0,0.0,0.0,0.0,1.4583046,0.0,0.0,2.0420449,0.0,0.0,0.0,0.0,0.0,0.0,0.0,0.0,0.0,0.0,0.0,0.0,0.0,0.0,0.0,0.0,0.0,0.0,0.0,0.0,1.4583046,2.4315832,0.0,0.0,0.0,0.0,0.48612908,GSE155698,tumor
CELL_0822,0.0,0.0,0.0,0.0,0.0,0.0,0.0,0.0,0.0,0.0,0.0,0.0,3.0819042,0.0,3.0819042,0.0,0.0,0.0,0.0,0.0,0.0,0.0,0.0,3.5501394,0.0,0.0,0.0,0.0,0.0,0.0,0.0,0.0,0.0,0.0,0.0,0.0,0.0,0.0,0.0,0.0,0.0,0.0,0.0,0.0,0.0,0.0,0.0,0.0,0.0,0.0,0.0,0.0,0.0,0.39446858,GSE155698,tumor
CELL_0823,0.0,0.0,0.0,0.0,0.0,0.0,0.0,0.0,0.0,3.3249593,0.0,0.0,0.0,0.0,0.0,0.0,0.0,0.0,0.0,0.0,0.0,0.0,0.0,3.3249593,0.0,0.0,0.0,0.0,0.0,0.0,0.0,0.0,0.0,0.0,0.0,0.0,0.0,0.0,0.0,0.0,0.0,0.0,0.0,0.0,0.0,0.0,0.0,3.3249593,0.0,0.0,0.0,0.0,0.0,0.39323315,GSE155698,tumor
CELL_0824,2.0026865,0.0,0.0,0.0,1.1602643,0.0,0.0,1.604028,0.9691031,1.937453,0.0,0.0,0.0,0.0,1.6960423,2.0988553,0.0,0.0,0.0,0.0,0.0,0.0,0.0,2.5384157,0.0,0.0,1.4796755,0.6617839,0.0,1.6960423,0.0,1.8762201,0.9691031,1.2952979,0.0,0.0,0.0,1.1602643,0.0,0.0,0.0,0.6617839,0.0,0.0,0.0,0.0,0.6617839,2.0026865,0.6617839,0.0,0.9691031,0.0,0.0,0.392807,GSE155698,tumor
CELL_0825,3.1742394,0.0,0.0,0.0,0.0,0.0,2.9760377,0.0,0.0,3.096031,0.0,0.0,0.0,0.0,0.0,0.0,0.0,0.0,0.0,0.0,0.0,0.0,0.0,2.9760377,0.0,0.0,0.0,0.0,0.0,0.0,0.0,0.0,0.0,0.0,0.0,0.0,0.0,0.0,2.9760377,0.0,0.0,0.0,0.0,0.0,0.0,0.0,0.0,2.7396038,0.0,0.0,0.0,0.0,0.0,0.40097585,GSE155698,tumor
CELL_0826,0.0,0.0,0.0,0.0,0.0,0.0,0.0,0.0,0.0,2.75208,0.0,0.0,0.0,0.0,0.0,0.0,0.0,0.0,0.0,0.0,0.0,0.0,0.0,2.9904895,0.0,0.0,0.0,0.0,0.0,0.0,0.0,0.0,0.0,0.0,2.75208,0.0,0.0,0.0,0.0,0.0,0.0,0.0,0.0,0.0,0.0,0.0,0.0,3.3598943,3.111417,0.0,0.0,0.0,0.0,0.41289467,GSE155698,adjacent_normal
CELL_0827,0.0,0.0,0.0,0.0,1.638106,0.0,0.0,1.638106,0.0,2.3439798,0.0,0.0,0.0,0.0,0.0,0.0,0.0,0.0,0.0,0.0,0.0,0.0,0.0,0.0,0.0,0.0,2.2094502,0.0,0.0,0.0,0.0,0.0,0.0,1.638106,0.0,0.0,0.0,0.0,1.638106,0.0,0.0,0.0,2.5217874,0.0,0.0,0.0,0.0,2.2851558,2.619671,0.0,0.0,0.0,0.0,0.47330803,GSE155698,tumor
CELL_0828,2.019204,0.0,0.0,0.0,1.5148814,0.0,0.0,0.0,0.0,1.8456008,0.0,0.0,0.0,0.0,1.5148814,1.8456008,0.0,0.0,0.0,0.0,0.0,0.0,0.0,2.4993498,0.0,0.0,0.0,0.0,0.0,2.1328065,0.0,0.0,0.0,0.0,0.0,0.0,0.0,1.5148814,0.0,0.0,0.0,0.0,1.8456008,0.0,0.0,0.0,0.0,2.5964494,2.3319929,0.0,0.0,0.0,0.0,0.40426117,GSE155698,tumor
CELL_0829,0.0,0.0,0.0,2.6465838,0.0,0.0,0.0,0.0,0.0,2.6465838,0.0,0.0,0.0,0.0,2.6465838,0.0,0.0,0.0,0.0,0.0,0.0,0.0,0.0,2.6465838,0.0,0.0,0.0,0.0,0.0,0.0,0.0,0.0,0.0,0.0,0.0,0.0,0.0,0.0,0.0,0.0,0.0,0.0,0.0,0.0,0.0,0.0,0.0,0.0,0.0,0.0,0.0,0.0,0.0,0.3812029,GSE155698,tumor
CELL_0830,1.7152379,0.0,0.0,0.8904924,1.4116538,0.0,0.0,0.0,1.4116538,1.9483511,0.0,0.0,0.0,0.0,1.5419772,1.9642057,0.0,0.0,0.0,0.0,0.8904924,2.177402,0.0,2.5895033,0.0,0.0,1.6389679,1.5419772,0.0,1.9137925,0.0,0.0,1.0824792,1.0824792,0.0,0.0,0.0,1.93158,0.0,0.0,0.0,1.3265374,0.8904924,0.0,0.0,0.0,0.0,1.93158,0.0,0.0,0.5917588,0.0,0.0,0.502049,GSE155698,tumor
CELL_0831,0.9005489,0.0,0.0,0.0,1.6492485,0.0,0.0,0.0,0.0,1.7730032,0.0,0.0,0.0,0.0,0.7219521,0.45897543,0.0,0.0,0.0,0.0,1.0330621,0.7219521,0.45897543,1.9570687,0.0,0.0,1.8203164,0.0,0.0,0.0,0.0,0.0,0.7219521,0.9005489,0.0,0.0,0.0,0.0,0.45897543,0.0,0.0,1.1369536,0.0,0.0,0.0,0.0,0.0,1.5641266,1.8345613,0.7219521,0.0,0.0,0.0,0.42577484,GSE155698,tumor
CELL_0832,1.9170616,0.0,0.0,0.0,0.0,0.0,0.0,0.0,1.3025404,1.8640097,0.0,0.0,0.8008236,0.0,0.0,0.0,0.983561,0.0,0.0,0.0,0.52257586,0.0,0.0,2.398971,0.0,0.0,1.4304205,0.0,0.0,0.52257586,0.0,0.0,0.983561,0.8008236,0.0,0.0,0.0,0.52257586,0.0,0.0,0.0,0.8008236,0.0,0.0,0.0,0.0,0.8008236,2.1332762,1.8640097,0.0,0.52257586,0.0,0.0,0.44152987,GSE155698,tumor
CELL_0833,0.0,0.0,0.0,0.0,1.7830393,0.0,0.0,1.6517222,1.1047925,2.5600376,0.0,0.0,1.1047925,0.0,0.0,0.0,0.0,0.0,0.0,0.0,0.0,0.0,1.6517222,0.0,0.0,0.0,2.530713,0.0,0.0,0.0,0.0,0.0,0.0,1.8798229,0.0,0.0,0.0,1.1047925,1.6517222,0.0,0.0,0.0,1.4557964,0.0,0.0,0.0,0.0,2.5227137,2.8144286,0.0,1.1047925,0.0,0.0,0.49514174,GSE155698,tumor
CELL_0834,1.7755872,0.0,0.0,0.7163635,0.0,0.0,0.0,0.0,0.7163635,0.0,1.2183115,0.7163635,1.3508489,0.0,1.530207,0.7163635,0.0,0.0,0.0,0.0,0.0,0.0,0.0,1.8083245,0.0,0.0,0.0,0.0,0.0,0.7163635,0.0,1.3508489,1.7389989,1.2183115,0.0,0.0,0.0,0.7163635,2.0039372,0.0,0.0,0.0,2.1613193,0.0,0.0,0.7163635,0.7163635,1.6976686,1.0284909,0.0,1.3508489,0.0,0.0,0.6994234,GSE155698,tumor
CELL_0835,2.207889,0.0,0.0,0.0,1.3624139,0.0,0.0,0.0,1.0267931,2.1891263,0.0,0.0,0.0,0.0,2.2711976,0.0,0.0,0.0,0.0,0.0,1.3624139,1.3624139,1.6775492,2.6026127,0.0,0.0,1.550861,0.0,0.0,0.0,1.0267931,0.0,1.0267931,1.0267931,0.0,0.0,0.0,1.0267931,0.0,0.0,0.0,1.0267931,2.0962517,0.0,0.0,0.0,0.0,1.9966958,2.5849807,1.6775492,0.0,1.0267931,0.0,0.48034522,GSE155698,tumor
CELL_0836,3.4163816,2.9333458,0.0,0.0,0.0,0.0,0.0,0.0,0.0,0.0,0.0,0.0,0.0,0.0,0.0,0.0,0.0,0.0,0.0,0.0,0.0,0.0,0.0,0.0,0.0,0.0,0.0,0.0,0.0,0.0,0.0,2.9333458,2.9333458,0.0,0.0,0.0,0.0,0.0,0.0,0.0,0.0,0.0,0.0,0.0,0.0,0.0,0.0,0.0,0.0,0.0,2.9333458,0.0,0.0,0.1368709,GSE155698,tumor
CELL_0837,1.3843933,0.0,0.0,0.0,0.0,0.0,0.0,0.0,1.6085838,2.0729654,0.0,1.4745979,0.0,0.0,0.0,0.0,0.43549833,0.0,0.0,0.0,1.1099565,0.871338,0.43549833,2.5163207,0.0,0.0,1.4745979,0.0,0.0,0.43549833,0.0,0.0,0.0,1.1960584,0.0,0.0,0.0,0.43549833,0.0,0.0,0.0,0.0,1.4745979,0.0,0.0,0.0,0.0,2.2210844,2.5814736,1.4320642,1.0047053,0.0,0.0,0.43566582,GSE155698,tumor
CELL_0838,1.4789996,0.0,0.0,1.5102125,1.8798689,0.0,0.0,0.40449226,0.82019407,1.4072645,0.82019407,0.0,0.82019407,0.0,1.850729,2.0201454,0.0,0.0,1.051109,0.0,0.40449226,0.40449226,0.40449226,2.432242,0.0,0.0,1.9592762,1.2659978,0.0,2.0982482,0.0,0.6493622,0.82019407,0.6493622,0.0,0.0,0.0,1.7085322,0.0,0.0,0.0,1.4072645,0.94901365,0.0,0.0,0.0,0.0,1.7943587,0.0,0.0,0.82019407,0.0,0.0,0.6766304,GSE155698,tumor
CELL_0839,1.8881401,0.36530873,0.0,0.0,0.9970048,0.0,0.0,0.0,0.5984049,1.8881401,1.9651484,1.4709334,1.0822605,0.0,0.9970048,0.0,0.0,0.0,0.0,0.0,0.0,0.36530873,0.0,2.254752,0.0,0.0,0.5984049,0.0,0.0,0.0,0.0,1.0822605,1.6226376,0.76565385,0.36530873,0.0,0.0,0.5984049,0.5984049,0.0,0.0,0.0,0.0,0.0,0.8940221,0.36530873,0.36530873,1.1545224,2.1146586,0.0,0.9970048,0.0,0.0,0.39442676,GSE155698,tumor
CELL_0840,1.2541126,0.0,0.0,1.513392,1.74302,0.0,0.0,0.62007296,0.62007296,1.6679789,0.92369765,0.0,0.62007296,0.0,1.4437048,1.7075574,0.0,0.0,0.0,0.0,0.62007296,1.74302,0.62007296,2.5787914,0.0,0.0,1.7750705,1.116456,0.0,2.222444,0.0,1.2541126,2.1680255,0.0,0.0,0.0,0.0,1.623353,0.0,0.0,0.0,0.92369765,0.0,0.0,0.0,0.0,0.0,1.116456,0.0,0.0,0.62007296,0.0,0.0,0.6704197,GSE155698,tumor
CELL_0841,3.3305018,0.0,0.0,0.0,0.0,0.0,0.0,0.0,0.0,0.0,0.0,0.0,0.0,0.0,0.0,0.0,0.0,0.0,0.0,0.0,0.0,0.0,0.0,3.1234317,0.0,0.0,0.0,0.0,0.0,0.0,0.0,0.0,0.0,0.0,0.0,0.0,0.0,0.0,3.3305018,0.0,0.0,0.0,0.0,0.0,0.0,3.1234317,0.0,0.0,0.0,0.0,0.0,0.0,0.0,0.38325223,GSE155698,tumor
CELL_0842,1.1170357,0.0,0.0,0.0,0.0,0.0,0.0,1.9850423,1.1170357,2.4708314,0.0,0.0,0.0,0.0,0.0,0.0,0.0,0.0,0.0,0.0,0.0,0.0,0.0,1.9270408,0.0,0.0,0.0,0.0,0.0,0.0,0.0,0.0,1.4541034,1.9270408,0.0,0.0,0.0,0.0,2.0335977,0.0,0.0,0.0,0.0,0.0,0.0,0.0,0.0,2.6276243,2.6961255,0.0,0.0,0.0,0.0,0.48713824,GSE155698,tumor
CELL_0843,2.0762737,1.7687508,0.0,0.0,0.0,0.0,0.0,0.0,0.0,1.7687508,0.0,0.0,0.0,0.0,2.0762737,0.0,0.0,0.0,0.0,0.0,1.7687508,0.0,0.0,2.4704509,0.0,0.0,1.7687508,0.0,0.0,0.0,0.0,1.7687508,0.0,1.7687508,0.0,0.0,0.0,0.0,0.0,0.0,0.0,0.0,1.7687508,0.0,0.0,0.0,1.7687508,0.0,0.0,0.0,1.7687508,0.0,0.0,0.3870478,GSE155698,tumor
CELL_0844,2.1296198,1.5422157,0.0,0.0,0.0,0.0,0.0,0.0,0.4428018,2.017097,0.0,1.1133314,0.0,0.0,2.0875225,0.0,0.4428018,0.0,0.0,0.0,0.0,0.0,1.0096222,2.3357086,0.0,0.0,1.1133314,0.0,0.0,0.0,1.9648091,0.4428018,1.7351791,1.1979758,0.0,0.0,0.0,0.4428018,0.0,0.0,0.0,0.70097256,0.4428018,0.0,0.0,0.0,0.0,2.4241023,0.0,0.0,1.8780144,0.0,1.1979758,0.51968646,GSE155698,tumor
CELL_0845,0.6407734,0.0,0.0,1.134506,1.4541005,0.0,0.0,0.6407734,1.3721036,1.5789835,0.0,0.0,0.0,0.0,0.6407734,1.932542,0.0,0.0,0.6407734,0.0,0.0,1.134506,1.7750636,2.2689195,0.0,0.0,1.2693771,0.94431126,0.0,2.3756976,0.0,0.0,1.134506,1.134506,0.0,0.0,0.0,1.6283202,0.0,0.0,0.0,2.0669582,0.0,0.0,0.0,0.0,0.0,0.94431126,0.0,0.0,0.6407734,0.0,0.0,0.7089829,GSE155698,tumor
CELL_0846,1.8370461,0.0,0.0,1.2128428,2.0294876,0.0,0.0,1.3960376,0.0,1.5204256,0.89346254,0.0,1.2128428,0.0,1.7446469,0.0,0.0,0.0,0.0,0.0,0.0,1.9630114,0.89346254,2.2995665,0.0,0.0,2.1117764,0.89346254,0.0,2.3423953,0.0,0.89346254,1.2128428,0.0,0.0,0.0,0.0,1.3960376,0.0,0.0,0.0,1.6853955,0.89346254,0.0,0.0,0.0,0.0,1.6128151,0.0,0.0,1.6128151,0.0,0.0,0.69959205,GSE155698,tumor
CELL_0847,2.790661,0.0,0.0,0.0,0.0,0.0,2.566475,0.0,0.0,2.790661,0.0,2.2983966,0.0,0.0,0.0,0.0,0.0,0.0,0.0,0.0,0.0,0.0,0.0,0.0,0.0,0.0,0.0,0.0,0.0,0.0,0.0,0.0,2.2983966,0.0,0.0,0.0,0.0,2.2983966,2.790661,0.0,0.0,0.0,0.0,0.0,0.0,2.2983966,0.0,0.0,0.0,0.0,0.0,0.0,0.0,0.41739964,GSE155698,tumor
CELL_0848,2.3437908,0.42420912,0.0,0.0,0.0,0.24534346,2.3264701,0.0,0.24534346,1.8970886,0.0,1.20095,0.7688876,0.0,1.6493345,0.0,0.0,0.8485707,0.0,0.0,0.24534346,0.0,0.0,2.2355769,0.0,0.0,0.42420912,0.0,0.0,0.0,0.0,0.5630378,1.1643655,1.0322498,0.24534346,0.42420912,0.0,0.0,2.2620962,0.0,0.0,0.24534346,0.9783092,0.0,0.0,1.294929,1.8048813,2.2367043,2.6829624,0.0,1.6983906,0.0,0.0,0.44683686,GSE155698,tumor
CELL_0849,1.6689316,0.0,0.0,0.0,1.3407137,0.0,0.0,0.0,1.3407137,2.206085,0.0,0.0,0.0,0.0,0.0,0.0,0.0,0.0,0.0,0.0,0.0,0.0,0.0,1.3407137,0.0,0.0,1.6689316,0.0,0.0,0.0,0.0,0.0,0.0,1.6689316,0.0,0.0,0.0,0.0,0.0,0.0,0.0,0.0,2.0430818,0.0,0.0,0.0,0.0,2.244081,2.4470813,1.3407137,1.3407137,0.0,0.0,0.4662004,GSE155698,tumor
CELL_0850,2.0734982,0.0,0.0,0.0,1.1368827,0.0,1.9613746,0.0,0.37959003,1.9772065,1.214084,0.0,0.80041647,0.0,0.993952,0.37959003,0.0,0.0,0.0,0.0,0.37959003,0.0,0.0,2.5728872,0.0,0.0,0.87243056,1.5857588,0.993952,0.0,0.0,0.87243056,0.21427296,0.93646485,0.5129674,0.21427296,0.0,0.21427296,2.0620546,0.0,0.0,0.0,0.21427296,0.0,0.0,0.21427296,1.48001,1.6937428,2.6980267,0.0,0.21427296,0.0,0.0,0.38889182,GSE155698,tumor
CELL_0851,2.5834515,0.0,0.0,0.0,0.0,0.0,0.0,0.0,0.0,0.0,0.0,0.0,0.0,0.0,0.0,0.0,0.0,0.0,0.0,0.0,0.0,2.5834515,0.0,0.0,0.0,0.0,2.5834515,0.0,0.0,0.0,0.0,0.0,0.0,0.0,0.0,0.0,0.0,0.0,2.5834515,0.0,0.0,0.0,0.0,0.0,0.0,0.0,0.0,0.0,0.0,0.0,0.0,0.0,0.0,0.38329652,GSE155698,tumor
CELL_0852,1.8886678,0.61441153,0.0,0.61441153,0.0,0.0,0.0,0.0,0.0,2.0430608,0.0,1.2375827,0.0,0.0,0.0,0.0,0.0,0.0,0.0,0.0,0.0,0.0,0.0,2.3266525,0.0,0.0,0.61441153,0.0,0.0,0.61441153,0.0,0.913381,1.6426181,1.2375827,0.0,0.0,0.0,1.1026391,0.913381,0.0,0.0,0.0,1.6813289,0.0,0.0,0.0,0.0,2.0915082,0.0,0.0,2.1854274,0.0,0.0,0.5460832,GSE155698,tumor
CELL_0853,0.0,0.0,0.0,0.0,0.0,0.0,0.0,2.0206482,0.0,2.3086717,0.0,0.0,0.0,0.0,0.0,0.0,0.0,0.0,0.0,0.0,0.0,0.0,0.0,0.0,0.0,0.0,2.5506532,0.0,0.0,0.0,0.0,0.0,0.0,0.0,0.0,0.0,0.0,2.0206482,0.0,0.0,0.0,0.0,0.0,0.0,0.0,0.0,0.0,2.8126953,2.6199424,0.0,0.0,0.0,0.0,0.44420147,GSE155698,tumor
CELL_0854,1.9987363,0.4022276,0.0,1.0555896,0.0,0.0,0.0,0.0,1.4193109,1.9306799,0.0,1.3288457,0.0,0.0,1.8029758,0.0,0.0,0.0,0.0,0.0,0.4022276,1.4578003,1.3288457,2.5915258,0.0,0.0,1.2129406,0.0,0.0,0.4022276,1.4193109,0.0,0.0,1.2748183,0.0,0.0,0.0,0.64833415,0.0,0.0,0.0,1.0555896,1.9129579,0.0,0.0,0.0,0.0,2.327521,0.0,0.0,2.0528507,0.0,0.0,0.51347977,GSE155698,tumor
CELL_0855,1.9923698,0.0,0.0,0.0,0.0,0.0,0.0,0.0,1.3990178,1.8827186,0.0,0.0,0.0,0.0,0.0,0.0,0.0,0.0,0.0,0.0,0.0,1.05993,0.0,2.0351555,0.0,0.0,0.0,0.0,0.0,1.8093933,0.0,2.3094797,2.3593192,0.0,0.0,0.0,0.0,0.0,1.5885141,0.0,0.0,1.05993,1.3990178,0.0,0.0,0.0,0.0,2.1611607,1.8827186,0.0,0.0,0.0,0.0,0.43027565,GSE155698,tumor
CELL_0856,1.7377002,0.0,0.0,1.3774837,0.0,0.0,0.0,0.0,1.1458043,1.9024153,0.0,0.0,0.0,0.0,0.657115,0.0,0.0,0.0,0.0,0.0,0.0,0.0,0.0,2.185564,0.0,0.0,1.1458043,0.0,0.0,0.0,0.0,0.0,0.657115,0.657115,0.0,0.0,0.0,0.0,1.1458043,0.0,0.0,0.0,0.0,0.0,0.0,0.0,0.657115,1.7948729,2.1797864,0.0,1.3774837,0.0,0.0,0.43223307,GSE155698,tumor
CELL_0857,1.6272895,0.0,0.0,0.0,0.9256768,0.0,0.0,0.62131834,0.0,1.5170071,0.9256768,0.0,0.62131834,0.0,0.0,0.0,0.0,0.0,0.0,0.0,0.0,0.0,0.0,1.7117394,0.0,0.0,0.62131834,0.0,0.0,0.0,0.0,1.7117394,1.9925311,1.2569822,0.0,0.0,0.0,1.2569822,0.0,0.0,0.0,0.0,0.0,0.0,0.0,0.0,0.0,1.6272895,2.2155163,0.0,1.1189444,0.0,0.0,0.41782516,GSE155698,tumor
CELL_0858,2.5103996,0.0,0.0,0.0,0.0,0.0,0.0,0.0,0.0,2.5103996,0.0,0.0,0.0,0.0,0.0,0.0,0.0,0.0,0.0,0.0,0.0,0.0,0.0,2.9709625,0.0,0.0,0.0,0.0,0.0,0.0,0.0,0.0,0.0,0.0,0.0,0.0,0.0,0.0,2.9709625,0.0,0.0,0.0,0.0,0.0,0.0,2.5103996,0.0,2.5103996,0.0,0.0,2.5103996,0.0,0.0,0.39760816,GSE155698,tumor
CELL_0859,0.0,0.0,0.0,1.3611828,1.3611828,0.0,0.0,0.0,0.0,2.111893,0.0,0.0,1.6830729,0.0,0.0,1.3611828,0.0,0.0,0.0,0.0,1.3611828,0.0,1.9660982,2.393122,0.0,0.0,2.206976,0.0,0.0,0.0,0.0,0.0,0.0,0.0,0.0,0.0,0.0,0.0,0.0,0.0,0.0,1.3611828,2.4938087,0.0,0.0,0.0,0.0,0.0,1.3611828,0.0,0.0,0.0,0.0,0.4459778,GSE155698,tumor
CELL_0860,1.9192289,0.0,0.0,0.89475876,0.0,0.5973095,0.0,0.89475876,0.89475876,2.0514576,0.0,0.0,0.5973095,0.0,0.0,0.0,0.0,0.0,0.0,0.0,0.0,0.0,0.0,2.345333,0.0,0.0,1.0848128,0.0,0.0,0.0,0.0,0.0,0.89475876,0.89475876,0.0,0.0,0.0,1.2210113,0.5973095,0.0,0.0,0.0,1.0848128,0.0,0.0,0.0,0.5973095,1.7071275,2.2797232,0.0,0.5973095,0.0,0.0,0.47593457,GSE155698,tumor
CELL_0861,1.4983506,1.2449244,0.0,0.0,0.0,0.0,0.0,1.1100211,0.0,2.026139,0.0,0.0,0.0,0.0,0.9205669,0.62054414,0.0,0.0,0.0,0.0,0.0,0.0,0.9205669,2.475677,0.0,0.0,1.9608452,0.0,0.0,1.7536148,0.0,0.62054414,1.9608452,1.2449244,0.0,0.0,0.0,1.975231,0.0,0.62054414,0.0,0.9205669,0.62054414,0.0,0.0,0.0,0.0,1.1100211,1.6056509,0.0,0.0,0.0,0.0,0.4246485,GSE155698,tumor
CELL_0862,0.9495094,0.0,0.0,0.0,0.9495094,0.0,0.0,0.0,0.0,2.1753683,1.499438,0.0,0.0,0.0,0.0,0.0,0.0,0.0,0.0,0.0,0.0,0.0,0.0,2.3423283,0.0,0.0,0.9495094,0.0,0.0,0.9495094,0.0,0.0,0.9495094,0.0,0.0,0.0,0.0,0.9495094,1.6366482,0.9495094,0.0,0.0,1.499438,0.0,0.0,0.0,0.0,2.1753683,1.499438,0.0,0.0,0.0,0.0,0.4402516,GSE155698,tumor
CELL_0863,1.988796,0.0,0.0,0.0,1.7099246,0.0,0.0,0.0,0.0,1.391334,0.0,0.0,1.7099246,0.0,0.0,0.0,0.0,0.0,0.0,0.0,0.0,0.0,0.0,1.391334,0.0,0.0,1.391334,0.0,0.0,0.0,0.0,0.0,0.0,0.0,1.391334,0.0,0.0,0.0,1.391334,0.0,0.0,0.0,0.0,0.0,0.0,1.391334,0.0,2.2939997,2.55785,0.0,0.0,0.0,0.0,0.40056017,GSE155698,tumor
CELL_0864,2.416312,0.0,0.0,0.0,1.8353596,0.0,0.0,0.0,0.0,2.1411252,0.0,1.3492664,1.6669,0.0,1.3492664,0.0,0.0,0.0,0.0,0.0,0.0,0.0,0.0,2.5082557,0.0,0.0,0.0,0.0,0.0,0.0,0.0,0.0,1.3492664,1.6669,0.0,0.0,0.0,0.0,1.8353596,0.0,0.0,0.0,0.0,0.0,0.0,1.3492664,1.3492664,1.3492664,0.0,0.0,1.8353596,0.0,0.0,0.3913875,GSE155698,tumor
CELL_0865,1.7456137,0.0,0.0,0.0,0.66703826,0.0,0.0,1.1828536,0.9838917,2.1698906,0.66703826,0.0,0.9838917,0.0,0.0,0.0,0.0,0.0,0.0,0.0,0.66703826,1.3241103,0.66703826,2.4685876,0.0,0.0,0.0,0.0,0.0,0.0,0.0,0.66703826,0.9838917,1.1828536,0.9838917,0.0,0.0,0.9838917,0.0,0.0,0.0,0.66703826,0.0,0.0,0.0,0.0,0.0,2.1997309,2.4190788,0.0,0.0,0.0,0.0,0.46986222,GSE155698,tumor
CELL_0866,0.0,0.0,0.0,0.0,0.0,0.0,0.0,1.8984013,0.0,2.7087305,0.0,0.0,0.0,0.0,0.0,0.0,0.0,0.0,0.0,0.0,0.0,0.0,0.0,0.0,0.0,0.0,2.3784738,0.0,1.8984013,2.3784738,0.0,0.0,0.0,0.0,0.0,0.0,0.0,0.0,0.0,0.0,0.0,0.0,0.0,0.0,0.0,0.0,0.0,2.6684484,0.0,0.0,0.0,0.0,0.0,0.4657827,GSE155698,tumor
CELL_0867,2.4476008,0.0,0.0,0.0,0.0,0.0,1.1505586,0.0,0.0,1.7725459,0.0,1.3436581,1.3436581,0.0,1.5759494,0.0,0.0,0.0,0.0,0.0,0.0,0.0,0.0,2.286002,0.0,0.0,1.1505586,0.0,0.0,0.0,0.0,0.0,0.0,0.8236275,0.0,0.0,0.0,0.8236275,1.6543775,0.0,0.0,0.0,0.0,0.0,0.0,1.1505586,1.7725459,2.1461008,2.7402503,0.0,2.0281036,2.3392315,0.0,0.38035607,GSE155698,tumor
CELL_0868,2.8516936,0.0,0.0,0.0,0.0,1.8603945,0.0,0.0,0.0,0.0,0.0,0.0,0.0,0.0,0.0,0.0,0.0,0.0,0.0,0.0,0.0,0.0,0.0,2.7619631,0.0,0.0,0.0,0.0,0.0,2.1454544,0.0,0.0,1.8603945,0.0,0.0,2.1454544,1.8603945,0.0,0.0,0.0,0.0,0.0,0.0,0.0,0.0,0.0,1.8603945,0.0,0.0,0.0,0.0,0.0,0.0,0.2569499,GSE155698,tumor
CELL_0869,0.0,0.0,0.0,1.5149581,1.998861,0.0,0.0,1.4191008,0.5141606,1.2079228,0.0,0.0,0.0,0.0,1.2079228,1.7047106,0.0,0.0,0.7902855,0.0,0.0,2.2329047,0.7902855,2.0728073,0.0,1.2910395,2.139354,0.5141606,0.0,2.39401,0.0,2.0528328,2.1831768,0.7902855,0.0,0.0,0.0,1.5548255,0.0,1.2910395,0.0,0.97230613,1.2910395,0.0,0.0,0.0,0.5141606,0.0,0.0,0.0,1.2079228,0.0,0.0,0.52359015,GSE155698,tumor
CELL_0870,1.9606557,1.1458406,0.0,0.0,0.32967746,0.0,0.0,0.0,0.70651066,2.0777664,1.1998539,1.3980556,1.1998539,0.0,0.547365,0.0,0.0,0.0,0.0,0.0,0.0,0.0,0.0,2.125852,0.0,0.0,0.8301295,0.0,0.0,0.0,0.0,0.32967746,1.0134325,0.8301295,1.0843714,0.32967746,0.0,0.32967746,1.778907,0.0,0.0,0.0,0.9301326,0.0,0.0,1.0843714,0.70651066,2.0969634,2.5759487,0.0,0.8301295,0.0,0.0,0.37914956,GSE155698,tumor
CELL_0871,0.0,0.0,0.0,0.0,0.0,0.0,0.0,0.0,0.0,1.5888995,0.0,0.0,0.0,0.0,0.0,0.0,0.0,0.0,0.0,0.0,0.0,0.0,1.881413,2.2039895,0.0,0.0,1.5888995,0.0,0.0,2.032934,0.0,2.032934,1.5888995,0.0,0.0,0.0,0.0,1.881413,0.0,0.0,0.0,0.0,0.0,0.0,0.0,0.0,0.0,0.0,1.5888995,0.0,1.881413,0.0,0.0,0.3661867,GSE155698,tumor
CELL_0872,0.0,0.0,0.0,0.0,0.0,0.0,0.0,0.0,0.0,0.0,0.0,3.6851757,0.0,0.0,0.0,0.0,0.0,0.0,0.0,0.0,0.0,0.0,0.0,0.0,0.0,0.0,0.0,0.0,0.0,0.0,0.0,3.2092605,3.2092605,0.0,0.0,0.0,0.0,0.0,0.0,0.0,0.0,0.0,0.0,0.0,0.0,0.0,0.0,0.0,4.401237,0.0,0.0,0.0,0.0,0.5074756,GSE155698,adjacent_normal
CELL_0873,1.8358914,0.0,0.0,0.0,1.8358914,0.0,0.0,1.8358914,0.0,0.0,0.0,0.0,0.0,0.0,0.0,0.0,0.0,0.0,0.0,0.0,0.0,0.0,2.1176085,2.355794,0.0,0.0,0.0,0.0,0.0,0.0,0.0,0.0,0.0,0.0,0.0,0.0,0.0,0.0,0.0,0.0,0.0,1.8358914,0.0,0.0,0.0,0.0,0.0,0.0,2.355794,0.0,2.1176085,0.0,0.0,0.47301885,GSE155698,tumor
CELL_0874,2.0553422,0.7973201,1.9930006,1.6280242,1.214694,0.0,0.0,0.0,0.7973201,1.9650414,0.9794722,1.4250996,0.7973201,0.0,1.4250996,0.520085,0.0,0.0,0.0,0.0,1.1120478,0.0,0.0,2.368787,0.0,0.0,0.0,0.0,0.0,0.0,1.214694,0.0,1.8269877,0.7973201,0.0,0.0,0.0,0.0,0.7973201,0.0,0.0,0.520085,2.0687587,0.0,0.0,0.0,0.0,2.026099,1.9746985,0.0,1.5957876,0.0,0.0,0.4333702,GSE155698,tumor
CELL_0875,2.1670544,1.2773522,0.0,0.0,1.2773522,0.0,0.0,0.938207,1.2773522,1.6052238,1.6052238,0.0,1.4725507,0.0,1.7811705,1.6052238,0.938207,0.0,0.0,0.0,0.938207,0.0,1.4725507,2.3833094,0.0,0.0,0.0,1.4725507,0.0,1.2773522,0.0,0.938207,1.4725507,0.0,0.0,0.0,0.0,0.0,0.0,0.0,0.0,1.2773522,1.9822845,0.0,0.0,0.938207,0.0,2.0484607,0.938207,0.0,1.703775,0.0,0.0,0.7847231,GSE155698,tumor
CELL_0876,1.6490557,0.0,0.0,1.2879732,1.8194156,0.0,0.0,0.0,0.7880699,1.8194156,0.7880699,1.2879732,0.0,0.0,0.0,1.102251,0.0,0.0,0.0,0.0,0.0,0.0,0.0,2.2556424,0.0,0.0,1.5871661,0.0,0.0,0.7880699,0.0,0.0,0.0,0.7880699,0.0,0.0,0.0,0.0,1.4158587,0.0,0.0,1.102251,0.0,0.0,0.0,0.0,0.7880699,2.1907794,2.4804742,0.0,0.0,0.0,0.0,0.42692465,GSE155698,tumor
CELL_0877,1.8900001,0.0,0.0,0.0,1.5929301,0.0,0.0,0.0,0.0,1.8900001,0.0,0.0,0.0,0.0,0.0,1.2609153,0.0,0.0,0.0,0.0,0.0,0.0,0.0,2.3767598,0.0,0.0,0.0,0.0,0.0,1.2609153,1.2609153,1.2609153,1.2609153,1.2609153,0.0,0.0,0.0,0.0,0.0,0.0,0.0,0.0,1.9765447,0.0,0.0,0.0,0.0,2.0439508,0.0,0.0,1.5929301,0.0,0.0,0.8274536,GSE155698,tumor
CELL_0878,1.6544493,0.0,0.0,0.0,1.6544493,0.0,0.0,0.0,0.69076544,2.2103462,0.0,1.0068063,0.0,0.0,0.0,0.0,0.0,0.0,0.0,0.0,0.69076544,0.0,0.0,2.2103462,0.0,0.0,0.0,0.0,0.0,0.0,0.0,0.0,0.0,1.0068063,1.0068063,0.0,0.0,0.69076544,0.0,0.0,0.0,0.0,0.69076544,0.0,0.0,0.0,0.0,1.4448081,1.852241,0.0,0.0,0.0,0.0,0.4040879,GSE155698,tumor
CELL_0879,1.6582059,0.0,0.0,0.383386,0.383386,0.0,0.0,0.6222226,0.0,1.9661571,0.6222226,0.0,0.92013425,0.0,0.0,0.0,0.0,0.0,0.0,0.0,0.0,0.0,0.383386,2.4297156,0.0,0.0,0.92013425,0.0,0.0,0.0,0.0,0.0,1.9451993,0.383386,0.0,0.0,0.0,1.24065,0.0,0.0,0.0,0.0,0.6222226,0.0,0.0,0.0,0.6222226,0.92013425,2.3538349,0.0,0.0,0.0,0.0,0.43792757,GSE155698,tumor
CELL_0880,1.5377004,0.0,0.0,1.3946491,0.0,0.0,0.0,1.592211,1.6801872,1.9278169,0.0,0.0,0.9795275,0.0,0.9795275,0.0,0.0,0.0,0.0,0.0,0.67653966,0.9795275,1.9731482,2.4574573,0.0,0.0,1.5377004,0.0,0.0,0.0,1.3946491,0.0,0.67653966,1.1654779,0.0,0.0,0.0,0.0,0.0,0.67653966,0.0,0.0,1.3946491,0.0,0.0,0.0,0.0,1.9866599,0.0,0.0,0.0,0.67653966,0.0,0.44421494,GSE155698,tumor
CELL_0881,0.0,0.0,0.0,0.0,1.512162,0.0,0.0,0.0,0.0,1.512162,0.0,0.0,0.0,0.0,0.0,0.0,0.0,0.0,0.0,0.0,0.0,1.512162,0.0,2.061262,0.0,0.0,0.0,0.0,0.0,0.0,0.0,1.512162,2.1860762,0.0,0.0,0.0,0.0,0.0,1.512162,0.0,0.0,1.512162,1.512162,0.0,0.0,0.0,0.0,2.061262,2.9965792,0.0,1.512162,0.0,0.0,0.4275408,GSE155698,tumor
CELL_0882,2.2349021,1.9324671,0.0,1.2119744,1.7251726,0.0,0.0,0.0,2.0563247,2.142504,0.0,0.0,0.0,0.0,1.5446916,1.5446916,0.0,0.0,0.0,0.0,0.0,1.2119744,2.4903634,2.5212836,0.0,0.0,0.0,0.0,0.0,0.0,0.0,0.0,0.0,1.2119744,0.0,0.0,0.0,0.0,2.0563247,0.0,0.0,0.0,0.0,0.0,0.0,0.0,0.0,2.1027691,2.2594855,0.0,1.2119744,0.0,0.0,0.46700954,GSE155698,tumor
CELL_0883,2.2690344,1.2814703,0.0,0.0,1.2814703,0.0,0.0,1.9116312,1.2814703,2.1658478,1.2814703,0.0,0.0,0.0,1.7934384,0.0,0.0,0.0,0.0,0.0,0.0,0.0,0.0,2.5913434,0.0,0.0,1.2814703,0.0,0.0,0.0,0.0,0.0,0.0,1.2814703,0.0,0.0,0.0,1.6144454,0.0,0.0,0.0,0.0,1.9981214,0.0,0.0,1.2814703,0.0,1.7934384,2.4556918,0.0,2.1201298,0.0,0.0,0.38917392,GSE155698,tumor
CELL_0884,1.2099141,0.0,0.0,1.5098563,2.048334,0.0,0.0,0.0,1.3887194,1.6369605,1.2099141,0.0,0.0,0.0,1.8177459,1.7530817,0.0,0.0,1.3887194,0.0,0.60549366,2.0917509,0.89646256,2.316949,0.0,1.8539131,1.8364146,0.60549366,0.0,2.2592556,0.0,0.60549366,1.5098563,1.2099141,0.0,0.0,0.0,1.3887194,0.0,0.60549366,0.0,0.60549366,0.60549366,0.0,0.0,0.0,0.0,1.5577687,0.0,0.0,1.7530817,0.0,0.0,0.7160117,GSE155698,tumor
CELL_0885,1.2690116,0.0,0.0,1.4017084,1.9987676,0.0,0.0,0.0,0.7593505,1.2690116,0.0,0.0,0.0,0.0,1.9119701,2.033646,0.0,0.0,0.0,0.0,0.0,0.0,0.0,2.3414636,0.0,0.0,1.9363128,0.0,0.0,2.3182323,0.0,0.7593505,1.0777655,1.0777655,0.0,0.0,0.0,1.4017084,0.0,0.0,0.7593505,1.4017084,0.7593505,0.0,0.0,0.0,0.0,1.9119701,0.0,0.0,0.7593505,0.0,0.0,0.67983025,GSE155698,tumor
CELL_0886,1.3617496,0.0,0.0,1.2221901,0.0,0.0,0.0,0.0,0.7034375,1.9587668,0.0,0.0,0.0,0.0,0.0,0.0,0.0,0.0,0.0,0.0,0.0,0.0,0.0,2.164946,0.0,0.0,0.7034375,0.0,0.0,0.7034375,0.0,0.0,1.3617496,1.2221901,0.0,0.0,0.0,1.0239949,0.7034375,0.0,0.0,0.0,0.0,0.0,0.0,0.0,0.0,1.6211271,2.1417105,0.0,0.0,0.0,0.0,0.4728922,GSE155698,tumor
CELL_0887,2.0553486,1.2445892,1.5230322,1.4424863,1.7896323,0.0,0.0,1.394961,0.44297984,1.8822906,0.79974395,1.4848752,0.7031139,0.0,0.25685388,1.6451588,0.0,0.0,0.0,0.0,0.25685388,0.0,0.7031139,2.5344207,0.0,0.0,0.9531246,0.44297984,0.0,1.5407467,0.0,0.0,0.25685388,0.9531246,0.0,0.58693576,0.0,0.44297984,0.44297984,0.0,0.0,0.44297984,1.394961,0.0,0.0,0.0,0.0,2.3166509,2.2056463,0.0,0.44297984,0.0,0.0,0.43762648,GSE155698,tumor
CELL_0888,1.457924,0.0,0.0,1.5551898,2.0534737,0.0,0.0,1.3278319,0.8171101,1.6946832,0.0,0.8171101,0.0,0.0,1.6946832,2.0175126,0.0,0.0,0.8171101,0.0,0.0,0.0,0.0,2.3346803,0.0,0.0,2.18185,1.3278319,0.0,2.5064628,0.0,0.8171101,1.9758923,0.0,0.0,0.0,0.0,1.457924,0.0,1.457924,0.0,1.457924,0.8171101,0.0,0.0,0.0,0.0,1.457924,0.0,0.0,0.0,0.0,0.0,0.6405703,GSE155698,tumor
CELL_0889,1.5472538,0.0,0.0,1.0126787,0.0,0.0,0.0,1.0126787,1.0126787,1.8492504,0.0,0.0,0.0,0.0,0.0,0.0,0.0,0.0,0.0,0.0,1.0126787,0.0,0.0,1.3541225,0.0,0.0,1.0126787,0.0,0.0,0.0,0.0,0.0,1.7738072,1.0126787,0.0,0.0,0.0,1.3541225,1.0126787,0.0,0.0,1.0126787,1.0126787,0.0,0.0,0.0,0.0,2.0447178,2.1089225,0.0,0.0,0.0,0.0,0.42040142,GSE155698,tumor
CELL_0890,1.5438477,0.0,0.0,0.0,0.75633806,0.0,0.0,0.0,0.0,1.9611377,0.0,0.0,1.0895941,0.0,0.0,0.0,0.0,0.0,0.0,0.0,0.0,0.0,0.75633806,2.3411248,0.0,0.0,1.0895941,0.0,0.0,1.0895941,0.0,1.4360427,2.2990577,1.2933723,0.0,0.0,0.0,1.4360427,1.0895941,0.0,0.0,0.0,0.0,0.0,0.0,0.0,0.0,1.6294278,2.0165632,0.0,1.5438477,0.0,0.0,0.44552758,GSE155698,tumor
CELL_0891,0.0,0.0,0.0,0.0,0.0,0.0,0.0,0.0,0.0,0.0,0.0,0.0,0.0,0.0,0.0,0.0,0.0,0.0,0.0,0.0,0.0,0.0,0.0,1.9840146,0.0,0.0,2.4672463,0.0,0.0,0.0,0.0,0.0,0.0,0.0,0.0,0.0,0.0,1.9840146,0.0,0.0,0.0,0.0,0.0,0.0,0.0,0.0,0.0,0.0,0.0,0.0,0.0,0.0,0.0,0.49606094,GSE155698,tumor
CELL_0892,2.0261996,0.0,0.0,0.0,2.688933,0.0,0.0,2.0261996,2.0261996,2.5298555,0.0,0.0,0.0,0.0,0.0,0.0,0.0,0.0,0.0,0.0,0.0,0.0,0.0,2.5958605,0.0,0.0,0.0,0.0,0.0,2.0261996,0.0,0.0,0.0,0.0,0.0,0.0,0.0,0.0,0.0,0.0,0.0,0.0,2.7238858,0.0,0.0,0.0,0.0,2.0261996,2.0261996,0.0,0.0,0.0,0.0,0.45226878,GSE155698,tumor
CELL_0893,0.0,2.422067,0.0,1.9142563,0.0,0.0,0.0,0.0,0.0,1.1868441,0.0,0.0,0.0,0.0,0.0,0.0,0.0,0.0,0.0,0.0,0.0,0.0,1.8253509,2.0399039,0.0,0.0,0.0,0.0,0.0,0.0,0.0,0.0,0.0,0.0,0.0,0.0,0.0,0.0,0.0,0.0,0.0,0.0,1.9142563,0.0,0.0,0.0,0.0,0.0,1.5216838,1.7041832,0.0,0.0,0.0,0.3948802,GSE155698,tumor
CELL_0894,2.874263,0.0,0.0,0.0,0.0,0.0,0.0,0.0,0.0,0.0,2.874263,2.6437104,0.0,0.0,0.0,0.0,0.0,0.0,0.0,0.0,0.0,0.0,0.0,2.9915223,0.0,0.0,0.0,0.0,0.0,0.0,0.0,0.0,2.6437104,0.0,0.0,0.0,0.0,0.0,0.0,0.0,0.0,0.0,0.0,0.0,0.0,0.0,2.6437104,0.0,0.0,0.0,0.0,0.0,0.0,0.38544998,GSE155698,tumor
CELL_0895,2.5440042,2.3134427,0.0,0.0,0.0,0.88442016,0.0,0.0,0.0,2.0433326,0.0,1.6164396,1.2080084,0.0,2.1275856,0.0,0.0,1.521887,0.0,0.88442016,0.0,0.0,0.0,1.3947542,0.0,0.0,0.0,0.0,2.256246,0.88442016,0.0,0.88442016,2.0433326,0.88442016,0.0,0.88442016,1.3947542,0.0,1.2080084,0.0,0.0,0.0,0.0,0.0,2.141464,0.0,2.4033728,0.0,1.521887,0.0,0.0,1.2080084,0.0,0.10352527,GSE155698,adjacent_normal
CELL_0896,1.9432462,0.0,0.0,0.0,0.0,0.0,0.0,0.0,1.3478271,2.4295905,1.8770252,0.9913091,1.5529691,0.0,0.0,0.0,0.0,0.0,0.0,0.0,0.0,0.0,0.0,2.1863937,0.0,0.0,0.9913091,0.0,0.0,0.0,0.0,0.9913091,1.3478271,1.6923434,0.0,0.0,0.0,1.3478271,1.3478271,0.0,0.0,0.0,1.5529691,0.0,0.0,0.0,0.0,2.1863937,1.9432462,0.0,1.3478271,0.0,0.0,0.4691631,GSE155698,tumor
CELL_0897,1.6693015,0.0,0.0,0.0,0.9922458,0.0,1.3382939,0.9922458,0.9922458,2.2118967,0.0,0.0,0.0,0.0,0.0,0.0,0.0,0.0,0.0,0.0,0.0,0.9922458,1.3382939,1.9622302,0.0,0.0,1.5356958,0.0,0.0,0.0,0.0,0.0,0.0,0.9922458,0.0,0.0,0.0,0.0,0.0,0.0,0.0,0.0,0.0,0.0,0.0,0.0,0.0,2.2675233,1.3382939,0.0,0.0,0.0,0.0,0.50301594,GSE155698,tumor
CELL_0898,1.643402,0.0,0.0,0.0,1.2879698,0.0,0.0,0.5617981,0.85401285,1.8414627,0.0,0.0,0.0,0.0,0.0,0.85401285,0.0,0.0,0.0,0.0,0.0,0.0,0.0,2.1189947,0.0,0.0,1.4444554,0.0,0.0,1.1817786,0.0,1.1817786,1.7128965,1.0441428,0.0,0.0,0.0,0.5617981,1.0441428,0.0,0.0,1.2879698,1.2879698,0.0,0.0,0.0,0.0,1.643402,2.2456784,0.0,1.5569369,0.0,0.0,0.45118356,GSE155698,tumor
CELL_0899,1.4019208,0.0,0.0,0.0,0.0,0.0,0.0,0.0,0.0,2.6910768,2.3585403,0.0,0.0,0.0,0.0,0.0,0.0,0.0,0.0,0.0,0.0,0.0,1.4019208,1.7801296,0.0,0.0,1.4019208,0.0,0.0,1.4019208,0.0,0.0,0.0,0.0,0.0,0.0,0.0,0.0,1.4019208,0.0,0.0,0.0,0.0,0.0,0.0,0.0,0.0,2.9868345,3.1727808,0.0,0.0,0.0,0.0,0.48891464,GSE155698,tumor
CELL_0900,0.0,0.0,0.0,0.0,0.0,0.0,0.0,0.0,0.0,0.0,0.0,0.0,0.0,0.0,0.0,0.0,0.0,0.0,0.0,0.0,0.0,0.0,0.0,0.0,0.0,0.0,0.0,0.0,0.0,0.0,0.0,0.0,0.0,0.0,0.0,0.0,0.0,0.0,3.0306697,0.0,0.0,0.0,0.0,0.0,0.0,0.0,0.0,0.0,0.0,0.0,3.0306697,0.0,0.0,0.3823615,GSE155698,tumor
CELL_0901,1.7869107,0.0,0.0,0.59371084,0.59371084,0.0,0.0,0.0,1.0791311,1.9847575,0.0,1.4023153,0.8898266,0.0,1.4713745,0.0,0.0,0.0,0.0,0.0,0.0,0.0,0.0,2.1070704,0.0,0.0,1.214832,0.0,0.0,0.0,0.0,0.8898266,1.3188852,0.59371084,0.0,0.0,0.0,0.0,0.0,0.0,0.0,0.0,1.6993952,0.0,0.0,0.0,0.0,2.1514466,0.0,0.0,1.9109212,0.0,0.0,0.5360779,GSE155698,tumor
CELL_0902,0.0,2.5982804,0.0,0.0,0.0,0.0,0.0,0.0,0.0,2.1706476,0.0,0.0,0.0,0.0,1.8709869,1.8709869,0.0,0.0,0.0,0.0,0.0,0.0,1.8709869,2.6364937,0.0,0.0,2.5525992,0.0,0.0,0.0,0.0,0.0,0.0,0.0,0.0,0.0,0.0,0.0,2.6977003,0.0,0.0,0.0,2.1706476,0.0,0.0,0.0,0.0,1.8709869,0.0,0.0,0.0,0.0,0.0,0.38672113,GSE155698,tumor
CELL_0903,1.3064538,0.0,0.0,0.9614222,0.0,0.0,0.0,0.0,0.0,1.9592872,0.0,0.0,0.6450798,0.0,0.0,0.0,0.0,0.0,0.0,0.0,0.0,0.6450798,1.6393648,2.2272105,0.0,0.0,1.5047212,0.0,0.0,2.0397325,0.0,2.1883287,2.2688591,0.6450798,0.0,0.0,0.0,0.6450798,0.0,0.0,0.0,1.5776205,0.9614222,0.0,0.0,0.0,0.0,2.1883287,2.3635023,0.0,0.6450798,0.6450798,0.0,0.43878654,GSE155698,tumor
CELL_0904,0.51234746,0.0,0.0,0.9554051,1.4699835,0.0,0.0,0.78061867,1.3795475,1.8159109,0.51234746,0.0,0.0,0.0,1.7100159,1.571849,0.0,0.0,0.51234746,0.0,0.78061867,1.2585081,0.0,2.2312336,0.0,0.0,1.2585081,0.78061867,0.0,2.1683843,0.0,0.51234746,1.0820167,0.78061867,0.0,0.0,0.0,0.9554051,0.0,0.0,0.0,0.0,0.51234746,0.0,0.0,0.0,0.0,1.507569,0.0,0.0,1.17976,0.0,0.0,0.7864704,GSE155698,tumor
CELL_0905,2.310307,2.7325943,0.0,0.0,2.310307,0.0,0.0,0.0,0.0,2.7325943,0.0,0.0,0.0,0.0,0.0,0.0,0.0,0.0,0.0,0.0,0.0,0.0,0.0,3.3506598,0.0,0.0,0.0,0.0,0.0,0.0,0.0,0.0,0.0,0.0,0.0,0.0,0.0,0.0,0.0,0.0,0.0,0.0,0.0,0.0,0.0,0.0,0.0,2.9436123,2.590641,0.0,0.0,0.0,0.0,0.40779492,GSE155698,tumor
CELL_0906,0.0,0.0,0.0,0.0,0.0,0.0,0.0,0.0,0.0,0.0,0.0,0.0,0.0,0.0,0.0,0.0,0.0,0.0,0.0,0.0,0.0,0.0,0.0,3.3147693,0.0,0.0,0.0,0.0,0.0,0.0,0.0,0.0,0.0,3.3147693,0.0,0.0,0.0,0.0,0.0,0.0,0.0,0.0,0.0,0.0,0.0,0.0,0.0,3.3147693,3.514553,0.0,0.0,0.0,0.0,0.39389032,GSE155698,adjacent_normal
CELL_0907,2.405658,0.0,0.0,0.0,0.0,0.69026476,0.0,0.0,0.0,1.5064743,0.0,1.4259629,1.1909094,0.0,0.0,0.0,0.0,0.69026476,0.0,0.0,0.0,0.0,0.0,2.0044043,0.0,0.0,1.0003368,0.0,0.69026476,0.0,0.0,1.0003368,0.69026476,0.69026476,0.0,0.0,1.3246897,0.69026476,2.1408672,0.0,0.0,0.69026476,0.0,0.0,0.0,1.0003368,1.9889697,1.7188627,2.4980247,0.0,1.7895017,2.2022178,2.1953735,0.15678276,GSE155698,tumor
CELL_0908,1.8691432,0.0,0.0,0.0,1.3133893,0.0,0.0,0.0,1.7661815,2.1403198,0.0,0.0,0.0,0.0,0.9959762,1.6096025,0.0,0.0,0.0,0.0,0.0,0.0,1.3133893,2.3086154,0.0,0.0,1.6974283,0.9959762,0.0,1.490638,0.0,0.0,0.0,1.3133893,0.0,0.0,0.0,0.9959762,0.0,0.0,0.0,0.0,1.3133893,0.0,0.0,0.0,0.0,2.0280843,2.0715795,0.9959762,0.0,0.0,0.0,0.46818408,GSE155698,tumor
CELL_0909,1.8521155,0.31265447,0.0,0.42719257,1.0066515,0.0,0.0,0.17390417,0.83068186,1.7189995,1.5838116,1.2586905,1.3943708,0.0,0.96805197,0.09229672,0.0,0.0,0.0,0.0,0.37246677,0.0,0.0,2.282838,0.0,0.0,0.47755033,0.0,0.0,0.24685247,0.0,1.3539606,1.6061479,0.77556425,0.6454649,0.0,0.0,0.42719257,0.52412033,0.0,0.0,0.31265447,0.6454649,0.0,0.8562501,0.37246677,0.17390417,1.8823411,1.6866295,0.0,0.9475675,0.0,0.0,0.39270917,GSE155698,tumor
CELL_0910,3.2767637,0.0,0.0,0.0,0.0,0.0,0.0,0.0,0.0,2.9597383,0.0,0.0,0.0,0.0,3.169548,0.0,0.0,0.0,0.0,0.0,0.0,0.0,0.0,3.2767637,0.0,0.0,0.0,0.0,0.0,0.0,0.0,0.0,0.0,0.0,0.0,0.0,0.0,0.0,2.9597383,0.0,0.0,0.0,0.0,0.0,0.0,0.0,0.0,0.0,0.0,0.0,0.0,0.0,0.0,0.39442554,GSE155698,tumor
CELL_0911,1.9254848,0.71362656,0.0,0.0,0.71362656,0.0,0.0,0.0,0.71362656,1.7781785,1.5053995,1.6676086,1.2971994,0.0,1.3598428,0.0,0.0,0.0,0.0,0.0,0.0,0.0,0.0,2.3159316,0.0,0.0,0.44989133,0.0,0.0,0.0,0.0,1.4143804,1.5790564,0.89483464,0.44989133,0.0,0.0,0.0,0.0,0.0,0.0,0.71362656,1.0302458,0.0,0.71362656,0.44989133,0.44989133,1.4143804,0.44989133,0.0,1.2240663,0.0,0.0,0.39303073,GSE155698,tumor
CELL_0912,0.0,0.0,0.0,0.0,0.0,0.0,0.0,0.0,0.0,2.6348083,0.0,0.0,0.0,0.0,0.0,0.0,0.0,2.6348083,0.0,0.0,0.0,0.0,0.0,0.0,0.0,0.0,0.0,0.0,2.966558,0.0,0.0,2.966558,3.1336184,0.0,0.0,0.0,0.0,0.0,2.6348083,0.0,0.0,0.0,0.0,0.0,0.0,0.0,0.0,0.0,3.8988955,0.0,0.0,0.0,0.0,0.5051539,GSE155698,tumor
CELL_0913,0.9633754,0.0,0.0,0.0,0.0,0.0,0.0,0.0,0.0,0.9633754,0.0,0.0,0.0,0.0,0.0,0.0,0.0,0.0,0.0,0.0,0.0,0.0,0.9633754,1.3055153,0.0,0.0,0.0,0.0,0.9633754,1.634522,0.0,0.0,2.1312368,0.9633754,0.0,0.0,0.0,0.0,0.9633754,0.0,0.0,1.5015572,0.0,0.0,0.0,0.0,0.0,2.046435,2.3158429,0.0,1.3055153,0.0,0.0,0.4173406,GSE155698,tumor
CELL_0914,0.0,0.0,0.0,0.0,1.5446087,0.0,0.0,0.0,0.0,2.2911446,1.20858,0.0,0.0,0.0,1.20858,0.0,0.0,0.0,0.0,0.0,0.0,0.0,0.0,2.1500514,0.0,0.0,0.0,0.0,0.0,0.0,0.0,0.0,1.8484241,0.0,0.0,0.0,0.0,1.20858,0.0,0.0,0.0,0.0,0.0,0.0,0.0,0.0,0.0,2.0065057,2.5405347,0.0,1.20858,0.0,0.0,0.49570894,GSE155698,tumor
CELL_0915,0.0,1.3371524,0.0,0.0,1.9992818,0.0,0.0,0.0,0.81087756,1.5744668,0.0,0.0,0.3899616,0.0,0.0,0.81087756,0.3899616,0.0,0.0,0.0,0.0,0.3899616,1.0521417,2.1936667,0.0,0.0,2.6754127,0.0,0.0,0.0,0.0,0.0,0.0,0.6356548,0.0,0.0,0.0,0.6356548,0.3899616,0.0,0.3899616,1.629889,0.0,0.0,0.0,0.0,0.0,2.1895986,2.1544592,1.678086,0.0,0.0,0.0,0.4222361,GSE155698,tumor
CELL_0916,0.0,0.0,0.0,1.8212265,0.0,1.1531266,0.0,0.0,0.0,2.2913573,0.0,0.0,1.1531266,0.0,1.1531266,0.0,0.0,0.0,0.0,0.0,0.0,0.0,0.0,2.1415217,0.0,0.0,0.0,0.0,0.0,1.501021,0.0,0.0,1.1531266,0.0,0.0,0.0,0.0,0.0,1.501021,0.0,0.0,0.0,0.0,0.0,0.0,0.0,0.0,1.9154444,2.211603,0.0,0.0,0.0,0.0,0.43939462,GSE155698,tumor
CELL_0917,1.7588204,1.2098825,0.0,0.0,0.97185963,0.0,0.0,0.511487,1.2940012,1.6880159,0.0,0.78851795,1.1058578,0.0,1.5976477,0.0,0.0,0.0,0.0,0.0,0.0,0.0,0.0,2.5416608,0.0,0.0,0.78851795,0.0,0.0,0.0,0.0,0.0,0.0,0.78851795,0.0,0.0,0.0,0.97185963,0.97185963,0.0,0.0,0.0,0.511487,0.0,0.0,0.0,0.0,2.0204005,2.2585032,0.0,0.511487,0.0,0.0,0.3949437,GSE155698,tumor
CELL_0918,2.0672095,1.8326613,0.0,0.0,1.4832375,0.0,0.0,0.0,0.0,1.8326613,1.1516103,1.1516103,1.3478763,0.0,0.82089037,0.0,0.0,0.0,0.0,0.0,0.82089037,0.0,0.0,2.5098617,0.0,0.0,1.1516103,0.0,0.0,0.0,0.0,0.82089037,1.5846276,0.82089037,1.6646717,0.0,0.0,0.0,0.0,0.0,0.0,0.0,0.82089037,0.0,0.82089037,1.1516103,0.0,1.4832375,2.4120798,0.0,1.4832375,0.0,0.0,0.3894732,GSE155698,tumor
CELL_0919,2.5497239,0.0,0.0,0.0,0.0,0.0,0.0,0.0,0.0,0.0,0.0,0.0,2.1115994,0.0,0.0,0.0,0.0,0.0,0.0,0.0,0.0,0.0,0.0,2.7691898,0.0,0.0,0.0,2.1115994,0.0,0.0,0.0,0.0,0.0,0.0,0.0,0.0,0.0,2.1115994,0.0,0.0,0.0,0.0,2.9086292,0.0,0.0,0.0,0.0,2.7691898,0.0,0.0,2.5497239,0.0,0.0,0.8699112,GSE155698,tumor
CELL_0920,0.0,1.1711752,0.0,2.0955815,0.0,0.0,0.0,0.0,0.0,1.1711752,0.0,1.5293882,0.0,0.0,0.0,0.0,0.0,0.0,0.0,0.0,0.0,0.0,0.0,2.1914854,0.0,0.0,0.0,0.0,0.0,1.1711752,0.0,0.0,0.0,0.0,0.0,0.0,0.0,0.0,1.8602774,0.0,0.0,0.0,1.1711752,0.0,0.0,0.0,0.0,2.5133295,0.0,0.0,1.5293882,0.0,0.0,0.38049874,GSE155698,tumor
CELL_0921,1.7057631,0.0,0.0,0.0,0.0,0.0,0.0,0.5811227,0.5811227,1.9863684,0.0,0.0,0.5811227,0.0,0.0,0.0,0.0,0.0,0.0,0.0,0.0,0.0,0.0,1.5312358,0.0,0.0,1.2081779,0.0,0.0,0.87808007,0.0,1.7685561,2.150057,1.06989,0.0,0.0,0.0,0.0,0.5811227,0.0,0.0,0.0,1.4001267,0.0,0.0,0.5811227,0.0,1.6694288,2.164815,0.0,1.4001267,0.0,0.0,0.4284517,GSE155698,tumor
CELL_0922,2.1457446,0.0,0.0,0.0,1.6453209,0.0,0.0,0.0,1.8227227,1.939668,0.0,0.0,0.0,0.0,1.3138276,1.6453209,0.0,0.0,0.0,0.0,1.3138276,0.0,0.0,2.229544,0.0,0.0,0.0,1.3138276,0.0,0.0,0.0,1.6453209,0.0,0.0,0.0,0.0,0.0,0.0,0.0,0.0,0.0,0.0,2.5224726,0.0,0.0,0.0,0.0,1.939668,1.6453209,0.0,2.1457446,0.0,0.0,0.78732455,GSE155698,tumor
CELL_0923,0.0,0.0,0.0,0.0,0.0,0.0,0.0,0.0,0.0,2.9495945,0.0,0.0,0.0,0.0,0.0,0.0,0.0,0.0,0.0,0.0,0.0,0.0,0.0,2.9495945,0.0,0.0,0.0,0.0,0.0,0.0,0.0,0.0,0.0,0.0,0.0,0.0,0.0,0.0,0.0,0.0,0.0,0.0,2.7229602,0.0,0.0,0.0,0.0,0.0,0.0,0.0,0.0,0.0,0.0,0.38266125,GSE155698,tumor
CELL_0924,0.0,0.0,0.0,0.0,0.0,0.0,0.0,0.0,2.054116,2.054116,0.0,0.0,0.0,0.0,0.0,2.469059,0.0,0.0,0.0,0.0,0.0,0.0,0.0,2.5600414,0.0,0.0,0.0,0.0,0.0,2.469059,0.0,2.054116,0.0,0.0,0.0,0.0,0.0,0.0,0.0,0.0,0.0,2.469059,3.0074003,0.0,0.0,0.0,0.0,0.0,0.0,0.0,0.0,0.0,0.0,0.39046767,GSE155698,adjacent_normal
CELL_0925,2.4314702,0.0,0.0,0.0,0.0,0.0,0.0,0.0,2.6789544,2.804581,0.0,0.0,0.0,0.0,0.0,0.0,0.0,0.0,0.0,0.0,0.0,0.0,0.0,2.6789544,0.0,0.0,0.0,0.0,0.0,0.0,0.0,0.0,0.0,0.0,0.0,0.0,0.0,0.0,0.0,0.0,0.0,0.0,0.0,0.0,0.0,0.0,0.0,2.6789544,0.0,0.0,0.0,0.0,0.0,0.387951,GSE155698,tumor
CELL_0926,1.346622,1.2040118,0.0,0.0,0.0,0.0,0.0,0.0,1.1683072,1.7960309,0.0,0.9263842,0.0,0.25298834,0.25298834,0.0,0.0,0.0,0.5743059,0.25298834,0.25298834,0.6864682,0.8582713,2.3099234,0.0,0.0,1.735498,0.0,0.0,0.0,0.25298834,0.6864682,1.0390319,0.9263842,0.0,0.0,0.0,1.4678824,0.0,0.0,0.0,1.2040118,1.7039593,0.0,0.0,0.0,0.0,2.186517,0.0,0.0,1.8078991,0.0,0.0,0.5333955,GSE155698,tumor
CELL_0927,1.9361405,0.0,0.0,0.68333495,0.0,0.0,0.0,0.0,0.0,2.2836359,1.319235,0.0,0.99342316,0.0,0.0,0.0,0.0,0.0,0.0,0.0,0.68333495,0.0,0.68333495,1.9160502,0.0,0.0,0.68333495,0.0,0.0,0.0,0.0,0.68333495,2.071117,0.99342316,0.0,0.0,0.0,0.0,0.0,0.0,0.0,0.99342316,0.99342316,0.0,0.0,0.0,0.0,0.68333495,1.9548976,0.0,0.0,0.0,0.0,0.46499342,GSE155698,tumor
CELL_0928,0.0,0.0,0.0,0.0,0.0,0.0,0.0,0.0,0.0,3.235582,0.0,0.0,0.0,0.0,0.0,0.0,0.0,0.0,0.0,0.0,0.0,0.0,0.0,3.4301655,0.0,0.0,0.0,0.0,0.0,0.0,0.0,0.0,0.0,0.0,0.0,0.0,0.0,0.0,0.0,0.0,0.0,3.235582,0.0,0.0,0.0,0.0,0.0,0.0,0.0,0.0,0.0,0.0,0.0,0.44307745,GSE155698,tumor
CELL_0929,2.8144307,0.0,0.0,0.0,0.0,0.0,2.8144307,0.0,0.0,3.0324364,0.0,0.0,0.0,0.0,0.0,0.0,0.0,0.0,0.0,0.0,0.0,0.0,0.0,3.0324364,0.0,0.0,0.0,0.0,0.0,0.0,0.0,0.0,0.0,0.0,0.0,0.0,0.0,0.0,3.1436052,0.0,0.0,0.0,0.0,0.0,0.0,0.0,0.0,3.0324364,0.0,0.0,0.0,0.0,2.8144307,0.38539794,GSE155698,tumor
CELL_0930,1.6244202,0.8428776,0.0,0.0,0.0,0.0,0.0,0.0,0.8428776,2.1370864,0.0,0.0,0.0,0.0,0.0,0.0,0.0,0.0,0.0,0.0,1.5207294,0.8428776,2.2455251,2.4634907,0.0,0.0,2.1728199,0.0,0.0,0.0,0.0,0.8428776,0.8428776,1.5207294,0.0,0.0,0.0,0.8428776,1.1814278,0.0,1.1814278,0.8428776,2.280962,0.0,0.0,0.0,0.0,1.6244202,1.1814278,0.0,1.1814278,0.0,0.0,0.4545552,GSE155698,tumor
CELL_0931,1.4790041,0.0,0.0,0.0,0.0,0.0,0.0,0.0,1.4790041,1.4790041,0.0,0.0,1.1453075,0.0,0.0,0.0,0.0,0.0,0.0,0.0,0.0,0.0,0.0,2.2076187,0.0,0.0,1.1453075,0.0,0.0,0.0,0.0,0.0,1.1453075,0.0,0.0,0.0,0.0,0.0,0.0,0.0,0.0,0.0,0.0,0.0,0.0,0.0,0.0,1.873211,2.4437177,0.0,0.0,0.0,0.0,0.41029087,GSE155698,tumor
CELL_0932,1.9744383,1.5063558,0.0,0.0,0.0,0.0,0.0,0.0,1.8138916,0.0,0.0,0.0,0.0,0.0,2.079441,0.0,0.0,0.0,0.0,0.0,1.5063558,0.0,1.5063558,2.5499594,0.0,0.0,0.0,1.5063558,0.0,0.0,1.9744383,0.0,0.0,1.5063558,0.0,0.0,0.0,0.0,1.8138916,0.0,0.0,0.0,2.263837,0.0,0.0,0.0,0.0,1.5063558,1.5063558,0.0,0.0,0.0,0.0,0.45441192,GSE155698,tumor
CELL_0933,2.9052224,2.5101516,0.0,0.0,0.0,0.0,0.0,0.0,0.0,2.5101516,0.0,0.0,0.0,0.0,0.0,0.0,0.0,0.0,0.0,0.0,0.0,0.0,0.0,3.1030447,0.0,0.0,0.0,0.0,0.0,0.0,0.0,0.0,2.5101516,0.0,0.0,0.0,0.0,0.0,2.5101516,0.0,0.0,0.0,2.5101516,0.0,0.0,0.0,0.0,3.1030447,3.2891874,0.0,0.0,0.0,0.0,0.40291172,GSE155698,tumor
CELL_0934,2.8663535,0.0,0.0,0.0,2.3771663,0.0,0.0,0.0,0.0,2.3771663,0.0,0.0,0.0,0.0,0.0,0.0,0.0,0.0,0.0,0.0,0.0,0.0,0.0,3.3597074,0.0,0.0,0.0,0.0,0.0,0.0,0.0,0.0,2.3771663,0.0,0.0,0.0,0.0,0.0,2.3771663,0.0,0.0,0.0,0.0,0.0,0.0,0.0,0.0,3.0202034,2.7786903,0.0,0.0,0.0,0.0,0.41231033,GSE155698,adjacent_normal
CELL_0935,1.4964111,0.0,0.0,0.0,1.160286,0.0,0.0,0.0,0.0,1.8029608,2.1755605,0.0,1.160286,0.0,0.0,0.0,0.0,0.0,0.0,0.0,0.0,1.160286,1.160286,1.9630669,0.0,0.0,1.4964111,0.0,0.0,2.2288344,0.0,2.0200877,2.2035782,0.0,0.0,0.0,0.0,0.0,0.0,0.0,0.0,0.0,1.680501,0.0,0.0,0.0,0.0,1.8029608,2.1086361,0.0,0.0,0.0,0.0,0.36113748,GSE155698,tumor
CELL_0936,1.6807034,1.6807034,0.0,0.0,0.0,0.0,0.0,0.0,0.0,2.3039615,1.9779128,0.0,0.0,0.0,1.6807034,0.0,0.0,0.0,0.0,0.0,0.0,1.6807034,0.0,2.3605354,0.0,0.0,1.9779128,0.0,0.0,0.0,0.0,0.0,0.0,0.0,0.0,0.0,0.0,0.0,1.6807034,0.0,0.0,0.0,1.6807034,0.0,0.0,0.0,0.0,1.9779128,2.2311845,0.0,0.0,0.0,0.0,0.5065345,GSE155698,tumor
CELL_0937,0.0,0.0,0.0,0.0,0.0,0.0,0.0,0.0,0.0,2.6392758,0.0,2.3898115,0.0,0.0,0.0,0.0,0.0,0.0,0.0,0.0,0.0,0.0,0.0,2.765921,0.0,0.0,0.0,0.0,0.0,0.0,0.0,0.0,2.3898115,0.0,0.0,0.0,0.0,2.3898115,2.765921,0.0,0.0,0.0,0.0,0.0,0.0,2.3898115,0.0,0.0,0.0,0.0,0.0,0.0,0.0,0.3938704,GSE155698,tumor
CELL_0938,1.5381223,0.0,0.0,0.88335913,0.88335913,0.0,0.0,0.0,1.4067861,1.9133244,0.0,0.0,0.0,0.0,0.88335913,1.2144283,0.88335913,0.0,0.0,0.0,0.88335913,0.0,0.88335913,2.116416,0.0,0.0,1.7128972,0.0,0.0,0.0,0.0,0.0,0.88335913,0.0,0.0,0.0,0.0,0.0,0.88335913,0.0,0.0,1.5381223,2.033062,0.0,0.0,0.0,0.0,1.2144283,0.0,0.0,1.2144283,0.0,0.0,0.43430912,GSE155698,tumor
CELL_0939,2.0272725,0.0,0.0,0.0,1.4954,0.0,0.0,0.0,1.8258764,2.046944,0.0,0.0,0.0,0.0,1.667329,2.046944,0.0,0.0,0.0,0.0,0.0,0.0,0.85392565,2.4573724,0.0,0.0,1.1776973,0.0,0.0,0.0,1.8258764,0.0,0.0,1.4954,0.0,0.0,0.0,0.85392565,1.957709,0.0,0.0,0.0,0.85392565,0.0,0.0,0.0,0.0,1.4954,1.4954,0.0,0.0,0.0,0.0,0.4751421,GSE155698,tumor
CELL_0940,0.0,0.0,0.0,0.0,0.0,0.0,0.0,0.0,2.0945427,2.2512622,0.0,0.0,0.0,0.0,1.7895695,0.0,0.0,0.0,0.0,0.0,0.0,1.7895695,0.0,2.5316255,0.0,0.0,2.4273446,0.0,0.0,0.0,0.0,0.0,1.7895695,0.0,0.0,0.0,0.0,2.2512622,0.0,0.0,0.0,2.0945427,3.0250762,0.0,0.0,0.0,0.0,1.7895695,0.0,0.0,0.0,0.0,0.0,0.3964931,GSE155698,adjacent_normal
CELL_0941,1.7060906,0.0,0.0,1.5255462,2.1589186,0.0,0.0,0.0,1.5255462,2.084399,0.0,0.0,1.9137049,0.0,0.0,1.1934896,0.0,0.0,0.0,0.0,0.0,0.0,0.0,2.4645002,0.0,0.0,0.0,0.0,0.0,0.0,0.0,1.5255462,1.1934896,0.0,0.0,0.0,0.0,0.0,0.0,0.0,0.0,1.1934896,1.7060906,0.0,0.0,0.0,0.0,2.0378397,0.0,0.0,0.0,0.0,0.0,0.39910203,GSE155698,tumor
CELL_0942,1.9094573,0.0,0.0,0.0,1.453683,0.0,0.0,1.263908,0.9325976,2.0867527,0.0,0.0,0.0,0.0,0.0,0.0,0.0,0.0,0.0,0.0,0.0,0.0,1.263908,2.3129377,0.0,0.0,1.7529422,0.0,0.0,1.453683,0.0,0.9325976,1.263908,0.0,0.0,0.0,0.0,1.6779466,0.0,0.0,0.0,1.263908,1.263908,0.0,0.0,0.0,0.0,2.1269867,2.3908587,0.0,1.453683,0.0,0.0,0.46460152,GSE155698,tumor
CELL_0943,0.9842432,0.0,0.0,0.6737302,0.0,0.6737302,0.0,1.7535572,0.0,1.8466951,0.0,0.0,0.0,0.0,0.0,0.0,0.0,0.0,0.0,0.0,0.6737302,0.0,0.0,2.05054,0.0,0.0,0.9842432,0.0,0.0,0.0,0.0,0.6737302,0.0,1.3127831,0.0,0.0,0.0,1.1768882,0.0,0.0,0.0,0.6737302,0.9842432,0.0,0.0,0.0,0.0,2.2762096,1.9180683,0.0,0.6737302,0.0,0.0,0.43187356,GSE155698,tumor
CELL_0944,2.0071318,0.0,0.0,0.0,1.0887066,0.0,0.0,0.0,0.0,1.4915737,1.7265921,1.4204795,1.4915737,0.0,0.594682,0.0,0.0,0.0,0.0,0.0,0.0,0.0,0.0,2.0208182,0.0,0.0,0.0,0.0,0.0,0.0,0.0,1.0887066,1.9776053,0.89533406,0.89533406,0.0,0.0,0.0,0.0,0.0,0.0,0.0,0.0,0.0,0.594682,0.0,0.0,1.5518825,0.0,0.0,0.0,0.0,0.0,0.40010366,GSE155698,tumor
CELL_0945,2.011516,0.0,0.0,0.0,0.0,0.0,0.0,1.2009335,0.0,1.9670415,1.5590001,0.0,1.0677986,0.0,1.6408497,0.0,0.0,0.0,0.0,0.0,0.0,0.58974093,0.0,2.1603208,0.0,0.0,1.6023687,1.8472068,0.0,0.88173836,0.0,1.0677986,1.0677986,0.0,0.0,0.0,0.0,1.3029091,0.0,0.0,0.0,0.0,2.1864016,0.0,0.0,0.0,0.0,1.7849716,1.3846183,0.0,0.88173836,0.0,0.0,0.38332838,GSE155698,tumor
CELL_0946,0.0,0.0,0.0,0.0,0.0,0.0,0.0,0.0,0.0,0.0,0.0,0.0,0.0,0.0,0.0,0.0,0.0,0.0,0.0,0.0,0.0,0.0,0.0,3.0408263,0.0,0.0,0.0,0.0,0.0,0.0,0.0,2.8202553,0.0,0.0,0.0,0.0,0.0,0.0,2.8202553,0.0,0.0,0.0,0.0,0.0,0.0,0.0,0.0,0.0,0.0,0.0,2.8202553,0.0,3.0408263,0.39517304,GSE155698,tumor
CELL_0947,1.6179725,0.45157492,0.0,0.45157492,0.70982164,0.0,0.0,0.0,1.1165832,1.7708157,0.45157492,0.8849804,0.0,0.0,0.0,0.0,0.0,0.0,0.0,0.0,0.45157492,0.8849804,1.0148333,2.3526797,0.0,0.0,1.5647761,0.0,0.0,1.7708157,0.0,1.3794754,2.1129577,1.3794754,0.0,0.0,0.0,0.70982164,0.0,0.0,0.0,1.327968,1.9954654,0.0,0.0,0.0,0.0,1.327968,0.0,0.0,1.5346628,0.0,0.45157492,0.507901,GSE155698,tumor
CELL_0948,0.97871286,0.662174,0.0,0.0,1.5139847,0.662174,0.0,1.1779675,0.0,2.2348812,0.662174,0.0,0.0,0.0,0.0,0.662174,0.0,0.0,0.0,0.0,0.0,0.0,0.0,2.3348405,0.0,0.0,2.2265165,1.1779675,0.0,0.662174,0.0,0.0,1.1779675,0.97871286,0.0,0.0,0.0,0.662174,0.0,0.0,0.0,0.0,0.97871286,0.0,0.0,0.0,0.0,2.5101395,2.4125707,1.9339598,0.0,0.0,0.0,0.4232154,GSE155698,tumor
CELL_0949,2.1585424,0.48316953,0.0,0.0,0.75274324,0.0,0.0,0.0,0.75274324,2.0575168,0.48316953,0.75274324,1.5610877,0.0,1.4375951,0.0,0.0,0.0,0.0,0.0,0.48316953,0.0,0.0,2.149713,0.0,0.0,0.48316953,0.0,0.0,0.48316953,0.0,0.0,0.48316953,1.2549525,1.1706334,0.0,0.0,0.0,1.2549525,0.0,0.0,0.0,0.9335527,0.0,0.9335527,0.9335527,1.7829435,1.922129,2.5199873,0.0,1.0667268,0.0,0.48316953,0.38773978,GSE155698,tumor
CELL_0950,1.7327362,1.2005341,0.0,0.0,0.28583935,0.48356676,1.8051547,0.0,0.0,1.7417233,0.28583935,1.3659813,0.9266168,0.0,0.9960256,0.28583935,0.0,0.0,0.0,0.28583935,0.0,0.28583935,0.28583935,1.8628496,0.0,0.0,1.1099396,0.9266168,0.0,0.48356676,0.0,0.28583935,0.28583935,0.74950373,0.48356676,0.0,0.0,0.28583935,2.2921717,0.0,0.0,0.63207453,0.9960256,0.0,0.0,0.0,1.5186527,1.7751662,2.4079714,0.0,0.0,0.0,0.9960256,0.33440802,GSE155698,tumor
CELL_0951,0.0,0.0,0.0,0.0,0.0,0.0,0.0,0.0,0.0,3.2840374,0.0,0.0,0.0,0.0,0.0,3.2840374,0.0,0.0,0.0,0.0,0.0,0.0,0.0,3.5430875,0.0,0.0,0.0,3.0831766,0.0,3.3869774,0.0,0.0,0.0,0.0,0.0,0.0,0.0,0.0,0.0,3.0831766,0.0,0.0,0.0,0.0,0.0,0.0,0.0,3.0831766,0.0,0.0,0.0,0.0,0.0,0.488367,GSE155698,tumor
CELL_0952,1.7387836,0.0,0.0,0.0,1.4153652,0.0,0.0,1.9095813,0.0,2.2186253,0.0,0.0,0.0,0.0,0.0,0.0,0.0,0.0,0.0,0.0,0.0,0.0,0.0,2.4808755,0.0,0.0,0.0,0.0,0.0,0.0,0.0,0.0,0.0,0.0,0.0,0.0,0.0,0.0,0.0,0.0,0.0,1.4153652,2.8852808,0.0,0.0,0.0,0.0,2.1670306,1.9095813,0.0,0.0,0.0,0.0,0.40415806,GSE155698,adjacent_normal
CELL_0953,1.4898767,0.0,0.0,1.9933662,2.279637,0.0,0.0,1.4366851,0.7876561,1.781741,0.0,0.0,0.0,0.0,1.7349288,1.9933662,0.0,0.0,0.7876561,0.0,0.97396266,1.7349288,0.7876561,2.5040956,0.0,0.0,2.4013762,0.0,0.0,2.5456727,0.0,2.1058753,2.3790348,1.2171752,0.0,0.0,0.0,1.6804314,0.0,0.0,0.7876561,1.7087768,0.97396266,0.0,0.0,0.0,0.0,1.6495435,0.0,0.0,1.2171752,0.0,0.0,0.52596897,GSE155698,tumor
CELL_0954,1.5461814,0.0,0.0,1.1750774,1.4213258,0.78576106,0.0,0.0,1.518677,2.1347206,0.9148187,0.616657,0.616657,0.0,0.37886247,0.0,0.0,0.0,0.0,0.0,0.0,0.0,0.0,1.8428333,0.0,0.0,1.3394825,0.0,0.37886247,0.0,0.0,0.0,0.0,0.616657,0.0,0.37886247,0.0,0.37886247,1.4213258,0.0,0.0,0.616657,0.0,0.0,0.0,0.0,0.616657,1.571734,2.1382349,0.0,0.0,0.0,0.0,0.36968523,GSE155698,tumor
CELL_0955,1.8293539,0.5926166,0.0,0.0,1.5338402,0.0,0.0,0.0,0.5926166,2.0290847,0.5926166,0.5926166,0.7603544,0.0,0.36026374,0.0,0.0,0.0,0.0,0.0,0.36026374,0.0,0.0,2.2039802,0.0,0.0,0.5926166,0.0,0.0,0.0,0.0,0.9936056,0.36026374,0.0,0.0,0.0,0.0,0.36026374,1.4052392,0.0,0.0,1.4748305,1.5054759,0.0,0.0,0.9936056,0.0,1.9924521,0.0,0.0,0.36026374,0.0,0.36026374,0.37722048,GSE155698,tumor
CELL_0956,1.2344439,0.0,0.0,1.4368625,1.6425864,0.0,0.0,0.42094442,1.4368625,1.5398568,0.9761035,0.0,0.42094442,0.0,1.7209916,1.6425864,0.0,0.0,0.42094442,0.67191166,0.67191166,0.42094442,0.0,2.4023895,0.0,0.0,1.8994087,1.2952689,0.0,2.2886493,0.0,0.42094442,0.84567493,0.42094442,0.0,0.0,0.0,1.5950539,0.0,0.42094442,0.0,1.395086,1.0791539,0.0,0.0,0.0,0.0,1.3482798,0.0,0.0,0.9761035,0.0,0.0,0.7323247,GSE155698,tumor
CELL_0957,2.190128,1.5408014,0.0,0.0,0.0,0.0,0.0,0.0,2.0089815,1.8486371,2.0089815,0.0,0.0,0.0,0.0,0.0,0.0,0.0,0.0,0.0,0.0,0.0,1.8486371,0.0,0.0,0.0,0.0,1.8486371,0.0,0.0,0.0,0.0,1.5408014,1.5408014,0.0,0.0,0.0,0.0,0.0,0.0,0.0,0.0,2.7530901,0.0,0.0,0.0,0.0,2.3724542,0.0,0.0,2.0089815,0.0,0.0,0.8307295,GSE155698,tumor
CELL_0958,1.7065313,0.0,0.0,0.0,0.0,0.0,0.0,0.0,0.0,2.0543604,0.0,0.0,1.0641044,0.0,1.0641044,0.0,0.0,0.0,0.0,0.0,0.0,0.0,0.0,0.0,0.0,0.0,0.0,0.0,0.0,0.0,0.0,0.0,1.0641044,1.0641044,1.0641044,0.0,0.0,0.0,0.0,0.0,0.0,0.0,1.3972038,0.0,0.0,0.0,0.0,1.9276066,0.0,0.0,0.0,0.0,0.0,0.41700912,GSE155698,tumor
CELL_0959,3.189961,0.0,0.0,2.980095,0.0,0.0,0.0,2.980095,0.0,3.189961,0.0,0.0,0.0,0.0,0.0,0.0,0.0,0.0,0.0,0.0,0.0,0.0,2.980095,3.5438313,0.0,0.0,2.980095,0.0,0.0,0.0,0.0,0.0,0.0,0.0,0.0,0.0,0.0,0.0,0.0,0.0,0.0,0.0,3.189961,0.0,0.0,0.0,0.0,2.980095,0.0,0.0,0.0,0.0,0.0,0.38890725,GSE155698,tumor
CELL_0960,1.4145064,0.0,0.0,0.0,1.4145064,0.0,0.0,1.7123014,1.5931449,2.2164412,0.0,0.0,1.090069,0.0,1.5142499,0.0,0.0,0.0,0.0,0.0,1.090069,0.0,0.0,1.2817186,0.0,0.0,1.6578348,0.0,0.0,0.0,0.0,1.5142499,0.0,0.7700726,0.0,0.0,0.0,0.0,0.0,0.0,0.0,0.0,1.991515,0.0,0.0,0.0,0.0,2.1037452,1.7123014,0.0,0.0,0.0,0.0,0.4333566,GSE155698,tumor
CELL_0961,2.421618,0.0,0.0,0.0,1.8150256,0.0,0.0,0.0,0.0,2.35111,0.0,0.0,0.0,0.0,1.8150256,0.0,0.0,0.0,0.0,0.0,0.0,0.0,0.0,2.7614574,0.0,0.0,0.0,0.0,0.0,1.8150256,0.0,0.0,0.0,0.0,0.0,0.0,0.0,2.1053813,2.1053813,0.0,0.0,0.0,2.2542446,0.0,0.0,0.0,0.0,2.35111,0.0,0.0,2.1053813,0.0,0.0,0.38672414,GSE155698,tumor
CELL_0962,1.801271,1.7250137,0.0,0.0,1.4367137,0.0,0.0,1.3843124,0.9308908,2.1080287,0.0,0.0,0.74987584,0.0,0.4805649,1.2532594,0.0,0.0,0.0,0.0,0.74987584,1.3239609,2.1658783,2.3735697,0.0,0.0,1.3239609,0.0,0.0,0.4805649,0.0,0.0,0.4805649,1.2532594,0.0,0.0,0.0,0.0,0.4805649,0.0,0.0,0.0,2.0968692,0.0,0.0,0.0,0.0,2.032013,2.241556,1.2532594,1.0643826,0.0,0.4805649,0.48679015,GSE155698,tumor
CELL_0963,1.8404925,0.9843015,0.0,1.5941104,1.5521226,0.7962199,0.0,1.1223307,1.1223307,2.1329432,0.0,0.0,1.1223307,0.0,0.0,0.0,0.0,0.0,0.0,0.0,0.0,0.0,1.2297705,2.2555735,0.0,0.0,1.9525659,0.0,0.0,1.3893903,0.0,0.0,0.0,0.7962199,0.0,0.0,0.0,0.9843015,2.1463804,0.0,0.0,1.3168083,0.51397663,0.0,0.0,0.0,0.0,2.0334425,1.5049264,0.51397663,0.0,0.0,0.0,0.49925932,GSE155698,tumor
CELL_0964,0.0,0.0,0.0,0.0,0.0,0.0,0.0,0.0,0.0,1.8839887,0.0,0.0,0.0,0.0,0.0,0.0,0.0,0.0,0.0,0.0,0.0,0.0,0.0,1.8839887,0.0,0.0,0.0,0.0,0.0,0.0,0.0,1.8839887,2.1926095,1.8839887,1.8839887,0.0,0.0,0.0,0.0,0.0,0.0,0.0,0.0,0.0,0.0,0.0,0.0,0.0,2.6328025,0.0,1.8839887,0.0,0.0,0.40219092,GSE155698,tumor
CELL_0965,1.2644895,0.0,0.0,0.59925807,1.5884546,0.0,0.0,0.7652612,0.59925807,1.628887,0.59925807,0.0,0.36689684,0.0,0.9940364,1.6815861,0.0,0.0,0.89231277,0.0,0.0,0.59925807,0.0,2.1477745,0.0,0.0,1.4283203,1.3121306,0.0,2.1199548,0.0,0.36689684,0.7652612,0.59925807,0.0,0.0,0.0,1.3547797,0.0,0.0,0.0,1.5662866,0.89231277,0.0,0.0,0.0,0.0,1.5426081,0.0,0.0,1.0781263,0.0,0.0,0.6825456,GSE155698,tumor
CELL_0966,3.458608,0.0,0.0,0.0,0.0,0.0,0.0,0.0,0.0,3.458608,0.0,3.1524644,0.0,0.0,0.0,0.0,0.0,0.0,0.0,0.0,0.0,0.0,0.0,3.354929,0.0,0.0,0.0,0.0,0.0,0.0,0.0,0.0,0.0,0.0,0.0,0.0,0.0,0.0,3.354929,0.0,0.0,0.0,0.0,0.0,0.0,0.0,0.0,0.0,0.0,0.0,0.0,0.0,3.354929,0.40329912,GSE155698,tumor
CELL_0967,2.9986093,0.0,0.0,0.0,0.0,0.0,0.0,0.0,0.0,0.0,0.0,0.0,0.0,0.0,0.0,0.0,0.0,0.0,0.0,0.0,0.0,0.0,0.0,3.311876,0.0,0.0,0.0,0.0,0.0,0.0,0.0,0.0,0.0,0.0,0.0,0.0,0.0,0.0,0.0,0.0,0.0,0.0,0.0,0.0,0.0,0.0,0.0,0.0,0.0,0.0,2.9986093,0.0,0.0,0.4348116,GSE155698,tumor
CELL_0968,1.49768,1.4404528,0.0,0.0,0.0,0.0,1.7090688,0.0,0.3542862,1.7090688,1.6289002,0.74576914,0.3542862,0.0,1.9015926,0.0,0.0,0.0,0.0,0.0,0.3542862,0.3542862,1.2435896,2.322134,0.0,0.0,0.74576914,0.0,0.0,0.0,0.0,0.3542862,0.0,0.0,0.0,0.0,0.0,0.0,2.054469,0.0,0.0,0.0,0.3542862,0.3542862,0.0,0.0,0.97307986,1.6633767,0.0,0.0,1.372952,0.0,0.0,0.36569872,GSE155698,tumor
CELL_0969,1.1979922,0.0,0.0,0.0,0.0,0.0,0.0,0.0,0.0,2.04058,0.0,0.0,1.1979922,0.0,0.86857545,0.0,0.0,0.0,0.0,0.0,0.0,0.0,0.86857545,2.0621681,0.0,0.0,0.0,0.0,0.0,0.0,0.0,1.5213237,2.2359955,0.86857545,0.0,0.0,0.0,0.86857545,0.0,0.0,0.0,1.1979922,0.86857545,0.0,0.0,0.0,0.0,1.5213237,2.3285825,0.0,1.6962644,0.0,0.0,0.41872877,GSE155698,tumor
CELL_0970,1.7080846,0.0,0.0,0.0,0.0,0.0,0.0,0.0,2.000879,1.7080846,0.0,0.0,0.0,0.0,1.7080846,0.0,0.0,0.0,0.0,0.0,1.7080846,0.0,0.0,2.6530085,0.0,0.0,2.000879,0.0,0.0,1.7080846,1.7080846,0.0,0.0,0.0,0.0,0.0,0.0,0.0,0.0,0.0,0.0,0.0,1.7080846,0.0,0.0,0.0,0.0,0.0,2.7120116,0.0,0.0,0.0,0.0,0.47567567,GSE155698,tumor
CELL_0971,1.3113753,0.0,0.0,1.6396569,1.6688077,0.0,0.0,0.0,1.7202086,1.8369077,0.5317377,0.0,0.0,0.0,1.8814367,1.1265051,0.0,0.0,0.8113655,0.0,1.22887,1.22887,0.0,2.3952808,0.0,0.0,1.6396569,0.5317377,0.0,2.2243788,0.0,0.0,1.1265051,0.8113655,0.0,0.0,0.0,1.6955469,0.0,0.0,0.0,1.1265051,1.3113753,0.0,0.0,0.0,0.0,1.3113753,0.0,0.0,1.6955469,0.0,0.0,0.69193995,GSE155698,tumor
CELL_0972,2.0673654,0.37073702,1.5906136,1.3748859,1.092942,0.0,1.6544683,0.37073702,0.7747022,1.0073333,2.1678681,0.37073702,0.7747022,0.0,1.6132259,0.6061852,0.0,0.0,0.0,0.0,0.6061852,0.0,0.0,2.4288704,0.0,0.0,0.0,0.6061852,0.0,1.3313981,1.6912477,0.6061852,0.6061852,0.90384245,0.0,0.90384245,0.0,0.37073702,0.6061852,0.37073702,0.0,0.0,0.7747022,0.0,0.0,0.0,0.0,2.1149929,0.90384245,0.0,0.0,0.0,0.0,0.37865818,GSE155698,tumor
CELL_0973,1.1716944,0.0,0.0,0.86098874,1.9505099,0.0,0.0,0.0,0.0,1.4160945,0.57629555,0.0,0.86098874,0.0,1.5995737,1.1716944,0.0,0.0,0.0,0.0,0.0,0.0,0.0,2.268559,0.0,0.0,1.5199459,0.57629555,0.0,1.6911402,0.0,0.0,1.0421535,0.57629555,0.0,0.0,0.0,1.6331387,0.0,0.0,0.0,1.7164892,1.0421535,0.0,0.0,0.0,0.0,1.2708828,0.0,0.0,0.57629555,0.0,0.0,0.7144797,GSE155698,tumor
CELL_0974,1.773842,0.2682263,0.0,1.1412884,0.0,0.0,0.0,0.0,1.1859207,1.7461,0.0,1.1412884,0.0,0.0,1.7261584,0.2682263,0.0,0.0,0.0,0.0,0.0,0.6062017,0.0,2.3581536,0.0,0.0,0.6062017,0.0,0.0,0.0,0.6062017,1.0918616,1.2978851,1.1859207,0.0,0.0,0.0,0.9743848,0.7236868,0.0,0.0,1.036659,1.8900406,0.0,0.0,0.0,0.0,2.0022447,0.2682263,0.0,2.0952597,0.0,0.0,0.5268614,GSE155698,tumor
CELL_0975,0.0,0.0,0.0,2.533662,0.0,0.0,0.0,0.0,0.0,0.0,2.533662,0.0,0.0,0.0,2.1311927,0.0,0.0,0.0,0.0,0.0,0.0,0.0,0.0,3.039434,0.0,0.0,0.0,2.1311927,0.0,0.0,2.1311927,0.0,0.0,0.0,0.0,0.0,0.0,0.0,0.0,2.1311927,0.0,0.0,2.1311927,0.0,0.0,0.0,0.0,2.3979928,0.0,0.0,0.0,0.0,0.0,0.37177914,GSE155698,tumor
CELL_0976,2.4650307,0.0,0.0,0.0,0.0,0.0,0.0,0.0,2.206313,2.596524,0.0,0.0,0.0,0.0,2.206313,0.0,0.0,0.0,0.0,0.0,2.206313,0.0,0.0,2.6820762,0.0,0.0,2.206313,0.0,0.0,0.0,0.0,0.0,2.206313,0.0,0.0,0.0,0.0,0.0,2.6820762,0.0,0.0,0.0,0.0,0.0,0.0,2.206313,2.596524,0.0,0.0,0.0,0.0,0.0,0.0,0.3899006,GSE155698,tumor
CELL_0977,1.6061792,2.117421,0.0,1.3431559,1.2383454,0.0,0.0,0.60943615,0.0,1.9017048,0.0,0.0,0.0,0.0,0.0,0.60943615,0.0,0.0,0.0,0.0,0.0,0.0,0.0,2.3480916,0.0,0.0,0.0,0.0,0.0,0.0,0.0,0.9100698,1.4965506,1.1014603,0.0,0.0,0.0,0.60943615,0.0,0.0,0.0,0.60943615,0.9100698,0.0,0.0,0.0,0.0,2.1853251,2.5604486,0.0,0.60943615,0.0,0.0,0.437797,GSE155698,tumor
CELL_0978,1.4113895,0.49545145,0.0,0.0,0.0,0.0,0.0,0.49545145,0.0,1.9943545,0.0,0.0,0.49545145,0.0,0.0,0.0,0.0,0.0,0.0,0.0,0.0,0.0,0.7700389,2.327673,0.0,0.0,0.0,0.0,0.0,0.49545145,0.0,0.49545145,1.510507,1.1940283,0.0,0.0,0.0,0.7700389,0.0,0.0,0.0,0.0,0.7700389,0.0,0.0,0.0,0.0,1.0887585,2.3204892,0.0,0.0,0.0,0.0,0.4632161,GSE155698,tumor
CELL_0979,1.58298,0.0,0.0,0.0,1.9176548,0.0,0.0,1.58298,0.0,2.4071183,0.0,0.0,0.0,0.0,0.0,0.0,0.0,0.0,0.0,0.0,0.0,0.0,0.0,0.0,0.0,0.0,2.4882224,0.0,0.0,0.0,0.0,0.0,2.0926487,1.58298,0.0,0.0,0.0,1.58298,1.58298,0.0,0.0,0.0,0.0,0.0,0.0,0.0,1.58298,1.9176548,0.0,0.0,0.0,0.0,0.0,0.4932075,GSE155698,tumor
CELL_0980,1.2618713,0.0,0.0,0.23423454,0.0,0.0,1.3376924,0.0,0.54159683,1.4381784,0.82092595,0.0,0.23423454,0.0,0.94862217,0.0,0.0,0.0,0.0,0.0,0.4067841,0.54159683,1.3376924,2.3453891,0.0,0.4067841,0.4067841,0.0,0.0,0.0,0.54159683,1.288778,1.5569298,0.23423454,0.0,0.0,0.0,0.23423454,1.6895549,0.0,0.0,0.82092595,0.4067841,0.23423454,0.0,0.0,0.0,1.8797371,0.0,0.0,1.0929568,0.94862217,0.0,0.36612386,GSE155698,tumor
CELL_0981,1.8854916,1.3188239,0.0,0.7444607,1.1631484,0.0,0.0,0.0,0.92525214,1.9096696,0.0,0.7444607,0.47616562,0.0,0.47616562,1.8725903,0.0,0.0,0.0,0.0,0.0,0.47616562,0.0,2.558309,0.0,0.0,1.3188239,0.47616562,0.0,0.0,0.0,0.0,0.0,0.92525214,0.0,0.0,0.0,0.0,0.7444607,0.0,0.0,0.0,0.0,0.0,0.0,0.0,0.0,2.2338953,2.220892,0.0,0.0,0.0,0.0,0.44096962,GSE155698,tumor
CELL_0982,2.0301144,0.0,0.0,0.4774068,0.74471563,0.0,0.0,0.4774068,0.74471563,1.0566566,1.1599993,0.0,1.0566566,0.0,0.4774068,0.0,0.0,0.0,0.0,0.0,0.74471563,0.0,0.4774068,2.023084,0.0,0.0,1.0566566,1.2438953,0.0,0.4774068,0.0,0.74471563,1.3139707,0.74471563,0.0,0.0,0.0,0.4774068,0.0,0.0,0.0,0.0,2.0801978,0.0,0.4774068,0.0,0.0,1.3737842,0.4774068,0.0,1.8474395,0.0,0.0,0.8547185,GSE155698,tumor
CELL_0983,0.0,0.0,0.0,2.9121175,2.6816258,0.0,0.0,0.0,0.0,0.0,0.0,0.0,0.0,0.0,0.0,0.0,0.0,0.0,0.0,0.0,0.0,0.0,0.0,3.2709048,0.0,0.0,2.6816258,0.0,0.0,2.6816258,0.0,0.0,0.0,0.0,0.0,0.0,0.0,0.0,0.0,0.0,0.0,2.9121175,0.0,0.0,0.0,0.0,0.0,0.0,0.0,0.0,0.0,0.0,0.0,0.4687229,GSE155698,tumor
CELL_0984,1.016213,0.0,0.0,0.0,1.016213,0.0,0.0,0.0,1.016213,2.5147398,1.9938233,0.0,0.0,0.0,0.0,0.0,0.0,0.0,0.0,0.0,1.016213,0.0,1.7359838,2.270901,0.0,0.0,1.5927579,1.016213,0.0,1.016213,0.0,0.0,0.0,0.0,1.382036,0.0,0.0,0.0,2.4927316,0.0,0.0,1.382036,0.0,0.0,0.0,0.0,0.0,2.6650956,2.8491275,0.0,1.5927579,0.0,0.0,0.48376372,GSE155698,tumor
CELL_0985,1.3128424,0.0,0.0,1.5802028,2.0749354,0.0,0.0,0.8779549,0.0,1.8402811,0.8779549,0.0,0.0,0.0,1.7020576,2.2156646,0.0,0.0,0.58158714,0.0,0.0,0.58158714,0.0,2.4928434,0.0,0.0,2.4126954,0.0,0.0,2.5903635,0.0,1.8402811,1.6659149,0.58158714,0.0,0.0,0.0,1.3979741,0.0,0.58158714,0.0,1.7347428,0.58158714,0.0,0.0,0.0,0.0,1.9190447,1.0691456,0.0,1.2068897,0.0,0.0,0.65758795,GSE155698,tumor
CELL_0986,1.6658001,0.29184356,0.0,0.29184356,0.49332955,0.29184356,0.0,0.9441192,0.29184356,1.8570653,0.7639969,0.0,0.64451563,0.0,0.49332955,0.0,0.0,0.0,0.0,0.29184356,0.29184356,0.29184356,0.64451563,2.043366,0.0,0.0,1.130467,0.0,0.0,0.7639969,0.0,0.49332955,1.4170887,0.49332955,0.29184356,0.0,0.0,1.2621003,1.6395532,0.0,0.0,0.64451563,1.3314619,0.0,0.0,0.0,0.29184356,2.0886533,1.5958104,0.0,1.6658001,0.0,0.0,0.47165048,GSE155698,tumor
